"Relative Time (Process)","skilled-firefly-1 - system/gpu.0.gpu","skilled-firefly-1 - system/gpu.0.gpu__MIN","skilled-firefly-1 - system/gpu.0.gpu__MAX"
"17.099742","63","63","63"
"17.099742774","63","63","63"
"32.098432","97","97","97"
"32.0984327","97","97","97"
"47.101266","96","96","96"
"47.101266996","96","96","96"
"62.099535","63","63","63"
"62.09953554","63","63","63"
"77.099705","65","65","65"
"92.099834","93","93","93"
"92.099834269","93","93","93"
"107.099418","99","99","99"
"122.099755","95","95","95"
"122.099755286","95","95","95"
"137.099817","59","59","59"
"152.099474","99","99","99"
"167.099496","96","96","96"
"167.099496959","96","96","96"
"182.099429","73","73","73"
"182.099429254","73","73","73"
"197.098616","95","95","95"
"197.098616906","95","95","95"
"212.09952","96","96","96"
"212.09952065","96","96","96"
"227.099694","58","58","58"
"227.09969456","58","58","58"
"242.100449","88","88","88"
"242.100449225","88","88","88"
"257.09987","85","85","85"
"257.099870955","85","85","85"
"272.099128","99","99","99"
"272.099128522","99","99","99"
"287.099883","94","94","94"
"287.099883927","94","94","94"
"302.099076","76","76","76"
"302.09907682","76","76","76"
"317.099317","99","99","99"
"317.099317236","99","99","99"
"332.100144","96","96","96"
"332.100144966","96","96","96"
"347.099609","90","90","90"
"347.0996095","90","90","90"
"362.099864","99","99","99"
"362.099864285","99","99","99"
"377.099629","75","75","75"
"377.099629955","75","75","75"
"392.098527","88","88","88"
"392.098527104","88","88","88"
"407.100818","63","63","63"
"407.100818991","63","63","63"
"422.099363","99","99","99"
"422.099363241","99","99","99"
"437.101107","99","99","99"
"437.101107885","99","99","99"
"452.098774","96","96","96"
"452.098774362","96","96","96"
"467.099677","96","96","96"
"482.100144","51","51","51"
"482.100144838","51","51","51"
"497.100424","75","75","75"
"497.100424344","75","75","75"
"512.099458","99","99","99"
"512.099458673","99","99","99"
"527.098639","96","96","96"
"527.098639305","96","96","96"
"542.100354","86","86","86"
"542.100354708","86","86","86"
"557.099698","99","99","99"
"557.099698614","99","99","99"
"572.099923","87","87","87"
"572.099923123","87","87","87"
"587.099646","98","98","98"
"602.100699","77","77","77"
"602.100699306","77","77","77"
"617.10019","78","78","78"
"617.100190814","78","78","78"
"632.099845","99","99","99"
"632.099845363","99","99","99"
"647.099605","99","99","99"
"647.099605914","99","99","99"
"662.100389","83","83","83"
"677.100028","62","62","62"
"677.100028964","62","62","62"
"692.101098","99","99","99"
"692.101098808","99","99","99"
"707.099724","97","97","97"
"707.099724269","97","97","97"
"722.099877","96","96","96"
"722.099877609","96","96","96"
"737.098599","96","96","96"
"737.098599453","96","96","96"
"752.099994","64","64","64"
"752.099994422","64","64","64"
"767.100605","68","68","68"
"767.100605856","68","68","68"
"782.099825","99","99","99"
"782.09982524","99","99","99"
"797.099722","96","96","96"
"797.099722332","96","96","96"
"812.100245","62","62","62"
"812.10024577","62","62","62"
"827.099727","99","99","99"
"827.099727827","99","99","99"
"842.099201","96","96","96"
"842.09920112","96","96","96"
"857.099679","59","59","59"
"857.099679652","59","59","59"
"872.099969","99","99","99"
"872.099969051","99","99","99"
"887.100249","96","96","96"
"887.100249887","96","96","96"
"902.099248","96","96","96"
"902.099248366","96","96","96"
"917.100459","65","65","65"
"932.099216","99","99","99"
"932.099216177","99","99","99"
"947.09934","93","93","93"
"947.099340674","93","93","93"
"962.100109","80","80","80"
"962.100109731","80","80","80"
"977.100289","63","63","63"
"977.10028966","63","63","63"
"992.099762","99","99","99"
"992.099762442","99","99","99"
"1007.100567","96","96","96"
"1007.100567433","96","96","96"
"1022.099888","58","58","58"
"1022.099888751","58","58","58"
"1037.099812","99","99","99"
"1037.099812163","99","99","99"
"1052.098507","96","96","96"
"1052.098507154","96","96","96"
"1067.099152","96","96","96"
"1082.099661","61","61","61"
"1097.099615","90","90","90"
"1097.099615278","90","90","90"
"1112.099447","96","96","96"
"1112.099447983","96","96","96"
"1127.100264","74","74","74"
"1127.100264805","74","74","74"
"1142.0998","99","99","99"
"1142.099800611","99","99","99"
"1157.099544","96","96","96"
"1172.099682","63","63","63"
"1172.099682664","63","63","63"
"1187.09937","99","99","99"
"1187.099370185","99","99","99"
"1202.099095","94","94","94"
"1202.099095357","94","94","94"
"1217.098609","61","61","61"
"1217.098609327","61","61","61"
"1232.100634","96","96","96"
"1232.100634776","96","96","96"
"1247.098484","61","61","61"
"1247.098484179","61","61","61"
"1262.09958","99","99","99"
"1262.099580686","99","99","99"
"1277.099695","95","95","95"
"1277.099695217","95","95","95"
"1292.098227","56","56","56"
"1292.098227379","56","56","56"
"1307.100387","99","99","99"
"1307.100387285","99","99","99"
"1322.100982","96","96","96"
"1322.100982266","96","96","96"
"1337.09978","83","83","83"
"1337.099780823","83","83","83"
"1352.099146","99","99","99"
"1352.099146375","99","99","99"
"1367.100683","96","96","96"
"1367.10068355","96","96","96"
"1382.099293","79","79","79"
"1382.099293787","79","79","79"
"1397.098703","61","61","61"
"1412.100021","99","99","99"
"1427.100479","99","99","99"
"1442.099796","95","95","95"
"1442.099796689","95","95","95"
"1457.099143","91","91","91"
"1472.09858","61","61","61"
"1472.098580912","61","61","61"
"1487.100673","96","96","96"
"1487.100673223","96","96","96"
"1502.099857","99","99","99"
"1502.099857478","99","99","99"
"1517.09854","57","57","57"
"1532.100655","65","65","65"
"1547.100301","99","99","99"
"1547.100301648","99","99","99"
"1562.100222","80","80","80"
"1577.100215","99","99","99"
"1577.100215408","99","99","99"
"1592.098934","96","96","96"
"1607.100034","80","80","80"
"1607.100034356","80","80","80"
"1622.099021","63","63","63"
"1622.09902135","63","63","63"
"1637.100925","98","98","98"
"1637.100925558","98","98","98"
"1652.101117","99","99","99"
"1652.101117514","99","99","99"
"1667.101339","76","76","76"
"1667.101339617","76","76","76"
"1682.099475","80","80","80"
"1682.099475283","80","80","80"
"1697.100201","99","99","99"
"1697.100201931","99","99","99"
"1712.099875","96","96","96"
"1712.099875378","96","96","96"
"1727.100585","96","96","96"
"1727.100585866","96","96","96"
"1742.099444","80","80","80"
"1742.099444745","80","80","80"
"1757.099888","75","75","75"
"1757.099888442","75","75","75"
"1772.100528","85","85","85"
"1772.100528733","85","85","85"
"1787.099575","99","99","99"
"1787.099575374","99","99","99"
"1802.100005","96","96","96"
"1817.099284","60","60","60"
"1817.099284293","60","60","60"
"1832.101584","99","99","99"
"1832.101584393","99","99","99"
"1847.100152","96","96","96"
"1847.10015238","96","96","96"
"1862.098954","63","63","63"
"1862.098954326","63","63","63"
"1877.099756","99","99","99"
"1877.099756886","99","99","99"
"1892.099526","98","98","98"
"1892.099526175","98","98","98"
"1907.099676","61","61","61"
"1907.099676628","61","61","61"
"1922.099788","99","99","99"
"1922.099788786","99","99","99"
"1937.099221","96","96","96"
"1937.099221716","96","96","96"
"1952.098405","99","99","99"
"1952.098405606","99","99","99"
"1967.100113","96","96","96"
"1967.100113557","96","96","96"
"1982.098945","79","79","79"
"1982.098945377","79","79","79"
"1997.100038","60","60","60"
"1997.100038531","60","60","60"
"2012.100117","87","87","87"
"2012.100117373","87","87","87"
"2027.098607","99","99","99"
"2027.09860746","99","99","99"
"2042.099595","96","96","96"
"2042.099595842","96","96","96"
"2057.099789","99","99","99"
"2057.099789996","99","99","99"
"2072.099181","99","99","99"
"2072.099181748","99","99","99"
"2087.099911","59","59","59"
"2087.099911376","59","59","59"
"2102.098963","99","99","99"
"2102.098963778","99","99","99"
"2117.100093","96","96","96"
"2117.100093408","96","96","96"
"2132.098761","62","62","62"
"2147.100184","92","92","92"
"2147.100184401","92","92","92"
"2162.099679","99","99","99"
"2162.099679287","99","99","99"
"2177.099726","94","94","94"
"2177.099726241","94","94","94"
"2192.099191","63","63","63"
"2192.099191345","63","63","63"
"2207.100469","99","99","99"
"2207.10046963","99","99","99"
"2222.099625","96","96","96"
"2222.099625563","96","96","96"
"2237.099794","99","99","99"
"2237.099794916","99","99","99"
"2252.100009","96","96","96"
"2252.100009087","96","96","96"
"2267.099217","75","75","75"
"2267.09921716","75","75","75"
"2282.099885","92","92","92"
"2282.099885589","92","92","92"
"2297.099708","99","99","99"
"2297.099708947","99","99","99"
"2312.099604","96","96","96"
"2312.099604705","96","96","96"
"2327.102083","96","96","96"
"2327.102083848","96","96","96"
"2342.101601","59","59","59"
"2342.101601634","59","59","59"
"2357.099645","99","99","99"
"2357.099645579","99","99","99"
"2372.101255","99","99","99"
"2372.101255824","99","99","99"
"2387.09985","94","94","94"
"2387.099850143","94","94","94"
"2402.099797","97","97","97"
"2402.099797891","97","97","97"
"2417.100414","62","62","62"
"2417.100414311","62","62","62"
"2432.099568","97","97","97"
"2447.099853","99","99","99"
"2447.099853649","99","99","99"
"2462.099262","96","96","96"
"2462.099262635","96","96","96"
"2477.099559","96","96","96"
"2477.099559791","96","96","96"
"2492.099156","59","59","59"
"2492.099156424","59","59","59"
"2507.100324","80","80","80"
"2522.099892","99","99","99"
"2522.099892138","99","99","99"
"2537.099617","96","96","96"
"2537.099617938","96","96","96"
"2552.098217","59","59","59"
"2567.0998","98","98","98"
"2582.099546","94","94","94"
"2597.099929","93","93","93"
"2597.099929934","93","93","93"
"2612.099129","61","61","61"
"2612.099129745","61","61","61"
"2627.100219","82","82","82"
"2627.100219508","82","82","82"
"2642.099868","96","96","96"
"2642.099868247","96","96","96"
"2657.099623","97","97","97"
"2657.099623491","97","97","97"
"2672.099363","81","81","81"
"2672.099363242","81","81","81"
"2687.099366","99","99","99"
"2687.099366735","99","99","99"
"2702.099084","96","96","96"
"2702.099084495","96","96","96"
"2717.099941","62","62","62"
"2717.099941761","62","62","62"
"2732.099389","95","95","95"
"2732.099389408","95","95","95"
"2747.100279","88","88","88"
"2747.100279581","88","88","88"
"2762.099983","96","96","96"
"2762.099983823","96","96","96"
"2777.099386","69","69","69"
"2777.099386279","69","69","69"
"2792.099313","98","98","98"
"2792.099313759","98","98","98"
"2807.100484","99","99","99"
"2807.100484614","99","99","99"
"2822.099711","99","99","99"
"2822.099711897","99","99","99"
"2837.098677","65","65","65"
"2837.098677106","65","65","65"
"2852.099278","99","99","99"
"2852.099278689","99","99","99"
"2867.100191","96","96","96"
"2882.099378","64","64","64"
"2882.099378745","64","64","64"
"2897.100024","68","68","68"
"2897.100024159","68","68","68"
"2912.100284","99","99","99"
"2927.099792","96","96","96"
"2942.09963","58","58","58"
"2942.099630428","58","58","58"
"2957.099948","96","96","96"
"2957.099948689","96","96","96"
"2972.099374","59","59","59"
"2972.099374189","59","59","59"
"2987.100128","99","99","99"
"2987.100128745","99","99","99"
"3002.099527","96","96","96"
"3002.099527624","96","96","96"
"3017.100343","91","91","91"
"3017.100343451","91","91","91"
"3032.099468","83","83","83"
"3032.099468632","83","83","83"
"3047.099177","99","99","99"
"3047.099177299","99","99","99"
"3062.098578","99","99","99"
"3062.098578575","99","99","99"
"3077.100847","93","93","93"
"3077.10084753","93","93","93"
"3092.100285","96","96","96"
"3092.100285766","96","96","96"
"3107.099872","58","58","58"
"3107.099872965","58","58","58"
"3122.098553","85","85","85"
"3122.098553326","85","85","85"
"3137.099898","96","96","96"
"3152.100525","99","99","99"
"3152.100525878","99","99","99"
"3167.100281","96","96","96"
"3167.100281509","96","96","96"
"3182.099734","74","74","74"
"3197.100171","68","68","68"
"3197.100171306","68","68","68"
"3212.100497","99","99","99"
"3212.100497356","99","99","99"
"3227.099945","65","65","65"
"3227.099945613","65","65","65"
"3242.099006","99","99","99"
"3242.09900695","99","99","99"
"3257.101189","96","96","96"
"3257.101189144","96","96","96"
"3272.099628","64","64","64"
"3272.099628289","64","64","64"
"3287.099151","99","99","99"
"3287.099151967","99","99","99"
"3302.09903","96","96","96"
"3302.099030376","96","96","96"
"3317.100855","62","62","62"
"3317.100855232","62","62","62"
"3332.099625","99","99","99"
"3332.099625452","99","99","99"
"3347.099898","96","96","96"
"3347.099898819","96","96","96"
"3362.100017","59","59","59"
"3362.100017397","59","59","59"
"3377.099422","99","99","99"
"3377.09942291","99","99","99"
"3392.099997","99","99","99"
"3392.099997525","99","99","99"
"3407.099123","96","96","96"
"3407.099123611","96","96","96"
"3422.099785","95","95","95"
"3437.100085","69","69","69"
"3437.100085806","69","69","69"
"3452.100206","99","99","99"
"3452.100206188","99","99","99"
"3467.099733","95","95","95"
"3467.099733681","95","95","95"
"3482.100105","78","78","78"
"3482.100105933","78","78","78"
"3497.098413","96","96","96"
"3497.098413353","96","96","96"
"3512.099385","89","89","89"
"3512.09938597","89","89","89"
"3527.099963","81","81","81"
"3527.099963206","81","81","81"
"3542.099251","96","96","96"
"3542.099251713","96","96","96"
"3557.100033","99","99","99"
"3572.101185","97","97","97"
"3572.101185894","97","97","97"
"3587.100438","56","56","56"
"3587.100438454","56","56","56"
"3602.099477","99","99","99"
"3602.099477415","99","99","99"
"3617.099763","96","96","96"
"3617.099763828","96","96","96"
"3632.099879","55","55","55"
"3632.099879634","55","55","55"
"3647.099052","99","99","99"
"3647.099052675","99","99","99"
"3662.100412","95","95","95"
"3662.100412934","95","95","95"
"3677.10034","65","65","65"
"3677.100340838","65","65","65"
"3692.099074","96","96","96"
"3707.099739","78","78","78"
"3722.09907","86","86","86"
"3722.099070977","86","86","86"
"3737.099732","67","67","67"
"3737.099732767","67","67","67"
"3752.099764","99","99","99"
"3752.099764884","99","99","99"
"3767.098772","95","95","95"
"3767.098772912","95","95","95"
"3782.099086","69","69","69"
"3782.09908643","69","69","69"
"3797.098368","99","99","99"
"3797.098368808","99","99","99"
"3812.100611","94","94","94"
"3812.100611432","94","94","94"
"3827.100417","66","66","66"
"3827.100417763","66","66","66"
"3842.09966","81","81","81"
"3842.099660341","81","81","81"
"3857.099692","99","99","99"
"3857.099692803","99","99","99"
"3872.100079","63","63","63"
"3872.100079857","63","63","63"
"3887.099909","96","96","96"
"3887.099909326","96","96","96"
"3902.099596","64","64","64"
"3902.099596447","64","64","64"
"3917.099224","99","99","99"
"3932.098815","96","96","96"
"3932.098815268","96","96","96"
"3947.09998","61","61","61"
"3947.099980827","61","61","61"
"3962.099954","77","77","77"
"3962.099954493","77","77","77"
"3977.10011","99","99","99"
"3977.100110838","99","99","99"
"3992.098574","96","96","96"
"3992.09857486","96","96","96"
"4007.099401","81","81","81"
"4007.099401146","81","81","81"
"4022.099662","99","99","99"
"4022.099662587","99","99","99"
"4037.099564","7","7","7"
"4037.099564834","7","7","7"
"4052.099967","65","65","65"
"4052.099967203","65","65","65"
"4067.100265","99","99","99"
"4082.100202","99","99","99"
"4082.100202587","99","99","99"
"4097.099338","58","58","58"
"4097.099338694","58","58","58"
"4112.101062","85","85","85"
"4112.101062797","85","85","85"
"4127.102292","99","99","99"
"4142.099151","96","96","96"
"4142.099151262","96","96","96"
"4157.099545","58","58","58"
"4157.099545309","58","58","58"
"4172.099804","78","78","78"
"4172.099804373","78","78","78"
"4187.099461","99","99","99"
"4202.10012","95","95","95"
"4217.099467","99","99","99"
"4217.09946721","99","99","99"
"4232.098978","63","63","63"
"4247.100417","96","96","96"
"4247.100417286","96","96","96"
"4262.100426","95","95","95"
"4262.100426088","95","95","95"
"4277.099769","94","94","94"
"4292.099779","80","80","80"
"4307.099902","96","96","96"
"4307.099902873","96","96","96"
"4322.099645","96","96","96"
"4322.099645219","96","96","96"
"4337.098594","63","63","63"
"4337.098594914","63","63","63"
"4352.099374","99","99","99"
"4352.099374768","99","99","99"
"4367.10025","96","96","96"
"4367.100250924","96","96","96"
"4382.099987","96","96","96"
"4382.099987553","96","96","96"
"4397.098804","59","59","59"
"4397.098804855","59","59","59"
"4412.099455","99","99","99"
"4427.099687","96","96","96"
"4442.099653","64","64","64"
"4442.099653246","64","64","64"
"4457.098843","99","99","99"
"4457.098843825","99","99","99"
"4472.099327","96","96","96"
"4472.09932722","96","96","96"
"4487.098455","65","65","65"
"4487.098455585","65","65","65"
"4502.099767","90","90","90"
"4502.099767951","90","90","90"
"4517.100405","96","96","96"
"4517.100405503","96","96","96"
"4532.099552","86","86","86"
"4532.099552195","86","86","86"
"4547.099876","96","96","96"
"4547.099876206","96","96","96"
"4562.098957","66","66","66"
"4562.098957281","66","66","66"
"4577.099204","99","99","99"
"4577.099204467","99","99","99"
"4592.099529","96","96","96"
"4607.10046","99","99","99"
"4607.100460462","99","99","99"
"4622.09989","96","96","96"
"4622.099890648","96","96","96"
"4637.099936","92","92","92"
"4637.099936703","92","92","92"
"4652.098894","58","58","58"
"4652.098894598","58","58","58"
"4667.100227","99","99","99"
"4667.100227869","99","99","99"
"4682.099682","96","96","96"
"4697.09984","53","53","53"
"4697.099840992","53","53","53"
"4712.098782","64","64","64"
"4727.102019","70","70","70"
"4727.102019599","70","70","70"
"4742.099901","99","99","99"
"4742.099901236","99","99","99"
"4757.100179","96","96","96"
"4757.100179757","96","96","96"
"4772.100186","65","65","65"
"4772.100186333","65","65","65"
"4787.100016","96","96","96"
"4787.100016306","96","96","96"
"4802.100371","96","96","96"
"4802.100371962","96","96","96"
"4817.098538","65","65","65"
"4817.098538083","65","65","65"
"4832.09984","99","99","99"
"4832.099840795","99","99","99"
"4847.09955","96","96","96"
"4862.099745","99","99","99"
"4862.099745414","99","99","99"
"4877.100526","96","96","96"
"4877.100526299","96","96","96"
"4892.100292","58","58","58"
"4892.100292804","58","58","58"
"4907.099875","99","99","99"
"4907.099875971","99","99","99"
"4922.101302","96","96","96"
"4922.101302089","96","96","96"
"4937.09939","87","87","87"
"4937.099390474","87","87","87"
"4952.100285","87","87","87"
"4952.100285557","87","87","87"
"4967.099867","96","96","96"
"4967.099867592","96","96","96"
"4982.09939","64","64","64"
"4997.099483","96","96","96"
"4997.09948314","96","96","96"
"5012.099314","62","62","62"
"5012.099314407","62","62","62"
"5027.100119","65","65","65"
"5027.100119669","65","65","65"
"5042.099105","99","99","99"
"5042.099105948","99","99","99"
"5057.099708","99","99","99"
"5057.099708369","99","99","99"
"5072.099932","74","74","74"
"5087.098742","80","80","80"
"5087.098742246","80","80","80"
"5102.099965","96","96","96"
"5102.099965955","96","96","96"
"5117.099426","96","96","96"
"5117.099426784","96","96","96"
"5132.098717","89","89","89"
"5132.098717379","89","89","89"
"5147.100103","97","97","97"
"5147.100103247","97","97","97"
"5162.098711","79","79","79"
"5162.098711914","79","79","79"
"5177.100195","96","96","96"
"5177.10019505","96","96","96"
"5192.099987","96","96","96"
"5192.099987186","96","96","96"
"5207.100002","96","96","96"
"5207.100002862","96","96","96"
"5222.099713","66","66","66"
"5222.099713432","66","66","66"
"5237.099336","99","99","99"
"5237.099336118","99","99","99"
"5252.099928","96","96","96"
"5252.099928669","96","96","96"
"5267.09946","77","77","77"
"5282.099212","99","99","99"
"5282.099212055","99","99","99"
"5297.099247","96","96","96"
"5297.099247117","96","96","96"
"5312.100118","91","91","91"
"5312.100118707","91","91","91"
"5327.099108","65","65","65"
"5327.099108394","65","65","65"
"5342.100448","96","96","96"
"5342.10044849","96","96","96"
"5357.100414","99","99","99"
"5357.100414557","99","99","99"
"5372.099314","96","96","96"
"5372.099314345","96","96","96"
"5387.100051","66","66","66"
"5402.100436","99","99","99"
"5402.100436891","99","99","99"
"5417.099309","96","96","96"
"5417.099309511","96","96","96"
"5432.099721","65","65","65"
"5432.099721915","65","65","65"
"5447.099257","99","99","99"
"5462.099084","91","91","91"
"5462.099084263","91","91","91"
"5477.100475","76","76","76"
"5477.100475289","76","76","76"
"5492.100235","84","84","84"
"5492.100235147","84","84","84"
"5507.099827","98","98","98"
"5522.099681","29","29","29"
"5522.099681998","29","29","29"
"5537.099289","77","77","77"
"5537.099289872","77","77","77"
"5552.099867","79","79","79"
"5552.099867576","79","79","79"
"5567.099453","96","96","96"
"5567.099453618","96","96","96"
"5582.099122","84","84","84"
"5582.099122759","84","84","84"
"5597.099947","72","72","72"
"5597.099947801","72","72","72"
"5612.099528","96","96","96"
"5627.098821","95","95","95"
"5627.098821606","95","95","95"
"5642.100306","81","81","81"
"5642.100306428","81","81","81"
"5657.100105","96","96","96"
"5672.09973","63","63","63"
"5672.099730856","63","63","63"
"5687.099432","72","72","72"
"5687.099432496","72","72","72"
"5702.099255","96","96","96"
"5702.099255613","96","96","96"
"5717.099782","84","84","84"
"5717.099782317","84","84","84"
"5732.098961","99","99","99"
"5747.099033","96","96","96"
"5747.099033563","96","96","96"
"5762.099895","65","65","65"
"5762.099895989","65","65","65"
"5777.099486","99","99","99"
"5777.099486935","99","99","99"
"5792.100364","79","79","79"
"5792.100364189","79","79","79"
"5807.100617","76","76","76"
"5807.100617328","76","76","76"
"5822.10021","99","99","99"
"5822.100210661","99","99","99"
"5837.098484","95","95","95"
"5852.0999","78","78","78"
"5852.099900541","78","78","78"
"5867.099958","70","70","70"
"5882.100401","96","96","96"
"5882.100401736","96","96","96"
"5897.099575","59","59","59"
"5912.099895","99","99","99"
"5912.099895834","99","99","99"
"5927.099366","78","78","78"
"5927.099366769","78","78","78"
"5942.09941","99","99","99"
"5942.099410199","99","99","99"
"5957.099683","95","95","95"
"5972.098859","73","73","73"
"5972.09885946","73","73","73"
"5987.100261","92","92","92"
"5987.100261814","92","92","92"
"6002.099845","94","94","94"
"6002.099845531","94","94","94"
"6017.100368","93","93","93"
"6017.100368762","93","93","93"
"6032.099656","96","96","96"
"6032.099656517","96","96","96"
"6047.099954","80","80","80"
"6047.09995462","80","80","80"
"6062.100312","99","99","99"
"6062.100312107","99","99","99"
"6077.099151","65","65","65"
"6077.099151748","65","65","65"
"6092.09976","99","99","99"
"6092.099760255","99","99","99"
"6107.099942","99","99","99"
"6107.099942464","99","99","99"
"6122.10043","74","74","74"
"6122.100430687","74","74","74"
"6137.099722","84","84","84"
"6137.099722146","84","84","84"
"6152.100044","93","93","93"
"6167.100141","79","79","79"
"6167.100141283","79","79","79"
"6182.10038","95","95","95"
"6182.100380806","95","95","95"
"6197.100884","81","81","81"
"6197.100884978","81","81","81"
"6212.101477","99","99","99"
"6212.101477531","99","99","99"
"6227.102465","96","96","96"
"6227.102465073","96","96","96"
"6242.100536","61","61","61"
"6242.100536903","61","61","61"
"6257.099297","96","96","96"
"6257.099297296","96","96","96"
"6272.099153","59","59","59"
"6287.100355","99","99","99"
"6302.099895","92","92","92"
"6317.098584","58","58","58"
"6332.099205","99","99","99"
"6332.099205188","99","99","99"
"6347.099913","87","87","87"
"6362.099541","99","99","99"
"6362.099541284","99","99","99"
"6377.099671","96","96","96"
"6392.099599","62","62","62"
"6392.099599361","62","62","62"
"6407.099586","99","99","99"
"6407.099586649","99","99","99"
"6422.100291","96","96","96"
"6437.10016","96","96","96"
"6437.100160732","96","96","96"
"6452.099749","94","94","94"
"6467.099808","91","91","91"
"6482.09943","99","99","99"
"6482.099430244","99","99","99"
"6497.099465","96","96","96"
"6497.099465549","96","96","96"
"6512.100006","99","99","99"
"6512.100006593","99","99","99"
"6527.099364","96","96","96"
"6542.100505","85","85","85"
"6542.100505615","85","85","85"
"6557.099985","99","99","99"
"6557.099985551","99","99","99"
"6572.099317","96","96","96"
"6572.099317454","96","96","96"
"6587.099291","64","64","64"
"6587.099291622","64","64","64"
"6602.102002","99","99","99"
"6602.102002519","99","99","99"
"6617.099997","93","93","93"
"6617.099997525","93","93","93"
"6632.099778","99","99","99"
"6632.099778246","99","99","99"
"6647.100211","99","99","99"
"6647.100211439","99","99","99"
"6662.100253","96","96","96"
"6662.100253378","96","96","96"
"6677.099777","96","96","96"
"6677.099777339","96","96","96"
"6692.10012","62","62","62"
"6692.100120724","62","62","62"
"6707.099419","99","99","99"
"6707.099419689","99","99","99"
"6722.100003","96","96","96"
"6722.100003286","96","96","96"
"6737.099243","65","65","65"
"6737.099243458","65","65","65"
"6752.100615","99","99","99"
"6752.100615245","99","99","99"
"6767.099757","95","95","95"
"6767.09975768","95","95","95"
"6782.100154","66","66","66"
"6782.100154948","66","66","66"
"6797.100828","99","99","99"
"6797.100828306","99","99","99"
"6812.0996","96","96","96"
"6812.099600558","96","96","96"
"6827.099385","58","58","58"
"6827.099385341","58","58","58"
"6842.100151","99","99","99"
"6842.100151207","99","99","99"
"6857.09984","95","95","95"
"6857.099840815","95","95","95"
"6872.099849","62","62","62"
"6872.0998497","62","62","62"
"6887.099575","99","99","99"
"6887.099575743","99","99","99"
"6902.099939","95","95","95"
"6902.099939242","95","95","95"
"6917.101056","89","89","89"
"6932.099261","99","99","99"
"6932.099261363","99","99","99"
"6947.100045","96","96","96"
"6947.100045959","96","96","96"
"6962.098985","80","80","80"
"6962.098985636","80","80","80"
"6977.099518","99","99","99"
"6992.09964","61","61","61"
"6992.099640217","61","61","61"
"7007.100224","65","65","65"
"7007.10022451","65","65","65"
"7022.099134","99","99","99"
"7022.099134499","99","99","99"
"7037.0997","99","99","99"
"7037.099700396","99","99","99"
"7052.100063","65","65","65"
"7052.100063989","65","65","65"
"7067.09847","99","99","99"
"7067.098470118","99","99","99"
"7082.100107","99","99","99"
"7082.10010779","99","99","99"
"7097.099729","99","99","99"
"7097.099729786","99","99","99"
"7112.098839","96","96","96"
"7112.098839821","96","96","96"
"7127.099728","94","94","94"
"7127.099728252","94","94","94"
"7142.099861","99","99","99"
"7142.09986121","99","99","99"
"7157.099025","95","95","95"
"7157.099025244","95","95","95"
"7172.099323","99","99","99"
"7187.099683","89","89","89"
"7187.099683814","89","89","89"
"7202.099238","95","95","95"
"7202.099238391","95","95","95"
"7217.099527","99","99","99"
"7217.09952761","99","99","99"
"7232.099686","72","72","72"
"7232.099686125","72","72","72"
"7247.099313","96","96","96"
"7247.099313541","96","96","96"
"7262.099839","86","86","86"
"7262.099839797","86","86","86"
"7277.098517","99","99","99"
"7277.098517494","99","99","99"
"7292.098879","96","96","96"
"7292.098879392","96","96","96"
"7307.099988","84","84","84"
"7307.099988691","84","84","84"
"7322.098815","99","99","99"
"7322.098815689","99","99","99"
"7337.099848","96","96","96"
"7337.09984852","96","96","96"
"7352.100142","98","98","98"
"7367.099313","83","83","83"
"7367.099313974","83","83","83"
"7382.09958","96","96","96"
"7382.099580433","96","96","96"
"7397.099505","70","70","70"
"7412.100143","86","86","86"
"7412.100143893","86","86","86"
"7427.099323","96","96","96"
"7427.099323315","96","96","96"
"7442.100558","75","75","75"
"7442.100558276","75","75","75"
"7457.09858","99","99","99"
"7457.098580597","99","99","99"
"7472.099438","94","94","94"
"7472.099438829","94","94","94"
"7487.100161","62","62","62"
"7502.100181","99","99","99"
"7517.100025","96","96","96"
"7517.100025797","96","96","96"
"7532.099745","75","75","75"
"7532.099745895","75","75","75"
"7547.099429","99","99","99"
"7562.100119","95","95","95"
"7577.099489","64","64","64"
"7577.099489853","64","64","64"
"7592.100393","99","99","99"
"7592.100393505","99","99","99"
"7607.100264","96","96","96"
"7607.100264192","96","96","96"
"7622.100266","76","76","76"
"7622.100266468","76","76","76"
"7637.099946","96","96","96"
"7637.099946414","96","96","96"
"7652.099013","69","69","69"
"7652.099013639","69","69","69"
"7667.100618","90","90","90"
"7682.100803","90","90","90"
"7682.100803225","90","90","90"
"7697.100002","99","99","99"
"7697.100002634","99","99","99"
"7712.098833","84","84","84"
"7712.098833953","84","84","84"
"7727.09941","99","99","99"
"7727.099410408","99","99","99"
"7742.099969","90","90","90"
"7742.099969559","90","90","90"
"7757.099766","64","64","64"
"7757.099766629","64","64","64"
"7772.099242","99","99","99"
"7772.099242206","99","99","99"
"7787.100104","95","95","95"
"7787.100104857","95","95","95"
"7802.099002","61","61","61"
"7802.099002566","61","61","61"
"7817.099237","99","99","99"
"7817.099237952","99","99","99"
"7832.099774","96","96","96"
"7847.100171","96","96","96"
"7847.10017138","96","96","96"
"7862.099636","65","65","65"
"7862.099636268","65","65","65"
"7877.098496","99","99","99"
"7877.098496262","99","99","99"
"7892.099559","96","96","96"
"7892.099559551","96","96","96"
"7907.099526","90","90","90"
"7907.099526355","90","90","90"
"7922.099337","96","96","96"
"7922.099337479","96","96","96"
"7937.09928","64","64","64"
"7937.099280963","64","64","64"
"7952.098836","99","99","99"
"7952.098836298","99","99","99"
"7967.100184","96","96","96"
"7967.100184163","96","96","96"
"7982.099297","64","64","64"
"7982.099297481","64","64","64"
"7997.099527","99","99","99"
"8012.099125","99","99","99"
"8012.099125093","99","99","99"
"8027.102055","99","99","99"
"8027.102055736","99","99","99"
"8042.099611","76","76","76"
"8042.099611371","76","76","76"
"8057.100127","91","91","91"
"8057.10012717","91","91","91"
"8072.10035","95","95","95"
"8072.10035052","95","95","95"
"8087.099302","75","75","75"
"8087.099302792","75","75","75"
"8102.098465","99","99","99"
"8102.098465857","99","99","99"
"8117.099711","75","75","75"
"8117.09971153","75","75","75"
"8132.100059","87","87","87"
"8132.100059484","87","87","87"
"8147.100855","96","96","96"
"8147.100855401","96","96","96"
"8162.099701","65","65","65"
"8162.09970186","65","65","65"
"8177.099526","76","76","76"
"8177.099526043","76","76","76"
"8192.100598","92","92","92"
"8192.100598474","92","92","92"
"8207.09975","99","99","99"
"8207.099750216","99","99","99"
"8222.100312","87","87","87"
"8222.100312214","87","87","87"
"8237.099532","78","78","78"
"8237.099532459","78","78","78"
"8252.102312","96","96","96"
"8252.1023127","96","96","96"
"8267.099117","62","62","62"
"8282.099299","99","99","99"
"8282.099299077","99","99","99"
"8297.100338","78","78","78"
"8312.099628","63","63","63"
"8312.099628869","63","63","63"
"8327.099907","96","96","96"
"8327.099907388","96","96","96"
"8342.098965","99","99","99"
"8342.098965569","99","99","99"
"8357.099733","96","96","96"
"8357.09973356","96","96","96"
"8372.099963","52","52","52"
"8372.099963294","52","52","52"
"8387.099313","99","99","99"
"8402.099628","93","93","93"
"8402.099628889","93","93","93"
"8417.099747","63","63","63"
"8417.099747642","63","63","63"
"8432.100616","99","99","99"
"8432.100616916","99","99","99"
"8447.099307","94","94","94"
"8447.099307888","94","94","94"
"8462.099014","65","65","65"
"8462.099014421","65","65","65"
"8477.098841","96","96","96"
"8477.098841594","96","96","96"
"8492.099591","92","92","92"
"8507.100192","99","99","99"
"8507.100192662","99","99","99"
"8522.100157","54","54","54"
"8522.10015777","54","54","54"
"8537.100013","99","99","99"
"8552.100503","96","96","96"
"8552.100503273","96","96","96"
"8567.099956","60","60","60"
"8567.09995694","60","60","60"
"8582.099726","99","99","99"
"8582.099726455","99","99","99"
"8597.099219","91","91","91"
"8597.099219244","91","91","91"
"8612.099287","61","61","61"
"8627.099367","99","99","99"
"8627.099367932","99","99","99"
"8642.099821","65","65","65"
"8642.099821749","65","65","65"
"8657.099386","99","99","99"
"8657.099386717","99","99","99"
"8672.099397","80","80","80"
"8672.099397298","80","80","80"
"8687.098995","99","99","99"
"8687.098995488","99","99","99"
"8702.099465","78","78","78"
"8702.09946506","78","78","78"
"8717.099579","99","99","99"
"8717.099579775","99","99","99"
"8732.098769","99","99","99"
"8732.098769613","99","99","99"
"8747.100109","72","72","72"
"8747.100109806","72","72","72"
"8762.099247","96","96","96"
"8762.099247388","96","96","96"
"8777.09979","87","87","87"
"8792.099374","99","99","99"
"8807.099307","96","96","96"
"8807.099307946","96","96","96"
"8822.100005","76","76","76"
"8822.100005751","76","76","76"
"8837.099366","96","96","96"
"8837.099366885","96","96","96"
"8852.099396","99","99","99"
"8852.099396129","99","99","99"
"8867.099193","91","91","91"
"8882.099791","63","63","63"
"8882.099791523","63","63","63"
"8897.100955","61","61","61"
"8897.100955685","61","61","61"
"8912.099276","99","99","99"
"8912.099276818","99","99","99"
"8927.099709","99","99","99"
"8927.099709481","99","99","99"
"8942.099295","90","90","90"
"8942.099295311","90","90","90"
"8957.100163","71","71","71"
"8957.100163522","71","71","71"
"8972.101773","99","99","99"
"8972.101773802","99","99","99"
"8987.100111","96","96","96"
"8987.100111427","96","96","96"
"9002.099884","95","95","95"
"9017.099502","79","79","79"
"9017.099502281","79","79","79"
"9032.099363","98","98","98"
"9032.099363819","98","98","98"
"9047.100119","95","95","95"
"9062.100373","73","73","73"
"9077.100638","99","99","99"
"9077.100638685","99","99","99"
"9092.09962","87","87","87"
"9092.099620754","87","87","87"
"9107.099215","85","85","85"
"9107.099215177","85","85","85"
"9122.099183","99","99","99"
"9137.100671","96","96","96"
"9137.100671598","96","96","96"
"9152.100218","72","72","72"
"9152.100218228","72","72","72"
"9167.100581","99","99","99"
"9167.100581634","99","99","99"
"9182.099755","72","72","72"
"9182.099755832","72","72","72"
"9197.100009","68","68","68"
"9197.100009119","68","68","68"
"9212.099898","99","99","99"
"9212.099898826","99","99","99"
"9227.099132","93","93","93"
"9227.099132569","93","93","93"
"9242.100356","56","56","56"
"9242.100356855","56","56","56"
"9257.099964","99","99","99"
"9257.099964701","99","99","99"
"9272.099878","96","96","96"
"9272.099878382","96","96","96"
"9287.1","76","76","76"
"9287.100000359","76","76","76"
"9302.099907","99","99","99"
"9302.099907813","99","99","99"
"9317.0994","99","99","99"
"9332.099835","96","96","96"
"9332.099835567","96","96","96"
"9347.100198","99","99","99"
"9347.100198462","99","99","99"
"9362.099281","60","60","60"
"9377.099275","95","95","95"
"9377.099275591","95","95","95"
"9392.099092","98","98","98"
"9392.099092978","98","98","98"
"9407.099582","86","86","86"
"9407.09958215","86","86","86"
"9422.100524","99","99","99"
"9422.100524551","99","99","99"
"9437.099069","96","96","96"
"9437.09906988","96","96","96"
"9452.098644","64","64","64"
"9452.098644745","64","64","64"
"9467.099469","86","86","86"
"9467.099469916","86","86","86"
"9482.100014","96","96","96"
"9482.100014532","96","96","96"
"9497.099654","96","96","96"
"9497.099654433","96","96","96"
"9512.099712","96","96","96"
"9512.099712552","96","96","96"
"9527.099299","75","75","75"
"9527.09929971","75","75","75"
"9542.100236","99","99","99"
"9542.100236905","99","99","99"
"9557.100098","75","75","75"
"9557.100098965","75","75","75"
"9572.099031","99","99","99"
"9572.099031197","99","99","99"
"9587.100108","96","96","96"
"9587.10010824","96","96","96"
"9602.099874","64","64","64"
"9602.099874616","64","64","64"
"9617.099288","99","99","99"
"9632.099747","95","95","95"
"9632.099747342","95","95","95"
"9647.100042","69","69","69"
"9647.10004232","69","69","69"
"9662.099979","68","68","68"
"9662.099979807","68","68","68"
"9677.099658","99","99","99"
"9677.099658559","99","99","99"
"9692.09947","95","95","95"
"9707.099565","66","66","66"
"9707.09956546","66","66","66"
"9722.099372","99","99","99"
"9722.099372464","99","99","99"
"9737.099558","99","99","99"
"9737.099558876","99","99","99"
"9752.099794","84","84","84"
"9752.099794819","84","84","84"
"9767.099185","66","66","66"
"9767.099185285","66","66","66"
"9782.098321","99","99","99"
"9782.098321135","99","99","99"
"9797.099999","99","99","99"
"9812.099255","84","84","84"
"9827.099603","59","59","59"
"9827.099603869","59","59","59"
"9842.099702","76","76","76"
"9842.099702683","76","76","76"
"9857.099507","99","99","99"
"9857.099507951","99","99","99"
"9872.099813","96","96","96"
"9872.099813151","96","96","96"
"9887.100624","72","72","72"
"9887.10062421","72","72","72"
"9902.100451","99","99","99"
"9902.100451236","99","99","99"
"9917.099955","89","89","89"
"9917.099955732","89","89","89"
"9932.099513","99","99","99"
"9932.099513501","99","99","99"
"9947.100076","86","86","86"
"9947.100076844","86","86","86"
"9962.100457","99","99","99"
"9962.100457644","99","99","99"
"9977.099519","62","62","62"
"9992.099958","49","49","49"
"9992.099958128","49","49","49"
"10007.100099","83","83","83"
"10007.100099404","83","83","83"
"10022.099732","94","94","94"
"10022.099732212","94","94","94"
"10037.100067","78","78","78"
"10037.100067338","78","78","78"
"10052.101021","65","65","65"
"10052.101021868","65","65","65"
"10067.099769","94","94","94"
"10067.099769425","94","94","94"
"10082.099983","99","99","99"
"10082.099983983","99","99","99"
"10097.099461","78","78","78"
"10097.099461425","78","78","78"
"10112.100335","95","95","95"
"10112.100335535","95","95","95"
"10127.100278","80","80","80"
"10127.100278381","80","80","80"
"10142.099824","76","76","76"
"10142.099824873","76","76","76"
"10157.100501","65","65","65"
"10157.100501358","65","65","65"
"10172.099198","99","99","99"
"10187.101757","96","96","96"
"10187.101757209","96","96","96"
"10202.098728","65","65","65"
"10202.098728873","65","65","65"
"10217.099287","99","99","99"
"10217.099287901","99","99","99"
"10232.099365","99","99","99"
"10232.099365976","99","99","99"
"10247.099693","99","99","99"
"10247.099693511","99","99","99"
"10262.099811","72","72","72"
"10262.099811792","72","72","72"
"10277.099712","99","99","99"
"10277.099712296","99","99","99"
"10292.100301","78","78","78"
"10292.100301913","78","78","78"
"10307.099328","87","87","87"
"10307.099328645","87","87","87"
"10322.099333","96","96","96"
"10322.09933321","96","96","96"
"10337.099278","99","99","99"
"10337.099278411","99","99","99"
"10352.099549","82","82","82"
"10352.09954991","82","82","82"
"10367.099917","93","93","93"
"10367.099917242","93","93","93"
"10382.098327","99","99","99"
"10382.098327711","99","99","99"
"10397.099518","96","96","96"
"10397.099518308","96","96","96"
"10412.09982","62","62","62"
"10412.099820695","62","62","62"
"10427.098721","99","99","99"
"10427.098721955","99","99","99"
"10442.099497","96","96","96"
"10442.0994979","96","96","96"
"10457.099352","71","71","71"
"10472.099581","96","96","96"
"10472.099581582","96","96","96"
"10487.099395","99","99","99"
"10487.099395499","99","99","99"
"10502.099649","79","79","79"
"10502.099649433","79","79","79"
"10517.099772","99","99","99"
"10517.099772115","99","99","99"
"10532.100213","99","99","99"
"10547.100037","63","63","63"
"10547.100037419","63","63","63"
"10562.099735","99","99","99"
"10562.099735954","99","99","99"
"10577.10018","99","99","99"
"10577.100180274","99","99","99"
"10592.100101","62","62","62"
"10607.099992","99","99","99"
"10607.099992907","99","99","99"
"10622.100383","96","96","96"
"10622.100383798","96","96","96"
"10637.098994","96","96","96"
"10637.098994731","96","96","96"
"10652.099788","70","70","70"
"10652.099788367","70","70","70"
"10667.099698","79","79","79"
"10667.099698349","79","79","79"
"10682.099239","99","99","99"
"10682.099239849","99","99","99"
"10697.09926","96","96","96"
"10697.099260619","96","96","96"
"10712.099312","61","61","61"
"10712.099312588","61","61","61"
"10727.099501","99","99","99"
"10727.099501283","99","99","99"
"10742.098119","95","95","95"
"10742.098119936","95","95","95"
"10757.101424","63","63","63"
"10772.099744","99","99","99"
"10772.099744647","99","99","99"
"10787.099781","96","96","96"
"10787.099781615","96","96","96"
"10802.099859","68","68","68"
"10802.099859511","68","68","68"
"10817.100189","99","99","99"
"10817.100189427","99","99","99"
"10832.101274","60","60","60"
"10832.101274937","60","60","60"
"10847.099169","99","99","99"
"10847.099169321","99","99","99"
"10862.099112","96","96","96"
"10862.099112185","96","96","96"
"10877.099968","59","59","59"
"10877.099968954","59","59","59"
"10892.100506","99","99","99"
"10907.099839","96","96","96"
"10907.099839893","96","96","96"
"10922.09891","96","96","96"
"10922.098910366","96","96","96"
"10937.100485","99","99","99"
"10952.100525","99","99","99"
"10952.100525653","99","99","99"
"10967.099165","73","73","73"
"10967.099165624","73","73","73"
"10982.100787","81","81","81"
"10982.100787479","81","81","81"
"10997.099438","62","62","62"
"10997.099438876","62","62","62"
"11012.099683","99","99","99"
"11012.099683378","99","99","99"
"11027.099867","94","94","94"
"11027.09986751","94","94","94"
"11042.100644","99","99","99"
"11042.100644752","99","99","99"
"11057.099911","95","95","95"
"11057.099911855","95","95","95"
"11072.099692","90","90","90"
"11072.099692508","90","90","90"
"11087.101057","86","86","86"
"11102.099158","99","99","99"
"11102.099158936","99","99","99"
"11117.099296","74","74","74"
"11132.100306","88","88","88"
"11132.100306921","88","88","88"
"11147.099559","96","96","96"
"11147.099559275","96","96","96"
"11162.100046","96","96","96"
"11162.100046215","96","96","96"
"11177.099748","84","84","84"
"11177.099748423","84","84","84"
"11192.099847","80","80","80"
"11192.099847915","80","80","80"
"11207.099728","99","99","99"
"11207.099728856","99","99","99"
"11222.099699","91","91","91"
"11222.099699797","91","91","91"
"11237.099632","99","99","99"
"11237.099632163","99","99","99"
"11252.100421","96","96","96"
"11252.100421528","96","96","96"
"11267.101471","76","76","76"
"11267.101471518","76","76","76"
"11282.099216","99","99","99"
"11282.099216528","99","99","99"
"11297.099173","90","90","90"
"11297.099173475","90","90","90"
"11312.09851","64","64","64"
"11312.098510152","64","64","64"
"11327.099375","59","59","59"
"11327.09937596","59","59","59"
"11342.09932","99","99","99"
"11342.099320055","99","99","99"
"11357.09938","96","96","96"
"11372.098378","67","67","67"
"11372.098378871","67","67","67"
"11387.100765","92","92","92"
"11387.100765521","92","92","92"
"11402.099901","75","75","75"
"11402.099901938","75","75","75"
"11417.100545","94","94","94"
"11417.100545503","94","94","94"
"11432.100502","64","64","64"
"11432.100502381","64","64","64"
"11447.098741","99","99","99"
"11447.098741606","99","99","99"
"11462.099559","96","96","96"
"11462.099559342","96","96","96"
"11477.100173","58","58","58"
"11477.100173536","58","58","58"
"11492.099539","69","69","69"
"11492.099539642","69","69","69"
"11507.098723","99","99","99"
"11507.098723161","99","99","99"
"11522.100184","87","87","87"
"11522.100184981","87","87","87"
"11537.100218","89","89","89"
"11537.100218875","89","89","89"
"11552.099936","96","96","96"
"11552.099936879","96","96","96"
"11567.09993","73","73","73"
"11567.099930832","73","73","73"
"11582.100462","99","99","99"
"11582.100462295","99","99","99"
"11597.100086","95","95","95"
"11597.100086199","95","95","95"
"11612.100003","81","81","81"
"11612.100003618","81","81","81"
"11627.100307","94","94","94"
"11642.099935","70","70","70"
"11657.100187","77","77","77"
"11657.100187586","77","77","77"
"11672.100081","99","99","99"
"11672.100081841","99","99","99"
"11687.099994","93","93","93"
"11687.099994848","93","93","93"
"11702.100378","63","63","63"
"11717.10092","99","99","99"
"11732.09932","96","96","96"
"11732.09932061","96","96","96"
"11747.099555","74","74","74"
"11747.099555922","74","74","74"
"11762.098936","97","97","97"
"11762.098936652","97","97","97"
"11777.100174","99","99","99"
"11777.100174949","99","99","99"
"11792.100274","85","85","85"
"11792.100274608","85","85","85"
"11807.099184","95","95","95"
"11822.099221","99","99","99"
"11822.099221202","99","99","99"
"11837.100024","74","74","74"
"11837.100024455","74","74","74"
"11852.099256","99","99","99"
"11852.099256687","99","99","99"
"11867.099785","95","95","95"
"11867.099785509","95","95","95"
"11882.099217","62","62","62"
"11882.099217918","62","62","62"
"11897.099223","99","99","99"
"11897.09922358","99","99","99"
"11912.099918","97","97","97"
"11912.099918961","97","97","97"
"11927.10004","72","72","72"
"11927.100040091","72","72","72"
"11942.102013","99","99","99"
"11942.102013967","99","99","99"
"11957.099451","72","72","72"
"11957.099451267","72","72","72"
"11972.098678","94","94","94"
"11972.098678281","94","94","94"
"11987.098743","62","62","62"
"11987.098743553","62","62","62"
"12002.099787","87","87","87"
"12017.099343","99","99","99"
"12032.099454","96","96","96"
"12032.099454071","96","96","96"
"12047.099876","61","61","61"
"12047.099876998","61","61","61"
"12062.100387","99","99","99"
"12062.10038787","99","99","99"
"12077.099672","96","96","96"
"12077.099672444","96","96","96"
"12092.099809","60","60","60"
"12092.09980911","60","60","60"
"12107.099507","99","99","99"
"12107.099507831","99","99","99"
"12122.100007","62","62","62"
"12122.100007318","62","62","62"
"12137.100897","99","99","99"
"12137.100897892","99","99","99"
"12152.10159","99","99","99"
"12152.101590993","99","99","99"
"12167.099789","95","95","95"
"12167.099789152","95","95","95"
"12182.100139","57","57","57"
"12182.10013965","57","57","57"
"12197.100615","99","99","99"
"12197.100615763","99","99","99"
"12212.098484","96","96","96"
"12227.09968","61","61","61"
"12227.099680859","61","61","61"
"12242.099816","99","99","99"
"12242.099816429","99","99","99"
"12257.100216","96","96","96"
"12257.100216167","96","96","96"
"12272.099437","95","95","95"
"12287.098863","96","96","96"
"12302.099639","90","90","90"
"12302.099639351","90","90","90"
"12317.100067","99","99","99"
"12317.100067685","99","99","99"
"12332.099904","63","63","63"
"12347.099562","99","99","99"
"12347.099562623","99","99","99"
"12362.100007","94","94","94"
"12362.100007339","94","94","94"
"12377.099755","99","99","99"
"12392.099417","92","92","92"
"12392.099417471","92","92","92"
"12407.099459","65","65","65"
"12407.099459451","65","65","65"
"12422.099861","99","99","99"
"12422.09986175","99","99","99"
"12437.099537","99","99","99"
"12437.099537793","99","99","99"
"12452.100039","85","85","85"
"12452.100039477","85","85","85"
"12467.100369","99","99","99"
"12467.100369885","99","99","99"
"12482.099252","93","93","93"
"12482.099252548","93","93","93"
"12497.099105","62","62","62"
"12497.099105455","62","62","62"
"12512.100247","99","99","99"
"12512.100247158","99","99","99"
"12527.099983","96","96","96"
"12527.099983882","96","96","96"
"12542.098582","61","61","61"
"12542.098582458","61","61","61"
"12557.099813","99","99","99"
"12557.099813452","99","99","99"
"12572.100207","96","96","96"
"12572.100207512","96","96","96"
"12587.10183","68","68","68"
"12587.101830255","68","68","68"
"12602.100167","99","99","99"
"12617.100034","96","96","96"
"12617.1000345","96","96","96"
"12632.099717","86","86","86"
"12632.099717671","86","86","86"
"12647.101657","99","99","99"
"12647.101657989","99","99","99"
"12662.101446","99","99","99"
"12662.101446968","99","99","99"
"12677.098834","91","91","91"
"12677.098834311","91","91","91"
"12692.099346","82","82","82"
"12692.099346873","82","82","82"
"12707.099689","94","94","94"
"12722.099418","65","65","65"
"12722.099418277","65","65","65"
"12737.099864","99","99","99"
"12737.099864643","99","99","99"
"12752.099633","96","96","96"
"12752.099633137","96","96","96"
"12767.099874","62","62","62"
"12767.099874422","62","62","62"
"12782.100715","99","99","99"
"12782.100715108","99","99","99"
"12797.098913","96","96","96"
"12797.09891392","96","96","96"
"12812.099824","87","87","87"
"12812.099824166","87","87","87"
"12827.099648","63","63","63"
"12827.099648677","63","63","63"
"12842.099389","99","99","99"
"12842.099389616","99","99","99"
"12857.09973","65","65","65"
"12857.099730332","65","65","65"
"12872.099941","90","90","90"
"12872.099941768","90","90","90"
"12887.099386","99","99","99"
"12887.099386257","99","99","99"
"12902.099946","81","81","81"
"12902.099946141","81","81","81"
"12917.09855","99","99","99"
"12917.098550959","99","99","99"
"12932.100467","88","88","88"
"12947.100026","64","64","64"
"12947.100026877","64","64","64"
"12962.099096","99","99","99"
"12962.099096299","99","99","99"
"12977.099112","96","96","96"
"12977.099112822","96","96","96"
"12992.100161","94","94","94"
"13007.099873","99","99","99"
"13007.099873269","99","99","99"
"13022.099579","65","65","65"
"13022.09957967","65","65","65"
"13037.099224","96","96","96"
"13037.099224774","96","96","96"
"13052.100136","95","95","95"
"13052.100136988","95","95","95"
"13067.099254","86","86","86"
"13067.099254777","86","86","86"
"13082.099656","99","99","99"
"13082.099656764","99","99","99"
"13097.099926","96","96","96"
"13097.099926538","96","96","96"
"13112.099709","64","64","64"
"13112.099709547","64","64","64"
"13127.101101","99","99","99"
"13127.101101173","99","99","99"
"13142.101487","96","96","96"
"13142.101487441","96","96","96"
"13157.100771","99","99","99"
"13172.099511","96","96","96"
"13172.099511788","96","96","96"
"13187.099271","62","62","62"
"13187.099271491","62","62","62"
"13202.100159","99","99","99"
"13202.100159239","99","99","99"
"13217.099696","96","96","96"
"13232.099034","98","98","98"
"13232.099034615","98","98","98"
"13247.100513","96","96","96"
"13247.100513237","96","96","96"
"13262.099331","96","96","96"
"13262.099331125","96","96","96"
"13277.098564","80","80","80"
"13277.098564108","80","80","80"
"13292.100164","99","99","99"
"13292.100164227","99","99","99"
"13307.099278","99","99","99"
"13307.099278945","99","99","99"
"13322.099718","63","63","63"
"13322.099718253","63","63","63"
"13337.099677","99","99","99"
"13337.099677577","99","99","99"
"13352.099669","96","96","96"
"13352.099669698","96","96","96"
"13367.0996","85","85","85"
"13367.099600393","85","85","85"
"13382.099466","99","99","99"
"13397.099044","99","99","99"
"13397.099044434","99","99","99"
"13412.099878","68","68","68"
"13412.099878766","68","68","68"
"13427.099977","99","99","99"
"13427.099977922","99","99","99"
"13442.098939","99","99","99"
"13442.098939934","99","99","99"
"13457.099973","96","96","96"
"13457.099973303","96","96","96"
"13472.100561","57","57","57"
"13472.100561761","57","57","57"
"13487.099969","76","76","76"
"13487.099969144","76","76","76"
"13502.099122","95","95","95"
"13502.099122306","95","95","95"
"13517.098689","99","99","99"
"13517.098689481","99","99","99"
"13532.099928","99","99","99"
"13532.099928424","99","99","99"
"13547.100243","65","65","65"
"13547.100243948","65","65","65"
"13562.099564","99","99","99"
"13577.09975","93","93","93"
"13577.099750724","93","93","93"
"13592.09984","85","85","85"
"13592.099840828","85","85","85"
"13607.099054","95","95","95"
"13607.099054271","95","95","95"
"13622.099849","99","99","99"
"13622.099849603","99","99","99"
"13637.100225","85","85","85"
"13652.099572","99","99","99"
"13652.099572994","99","99","99"
"13667.099551","99","99","99"
"13667.099551248","99","99","99"
"13682.099546","95","95","95"
"13697.099937","76","76","76"
"13697.099937622","76","76","76"
"13712.099524","92","92","92"
"13712.099524479","92","92","92"
"13727.099253","96","96","96"
"13727.099253345","96","96","96"
"13742.099827","83","83","83"
"13742.099827941","83","83","83"
"13757.099587","92","92","92"
"13772.099984","94","94","94"
"13787.1001","59","59","59"
"13787.100100796","59","59","59"
"13802.099769","99","99","99"
"13802.099769648","99","99","99"
"13817.099722","99","99","99"
"13817.099722503","99","99","99"
"13832.098593","99","99","99"
"13832.098593459","99","99","99"
"13847.099937","96","96","96"
"13847.099937993","96","96","96"
"13862.0997","64","64","64"
"13862.099700796","64","64","64"
"13877.099166","99","99","99"
"13877.099166037","99","99","99"
"13892.099605","96","96","96"
"13892.09960566","96","96","96"
"13907.099825","59","59","59"
"13907.099825086","59","59","59"
"13922.099838","99","99","99"
"13922.099838557","99","99","99"
"13937.10041","96","96","96"
"13937.100410516","96","96","96"
"13952.099485","75","75","75"
"13952.09948571","75","75","75"
"13967.099919","99","99","99"
"13967.099919498","99","99","99"
"13982.100102","96","96","96"
"13982.100102831","96","96","96"
"13997.099243","94","94","94"
"13997.099243744","94","94","94"
"14012.099547","57","57","57"
"14012.099547819","57","57","57"
"14027.099605","89","89","89"
"14027.099605731","89","89","89"
"14042.098772","99","99","99"
"14042.09877219","99","99","99"
"14057.100118","96","96","96"
"14057.100118856","96","96","96"
"14072.099598","59","59","59"
"14072.099598106","59","59","59"
"14087.099589","94","94","94"
"14087.099589958","94","94","94"
"14102.099283","96","96","96"
"14102.099283391","96","96","96"
"14117.099866","60","60","60"
"14117.099866674","60","60","60"
"14132.099709","99","99","99"
"14132.099709574","99","99","99"
"14147.101076","96","96","96"
"14147.101076887","96","96","96"
"14162.099488","96","96","96"
"14177.09996","63","63","63"
"14177.099960375","63","63","63"
"14192.101368","99","99","99"
"14192.10136827","99","99","99"
"14207.098593","94","94","94"
"14207.098593225","94","94","94"
"14222.100122","78","78","78"
"14222.100122633","78","78","78"
"14237.099821","68","68","68"
"14252.099038","96","96","96"
"14252.099038435","96","96","96"
"14267.099693","86","86","86"
"14267.099693412","86","86","86"
"14282.09847","99","99","99"
"14282.098470795","99","99","99"
"14297.100304","79","79","79"
"14297.100304725","79","79","79"
"14312.099538","75","75","75"
"14312.099538731","75","75","75"
"14327.100336","99","99","99"
"14342.099583","96","96","96"
"14342.099583696","96","96","96"
"14357.098651","95","95","95"
"14357.098651407","95","95","95"
"14372.099769","86","86","86"
"14387.099547","96","96","96"
"14387.099547203","96","96","96"
"14402.100239","66","66","66"
"14402.10023985","66","66","66"
"14417.100495","97","97","97"
"14417.100495749","97","97","97"
"14432.099175","99","99","99"
"14432.099175435","99","99","99"
"14447.098772","96","96","96"
"14447.098772936","96","96","96"
"14462.099994","60","60","60"
"14462.099994305","60","60","60"
"14477.099998","99","99","99"
"14492.100169","99","99","99"
"14492.100169432","99","99","99"
"14507.09848","99","99","99"
"14507.098480703","99","99","99"
"14522.100496","70","70","70"
"14522.10049663","70","70","70"
"14537.099051","99","99","99"
"14552.099289","99","99","99"
"14552.099289861","99","99","99"
"14567.101302","72","72","72"
"14567.101302396","72","72","72"
"14582.09938","99","99","99"
"14582.099380669","99","99","99"
"14597.101693","96","96","96"
"14597.101693985","96","96","96"
"14612.098947","99","99","99"
"14612.098947424","99","99","99"
"14627.09958","67","67","67"
"14642.10026","99","99","99"
"14657.099944","99","99","99"
"14672.099289","96","96","96"
"14672.099289576","96","96","96"
"14687.099602","79","79","79"
"14687.099602196","79","79","79"
"14702.099931","96","96","96"
"14702.099931695","96","96","96"
"14717.098686","89","89","89"
"14717.098686096","89","89","89"
"14732.099567","99","99","99"
"14732.099567313","99","99","99"
"14747.100216","96","96","96"
"14747.100216496","96","96","96"
"14762.099921","66","66","66"
"14777.100285","99","99","99"
"14792.099662","96","96","96"
"14792.099662628","96","96","96"
"14807.099406","69","69","69"
"14807.099406576","69","69","69"
"14822.098432","87","87","87"
"14822.098432541","87","87","87"
"14837.099654","95","95","95"
"14837.0996544","95","95","95"
"14852.099111","99","99","99"
"14852.099111887","99","99","99"
"14867.099434","96","96","96"
"14867.099434987","96","96","96"
"14882.100333","99","99","99"
"14882.100333563","99","99","99"
"14897.098985","96","96","96"
"14897.098985538","96","96","96"
"14912.098498","63","63","63"
"14912.098498874","63","63","63"
"14927.099581","99","99","99"
"14927.09958129","99","99","99"
"14942.099946","96","96","96"
"14942.09994616","96","96","96"
"14957.098428","58","58","58"
"14957.09842899","58","58","58"
"14972.100127","94","94","94"
"14972.100127164","94","94","94"
"14987.100142","99","99","99"
"14987.100142535","99","99","99"
"15002.100072","98","98","98"
"15002.100072852","98","98","98"
"15017.099412","69","69","69"
"15032.099465","99","99","99"
"15032.099465521","99","99","99"
"15047.100518","99","99","99"
"15047.100518211","99","99","99"
"15062.099095","61","61","61"
"15062.099095545","61","61","61"
"15077.100405","92","92","92"
"15077.100405517","92","92","92"
"15092.099711","96","96","96"
"15092.09971151","96","96","96"
"15107.099672","99","99","99"
"15107.099672207","99","99","99"
"15122.098538","63","63","63"
"15122.098538796","63","63","63"
"15137.100047","99","99","99"
"15137.100047863","99","99","99"
"15152.100373","93","93","93"
"15152.100373512","93","93","93"
"15167.100121","63","63","63"
"15167.100121585","63","63","63"
"15182.10036","95","95","95"
"15182.100360486","95","95","95"
"15197.101935","96","96","96"
"15197.101935728","96","96","96"
"15212.09961","94","94","94"
"15212.099610836","94","94","94"
"15227.099874","70","70","70"
"15227.099874884","70","70","70"
"15242.099604","96","96","96"
"15257.100142","76","76","76"
"15257.100142588","76","76","76"
"15272.099679","96","96","96"
"15272.099679531","96","96","96"
"15287.099781","96","96","96"
"15287.099781933","96","96","96"
"15302.099281","57","57","57"
"15302.099281438","57","57","57"
"15317.100011","99","99","99"
"15317.100011735","99","99","99"
"15332.099368","99","99","99"
"15332.099368487","99","99","99"
"15347.100347","96","96","96"
"15347.100347724","96","96","96"
"15362.099914","95","95","95"
"15362.099914932","95","95","95"
"15377.099419","99","99","99"
"15392.099817","96","96","96"
"15392.099817627","96","96","96"
"15407.100387","99","99","99"
"15422.09926","67","67","67"
"15422.099260977","67","67","67"
"15437.100497","99","99","99"
"15437.100497394","99","99","99"
"15452.101699","96","96","96"
"15452.101699863","96","96","96"
"15467.099427","74","74","74"
"15467.099427304","74","74","74"
"15482.099935","97","97","97"
"15482.099935794","97","97","97"
"15497.099901","84","84","84"
"15497.099901724","84","84","84"
"15512.099502","99","99","99"
"15512.099502855","99","99","99"
"15527.099728","96","96","96"
"15527.099728852","96","96","96"
"15542.099915","61","61","61"
"15542.099915204","61","61","61"
"15557.099811","99","99","99"
"15572.099802","96","96","96"
"15572.099802685","96","96","96"
"15587.099802","70","70","70"
"15587.09980274","70","70","70"
"15602.101432","99","99","99"
"15617.099981","96","96","96"
"15617.099981995","96","96","96"
"15632.100273","80","80","80"
"15632.100273826","80","80","80"
"15647.100054","99","99","99"
"15647.100054519","99","99","99"
"15662.099638","63","63","63"
"15662.099638674","63","63","63"
"15677.10042","99","99","99"
"15692.10031","96","96","96"
"15692.100310258","96","96","96"
"15707.100407","62","62","62"
"15722.100552","99","99","99"
"15722.100552699","99","99","99"
"15737.098903","96","96","96"
"15737.098903577","96","96","96"
"15752.099754","59","59","59"
"15752.099754746","59","59","59"
"15767.100841","99","99","99"
"15767.100841673","99","99","99"
"15782.101995","96","96","96"
"15782.1019956","96","96","96"
"15797.100242","65","65","65"
"15797.100242112","65","65","65"
"15812.099131","99","99","99"
"15812.099131485","99","99","99"
"15827.099644","99","99","99"
"15827.099644287","99","99","99"
"15842.099566","99","99","99"
"15842.099566148","99","99","99"
"15857.099946","67","67","67"
"15857.099946602","67","67","67"
"15872.100376","99","99","99"
"15872.100376682","99","99","99"
"15887.098618","96","96","96"
"15887.098618218","96","96","96"
"15902.09926","95","95","95"
"15902.099260404","95","95","95"
"15917.100256","62","62","62"
"15917.100256102","62","62","62"
"15932.099799","99","99","99"
"15932.099799567","99","99","99"
"15947.099492","96","96","96"
"15947.099492805","96","96","96"
"15962.099685","99","99","99"
"15962.099685978","99","99","99"
"15977.099991","93","93","93"
"15992.099688","96","96","96"
"15992.09968893","96","96","96"
"16007.099123","61","61","61"
"16007.099123719","61","61","61"
"16022.099686","99","99","99"
"16022.09968673","99","99","99"
"16037.10061","95","95","95"
"16037.100610628","95","95","95"
"16052.099517","73","73","73"
"16052.099517221","73","73","73"
"16067.099909","99","99","99"
"16067.099909571","99","99","99"
"16082.10017","60","60","60"
"16082.100170061","60","60","60"
"16097.098667","99","99","99"
"16097.098667775","99","99","99"
"16112.100644","96","96","96"
"16112.100644635","96","96","96"
"16127.100406","65","65","65"
"16127.100406793","65","65","65"
"16142.10127","99","99","99"
"16142.101270809","99","99","99"
"16157.099376","99","99","99"
"16157.09937609","99","99","99"
"16172.100962","90","90","90"
"16172.100962077","90","90","90"
"16187.098404","99","99","99"
"16187.098404778","99","99","99"
"16202.101791","99","99","99"
"16202.101791944","99","99","99"
"16217.100306","96","96","96"
"16217.100306829","96","96","96"
"16232.099794","63","63","63"
"16232.099794732","63","63","63"
"16247.09955","99","99","99"
"16262.100202","99","99","99"
"16277.100036","61","61","61"
"16277.100036947","61","61","61"
"16292.100124","99","99","99"
"16292.100124865","99","99","99"
"16307.099928","96","96","96"
"16307.099928542","96","96","96"
"16322.099901","96","96","96"
"16322.099901174","96","96","96"
"16337.099894","85","85","85"
"16337.099894746","85","85","85"
"16352.100261","99","99","99"
"16352.10026128","99","99","99"
"16367.098974","96","96","96"
"16367.098974926","96","96","96"
"16382.099387","94","94","94"
"16382.099387873","94","94","94"
"16397.100424","65","65","65"
"16397.100424264","65","65","65"
"16412.099525","99","99","99"
"16412.099525855","99","99","99"
"16427.100126","96","96","96"
"16442.098832","96","96","96"
"16442.098832724","96","96","96"
"16457.100497","81","81","81"
"16457.100497428","81","81","81"
"16472.100099","61","61","61"
"16472.100099766","61","61","61"
"16487.100323","96","96","96"
"16487.10032393","96","96","96"
"16502.098825","96","96","96"
"16517.098878","95","95","95"
"16517.098878654","95","95","95"
"16532.099538","77","77","77"
"16547.09935","99","99","99"
"16547.099350368","99","99","99"
"16562.100338","96","96","96"
"16562.100338431","96","96","96"
"16577.100477","77","77","77"
"16577.100477388","77","77","77"
"16592.099718","99","99","99"
"16592.099718934","99","99","99"
"16607.100152","96","96","96"
"16607.100152353","96","96","96"
"16622.099707","54","54","54"
"16637.098802","99","99","99"
"16637.098802703","99","99","99"
"16652.100165","99","99","99"
"16667.099425","99","99","99"
"16667.099425508","99","99","99"
"16682.099909","96","96","96"
"16682.09990969","96","96","96"
"16697.099177","70","70","70"
"16697.099177638","70","70","70"
"16712.098668","99","99","99"
"16712.098668385","99","99","99"
"16727.100159","94","94","94"
"16727.100159206","94","94","94"
"16742.099118","85","85","85"
"16742.099118379","85","85","85"
"16757.099478","96","96","96"
"16757.099478764","96","96","96"
"16772.09934","96","96","96"
"16772.099340838","96","96","96"
"16787.100722","72","72","72"
"16802.100932","59","59","59"
"16817.099755","66","66","66"
"16832.100036","74","74","74"
"16832.100036016","74","74","74"
"16847.099827","99","99","99"
"16847.099827475","99","99","99"
"16862.099249","96","96","96"
"16862.099249387","96","96","96"
"16877.098548","96","96","96"
"16877.098548142","96","96","96"
"16892.09961","80","80","80"
"16892.099610556","80","80","80"
"16907.099719","70","70","70"
"16922.099985","99","99","99"
"16922.099985639","99","99","99"
"16937.099865","96","96","96"
"16937.099865733","96","96","96"
"16952.09992","96","96","96"
"16967.09975","64","64","64"
"16982.09967","99","99","99"
"16982.099670188","99","99","99"
"16997.099993","96","96","96"
"16997.099993549","96","96","96"
"17012.099457","96","96","96"
"17012.099457946","96","96","96"
"17027.099124","89","89","89"
"17027.099124272","89","89","89"
"17042.098762","81","81","81"
"17057.101788","99","99","99"
"17057.101788777","99","99","99"
"17072.100181","99","99","99"
"17072.100181542","99","99","99"
"17087.099377","76","76","76"
"17087.099377524","76","76","76"
"17102.099954","60","60","60"
"17102.099954734","60","60","60"
"17117.100349","66","66","66"
"17117.100349928","66","66","66"
"17132.099106","99","99","99"
"17132.099106899","99","99","99"
"17147.099135","86","86","86"
"17147.099135045","86","86","86"
"17162.099291","85","85","85"
"17177.099783","81","81","81"
"17177.099783255","81","81","81"
"17192.102422","99","99","99"
"17192.10242213","99","99","99"
"17207.099476","96","96","96"
"17207.099476265","96","96","96"
"17222.099944","64","64","64"
"17222.099944971","64","64","64"
"17237.100163","74","74","74"
"17237.100163472","74","74","74"
"17252.099627","95","95","95"
"17252.099627736","95","95","95"
"17267.099734","95","95","95"
"17282.099695","96","96","96"
"17297.099737","72","72","72"
"17297.099737229","72","72","72"
"17312.099218","60","60","60"
"17312.099218727","60","60","60"
"17327.099803","99","99","99"
"17327.099803255","99","99","99"
"17342.099207","88","88","88"
"17342.099207988","88","88","88"
"17357.100457","95","95","95"
"17357.100457756","95","95","95"
"17372.099292","99","99","99"
"17372.099292942","99","99","99"
"17387.099871","76","76","76"
"17387.099871979","76","76","76"
"17402.100034","99","99","99"
"17402.100034657","99","99","99"
"17417.100186","95","95","95"
"17417.100186566","95","95","95"
"17432.098949","99","99","99"
"17432.098949139","99","99","99"
"17447.099092","72","72","72"
"17447.099092852","72","72","72"
"17462.099952","95","95","95"
"17462.099952517","95","95","95"
"17477.099478","99","99","99"
"17477.099478523","99","99","99"
"17492.099726","99","99","99"
"17492.099726931","99","99","99"
"17507.098964","54","54","54"
"17507.098964899","54","54","54"
"17522.099374","95","95","95"
"17522.099374218","95","95","95"
"17537.09938","91","91","91"
"17537.09938061","91","91","91"
"17552.100342","95","95","95"
"17552.100342666","95","95","95"
"17567.099653","99","99","99"
"17567.099653252","99","99","99"
"17582.09969","57","57","57"
"17582.09969037","57","57","57"
"17597.099781","99","99","99"
"17612.099908","68","68","68"
"17612.099908689","68","68","68"
"17627.099433","99","99","99"
"17627.099433659","99","99","99"
"17642.099938","84","84","84"
"17642.099938317","84","84","84"
"17657.100138","68","68","68"
"17657.100138698","68","68","68"
"17672.1001","56","56","56"
"17672.100100885","56","56","56"
"17687.100044","94","94","94"
"17687.100044804","94","94","94"
"17702.099471","80","80","80"
"17702.099471212","80","80","80"
"17717.099877","76","76","76"
"17717.099877638","76","76","76"
"17732.099685","99","99","99"
"17732.099685467","99","99","99"
"17747.099505","95","95","95"
"17762.100151","44","44","44"
"17762.100151627","44","44","44"
"17777.099518","99","99","99"
"17777.099518942","99","99","99"
"17792.099642","77","77","77"
"17792.09964239","77","77","77"
"17807.099632","84","84","84"
"17822.099453","94","94","94"
"17822.099453546","94","94","94"
"17837.100556","94","94","94"
"17837.100556691","94","94","94"
"17852.099772","54","54","54"
"17852.099772915","54","54","54"
"17867.10043","92","92","92"
"17867.10043096","92","92","92"
"17882.100166","99","99","99"
"17882.100166487","99","99","99"
"17897.099383","79","79","79"
"17912.100217","99","99","99"
"17927.099851","56","56","56"
"17927.099851317","56","56","56"
"17942.10053","64","64","64"
"17942.100530554","64","64","64"
"17957.099459","99","99","99"
"17957.099459191","99","99","99"
"17972.099524","62","62","62"
"17987.09966","95","95","95"
"17987.099660133","95","95","95"
"18002.100038","55","55","55"
"18002.100038659","55","55","55"
"18017.10026","95","95","95"
"18032.099884","99","99","99"
"18047.0996","58","58","58"
"18047.099600776","58","58","58"
"18062.099969","95","95","95"
"18062.099969188","95","95","95"
"18077.100078","99","99","99"
"18077.100078988","99","99","99"
"18092.100061","95","95","95"
"18092.100061311","95","95","95"
"18107.100061","56","56","56"
"18107.100061878","56","56","56"
"18122.100006","99","99","99"
"18137.098863","64","64","64"
"18137.098863581","64","64","64"
"18152.100673","99","99","99"
"18152.10067369","99","99","99"
"18167.100226","95","95","95"
"18167.10022622","95","95","95"
"18182.100088","78","78","78"
"18182.100088925","78","78","78"
"18197.099322","95","95","95"
"18197.099322325","95","95","95"
"18212.099896","99","99","99"
"18212.099896846","99","99","99"
"18227.1017","54","54","54"
"18227.101700472","54","54","54"
"18242.099876","99","99","99"
"18242.09987627","99","99","99"
"18257.100077","91","91","91"
"18257.100077604","91","91","91"
"18272.10002","95","95","95"
"18272.100020249","95","95","95"
"18287.100171","99","99","99"
"18287.100171275","99","99","99"
"18302.098404","58","58","58"
"18302.098404786","58","58","58"
"18317.099906","99","99","99"
"18317.09990667","99","99","99"
"18332.098399","57","57","57"
"18332.098399212","57","57","57"
"18347.10264","99","99","99"
"18347.102640871","99","99","99"
"18362.099817","80","80","80"
"18362.099817191","80","80","80"
"18377.100432","99","99","99"
"18377.100432625","99","99","99"
"18392.099416","95","95","95"
"18392.099416238","95","95","95"
"18407.10145","99","99","99"
"18422.099327","56","56","56"
"18422.099327377","56","56","56"
"18437.100609","94","94","94"
"18437.100609987","94","94","94"
"18452.099641","99","99","99"
"18452.099641311","99","99","99"
"18467.099936","95","95","95"
"18467.099936703","95","95","95"
"18482.099962","99","99","99"
"18497.099062","95","95","95"
"18497.099062539","95","95","95"
"18512.099559","98","98","98"
"18512.099559471","98","98","98"
"18527.099502","76","76","76"
"18527.099502576","76","76","76"
"18542.10013","95","95","95"
"18542.100130256","95","95","95"
"18557.099397","99","99","99"
"18557.099397834","99","99","99"
"18572.099906","99","99","99"
"18572.099906193","99","99","99"
"18587.098775","56","56","56"
"18587.098775889","56","56","56"
"18602.101885","99","99","99"
"18617.100437","66","66","66"
"18617.100437138","66","66","66"
"18632.099271","95","95","95"
"18632.099271996","95","95","95"
"18647.099892","99","99","99"
"18647.099892359","99","99","99"
"18662.099663","95","95","95"
"18662.099663533","95","95","95"
"18677.099836","99","99","99"
"18692.098778","51","51","51"
"18692.098778118","51","51","51"
"18707.098922","95","95","95"
"18707.098922265","95","95","95"
"18722.099488","94","94","94"
"18722.099488228","94","94","94"
"18737.09993","99","99","99"
"18737.099930359","99","99","99"
"18752.100342","99","99","99"
"18752.100342408","99","99","99"
"18767.099706","99","99","99"
"18767.099706089","99","99","99"
"18782.099388","62","62","62"
"18782.099388598","62","62","62"
"18797.09926","99","99","99"
"18812.098752","48","48","48"
"18812.098752702","48","48","48"
"18827.100155","95","95","95"
"18827.100155229","95","95","95"
"18842.099179","82","82","82"
"18857.099099","97","97","97"
"18857.099099416","97","97","97"
"18872.099347","99","99","99"
"18887.099284","70","70","70"
"18887.099284379","70","70","70"
"18902.099631","95","95","95"
"18902.099631467","95","95","95"
"18917.099401","67","67","67"
"18932.099322","94","94","94"
"18932.099322258","94","94","94"
"18947.100522","99","99","99"
"18947.100522603","99","99","99"
"18962.099812","66","66","66"
"18962.09981237","66","66","66"
"18977.100458","99","99","99"
"18977.100458632","99","99","99"
"18992.099261","56","56","56"
"18992.09926159","56","56","56"
"19007.099531","81","81","81"
"19007.099531732","81","81","81"
"19022.099251","73","73","73"
"19022.099251275","73","73","73"
"19037.099751","95","95","95"
"19037.099751717","95","95","95"
"19052.099211","95","95","95"
"19052.099211765","95","95","95"
"19067.099697","76","76","76"
"19067.099697908","76","76","76"
"19082.130298","88","88","88"
"19082.130298419","88","88","88"
"19097.099353","99","99","99"
"19097.099353256","99","99","99"
"19112.098433","54","54","54"
"19112.098433881","54","54","54"
"19127.099087","95","95","95"
"19127.09908717","95","95","95"
"19142.099489","99","99","99"
"19157.099921","91","91","91"
"19157.09992137","91","91","91"
"19172.099941","59","59","59"
"19172.099941718","59","59","59"
"19187.099159","95","95","95"
"19187.099159319","95","95","95"
"19202.100119","99","99","99"
"19202.100119675","99","99","99"
"19217.098794","55","55","55"
"19217.098794557","55","55","55"
"19232.100016","99","99","99"
"19232.100016413","99","99","99"
"19247.099837","69","69","69"
"19247.099837299","69","69","69"
"19262.099664","95","95","95"
"19262.099664502","95","95","95"
"19277.099321","99","99","99"
"19277.099321241","99","99","99"
"19292.099042","92","92","92"
"19292.099042967","92","92","92"
"19307.100388","84","84","84"
"19307.100388214","84","84","84"
"19322.099542","95","95","95"
"19322.099542025","95","95","95"
"19337.098222","75","75","75"
"19337.098222269","75","75","75"
"19352.099095","66","66","66"
"19352.099095762","66","66","66"
"19367.099251","99","99","99"
"19382.099708","99","99","99"
"19397.100036","99","99","99"
"19397.100036778","99","99","99"
"19412.099141","57","57","57"
"19412.099141485","57","57","57"
"19427.099865","99","99","99"
"19427.099865939","99","99","99"
"19442.099591","86","86","86"
"19442.099591506","86","86","86"
"19457.099392","94","94","94"
"19457.099392387","94","94","94"
"19472.099773","99","99","99"
"19472.099773895","99","99","99"
"19487.098717","87","87","87"
"19487.098717699","87","87","87"
"19502.099677","99","99","99"
"19502.099677989","99","99","99"
"19517.098743","83","83","83"
"19517.098743421","83","83","83"
"19532.09889","99","99","99"
"19532.098890564","99","99","99"
"19547.099729","60","60","60"
"19547.09972931","60","60","60"
"19562.099184","95","95","95"
"19562.099184565","95","95","95"
"19577.098858","58","58","58"
"19592.099757","49","49","49"
"19592.099757737","49","49","49"
"19607.098196","61","61","61"
"19607.098196998","61","61","61"
"19622.099081","99","99","99"
"19622.09908124","99","99","99"
"19637.099187","73","73","73"
"19637.099187775","73","73","73"
"19652.099634","99","99","99"
"19667.099428","57","57","57"
"19667.099428509","57","57","57"
"19682.099914","99","99","99"
"19682.099914371","99","99","99"
"19697.100576","70","70","70"
"19697.100576779","70","70","70"
"19712.099608","95","95","95"
"19712.099608211","95","95","95"
"19727.100181","99","99","99"
"19742.098565","91","91","91"
"19742.098565799","91","91","91"
"19757.09926","99","99","99"
"19772.099456","95","95","95"
"19772.099456705","95","95","95"
"19787.099692","95","95","95"
"19787.09969268","95","95","95"
"19802.099734","99","99","99"
"19802.099734755","99","99","99"
"19817.099993","99","99","99"
"19817.099993934","99","99","99"
"19832.099937","99","99","99"
"19832.099937494","99","99","99"
"19847.098712","70","70","70"
"19847.098712369","70","70","70"
"19862.098529","56","56","56"
"19862.098529402","56","56","56"
"19877.100364","99","99","99"
"19877.100364632","99","99","99"
"19892.100475","93","93","93"
"19892.100475962","93","93","93"
"19907.099459","95","95","95"
"19907.099459169","95","95","95"
"19922.099557","77","77","77"
"19937.100131","99","99","99"
"19937.100131643","99","99","99"
"19952.09964","95","95","95"
"19952.099640927","95","95","95"
"19967.098732","57","57","57"
"19967.098732292","57","57","57"
"19982.099413","99","99","99"
"19982.099413722","99","99","99"
"19997.098647","51","51","51"
"19997.098647284","51","51","51"
"20012.099469","99","99","99"
"20012.099469495","99","99","99"
"20027.100183","99","99","99"
"20027.10018324","99","99","99"
"20042.098515","95","95","95"
"20042.098515433","95","95","95"
"20057.099598","53","53","53"
"20057.099598861","53","53","53"
"20072.09986","95","95","95"
"20072.09986077","95","95","95"
"20087.099928","99","99","99"
"20087.099928078","99","99","99"
"20102.100255","97","97","97"
"20117.100422","99","99","99"
"20117.100422663","99","99","99"
"20132.098595","53","53","53"
"20132.0985951","53","53","53"
"20147.099497","87","87","87"
"20162.09927","73","73","73"
"20177.099189","94","94","94"
"20177.09918995","94","94","94"
"20192.099821","73","73","73"
"20207.099564","95","95","95"
"20207.099564572","95","95","95"
"20222.099157","99","99","99"
"20222.099157424","99","99","99"
"20237.098616","54","54","54"
"20237.098616601","54","54","54"
"20252.099589","95","95","95"
"20267.099899","95","95","95"
"20267.099899625","95","95","95"
"20282.100327","83","83","83"
"20282.100327124","83","83","83"
"20297.100271","93","93","93"
"20297.100271807","93","93","93"
"20312.099057","95","95","95"
"20327.100751","99","99","99"
"20327.100751513","99","99","99"
"20342.129642","77","77","77"
"20342.129642215","77","77","77"
"20357.099803","94","94","94"
"20357.099803423","94","94","94"
"20372.101108","96","96","96"
"20372.101108812","96","96","96"
"20387.100233","95","95","95"
"20387.10023384","95","95","95"
"20402.101527","97","97","97"
"20402.101527986","97","97","97"
"20417.100921","95","95","95"
"20417.100921196","95","95","95"
"20432.100674","99","99","99"
"20432.100674066","99","99","99"
"20447.102409","63","63","63"
"20447.102409317","63","63","63"
"20462.100053","99","99","99"
"20462.100053789","99","99","99"
"20477.099462","99","99","99"
"20477.099462307","99","99","99"
"20492.101836","82","82","82"
"20492.101836937","82","82","82"
"20507.099917","95","95","95"
"20507.099917162","95","95","95"
"20522.100301","99","99","99"
"20522.100301373","99","99","99"
"20537.099888","95","95","95"
"20537.099888212","95","95","95"
"20552.099541","99","99","99"
"20552.099541243","99","99","99"
"20567.099969","73","73","73"
"20567.099969626","73","73","73"
"20582.099693","95","95","95"
"20582.099693372","95","95","95"
"20597.101798","99","99","99"
"20597.101798301","99","99","99"
"20612.099763","99","99","99"
"20612.099763528","99","99","99"
"20627.099431","99","99","99"
"20627.099431649","99","99","99"
"20642.099456","95","95","95"
"20642.099456205","95","95","95"
"20657.099799","99","99","99"
"20657.099799601","99","99","99"
"20672.098645","99","99","99"
"20672.098645454","99","99","99"
"20687.099422","99","99","99"
"20687.099422334","99","99","99"
"20702.099573","60","60","60"
"20702.099573901","60","60","60"
"20717.099741","95","95","95"
"20717.099741813","95","95","95"
"20732.099835","95","95","95"
"20732.099835907","95","95","95"
"20747.100456","88","88","88"
"20747.100456404","88","88","88"
"20762.100471","96","96","96"
"20762.1004713","96","96","96"
"20777.101562","95","95","95"
"20777.101562592","95","95","95"
"20792.099639","75","75","75"
"20792.099639795","75","75","75"
"20807.100206","99","99","99"
"20807.100206216","99","99","99"
"20822.100175","99","99","99"
"20822.100175913","99","99","99"
"20837.099324","99","99","99"
"20837.099324301","99","99","99"
"20852.099341","59","59","59"
"20852.099341873","59","59","59"
"20867.099435","95","95","95"
"20867.099435575","95","95","95"
"20882.099814","96","96","96"
"20882.099814399","96","96","96"
"20897.101306","99","99","99"
"20897.101306277","99","99","99"
"20912.101323","53","53","53"
"20912.101323967","53","53","53"
"20927.099105","85","85","85"
"20927.099105833","85","85","85"
"20942.100972","98","98","98"
"20942.100972061","98","98","98"
"20957.099967","69","69","69"
"20957.099967392","69","69","69"
"20972.100606","92","92","92"
"20972.100606985","92","92","92"
"20987.101144","99","99","99"
"20987.101144601","99","99","99"
"21002.098872","93","93","93"
"21002.098872531","93","93","93"
"21017.099869","83","83","83"
"21017.099869924","83","83","83"
"21032.10159","99","99","99"
"21032.101590574","99","99","99"
"21047.09981","95","95","95"
"21047.099810237","95","95","95"
"21062.101979","99","99","99"
"21077.099988","69","69","69"
"21077.099988093","69","69","69"
"21092.099377","95","95","95"
"21092.099377298","95","95","95"
"21107.099634","74","74","74"
"21107.099634786","74","74","74"
"21122.099789","99","99","99"
"21122.099789893","99","99","99"
"21137.101046","95","95","95"
"21137.101046411","95","95","95"
"21152.100035","66","66","66"
"21152.100035354","66","66","66"
"21167.09911","80","80","80"
"21167.099110313","80","80","80"
"21182.099079","99","99","99"
"21182.099079351","99","99","99"
"21197.099988","95","95","95"
"21197.099988282","95","95","95"
"21212.099496","95","95","95"
"21227.100704","69","69","69"
"21227.100704414","69","69","69"
"21242.099547","95","95","95"
"21242.099547351","95","95","95"
"21257.099764","86","86","86"
"21257.099764292","86","86","86"
"21272.099568","73","73","73"
"21272.09956876","73","73","73"
"21287.101214","96","96","96"
"21287.101214927","96","96","96"
"21302.099038","92","92","92"
"21317.100269","95","95","95"
"21317.100269948","95","95","95"
"21332.100205","99","99","99"
"21332.100205469","99","99","99"
"21347.100436","55","55","55"
"21347.100436944","55","55","55"
"21362.099819","95","95","95"
"21362.09981907","95","95","95"
"21377.099185","99","99","99"
"21377.099185553","99","99","99"
"21392.100214","53","53","53"
"21392.100214258","53","53","53"
"21407.09981","95","95","95"
"21422.098505","99","99","99"
"21437.09949","88","88","88"
"21437.0994905","88","88","88"
"21452.099879","99","99","99"
"21452.099879757","99","99","99"
"21467.099239","52","52","52"
"21467.099239541","52","52","52"
"21482.099947","95","95","95"
"21482.099947287","95","95","95"
"21497.099784","89","89","89"
"21497.099784844","89","89","89"
"21512.099534","80","80","80"
"21512.099534312","80","80","80"
"21527.099939","99","99","99"
"21527.099939443","99","99","99"
"21542.100024","75","75","75"
"21557.100468","99","99","99"
"21557.100468781","99","99","99"
"21572.099711","95","95","95"
"21572.099711401","95","95","95"
"21587.099523","99","99","99"
"21602.100544","78","78","78"
"21602.100544588","78","78","78"
"21617.100265","99","99","99"
"21617.10026547","99","99","99"
"21632.100472","99","99","99"
"21632.100472624","99","99","99"
"21647.099996","78","78","78"
"21647.099996984","78","78","78"
"21662.099045","95","95","95"
"21662.099045465","95","95","95"
"21677.099781","56","56","56"
"21692.099531","95","95","95"
"21692.099531324","95","95","95"
"21707.09983","92","92","92"
"21707.099830256","92","92","92"
"21722.100019","75","75","75"
"21722.100019288","75","75","75"
"21737.099369","94","94","94"
"21737.099369494","94","94","94"
"21752.099668","99","99","99"
"21767.100284","77","77","77"
"21767.100284877","77","77","77"
"21782.099056","99","99","99"
"21782.099056544","99","99","99"
"21797.099643","95","95","95"
"21797.09964382","95","95","95"
"21812.09971","52","52","52"
"21812.099710885","52","52","52"
"21827.098926","99","99","99"
"21827.098926647","99","99","99"
"21842.099634","60","60","60"
"21842.099634882","60","60","60"
"21857.099156","99","99","99"
"21857.099156966","99","99","99"
"21872.099545","59","59","59"
"21887.100018","95","95","95"
"21887.100018782","95","95","95"
"21902.099289","64","64","64"
"21902.099289383","64","64","64"
"21917.099283","99","99","99"
"21932.10036","54","54","54"
"21932.100360191","54","54","54"
"21947.099087","68","68","68"
"21947.099087642","68","68","68"
"21962.099293","95","95","95"
"21962.099293352","95","95","95"
"21977.099501","99","99","99"
"21977.099501045","99","99","99"
"21992.100421","95","95","95"
"21992.100421765","95","95","95"
"22007.100174","97","97","97"
"22022.09937","99","99","99"
"22022.099370327","99","99","99"
"22037.099758","94","94","94"
"22037.099758142","94","94","94"
"22052.100111","77","77","77"
"22052.100111192","77","77","77"
"22067.098763","91","91","91"
"22067.098763611","91","91","91"
"22082.099026","95","95","95"
"22097.099075","67","67","67"
"22097.099075318","67","67","67"
"22112.100697","95","95","95"
"22112.100697988","95","95","95"
"22127.099602","99","99","99"
"22127.099602658","99","99","99"
"22142.098448","94","94","94"
"22142.09844841","94","94","94"
"22157.100196","52","52","52"
"22157.100196903","52","52","52"
"22172.098747","95","95","95"
"22172.098747784","95","95","95"
"22187.100057","81","81","81"
"22187.100057271","81","81","81"
"22202.099964","94","94","94"
"22202.099964465","94","94","94"
"22217.099695","79","79","79"
"22217.099695601","79","79","79"
"22232.101342","67","67","67"
"22247.100204","97","97","97"
"22247.10020434","97","97","97"
"22262.099507","51","51","51"
"22262.099507489","51","51","51"
"22277.100396","95","95","95"
"22277.100396786","95","95","95"
"22292.099184","99","99","99"
"22292.099184986","99","99","99"
"22307.09884","95","95","95"
"22307.098840479","95","95","95"
"22322.100143","54","54","54"
"22322.100143456","54","54","54"
"22337.09991","99","99","99"
"22337.099910171","99","99","99"
"22352.09976","57","57","57"
"22352.099760442","57","57","57"
"22367.098873","95","95","95"
"22367.098873452","95","95","95"
"22382.099373","99","99","99"
"22397.099387","99","99","99"
"22397.099387658","99","99","99"
"22412.099545","57","57","57"
"22412.099545227","57","57","57"
"22427.100609","99","99","99"
"22427.100609366","99","99","99"
"22442.100248","68","68","68"
"22457.100261","95","95","95"
"22457.100261999","95","95","95"
"22472.099208","99","99","99"
"22472.099208627","99","99","99"
"22487.100649","99","99","99"
"22487.100649241","99","99","99"
"22502.099968","94","94","94"
"22502.099968297","94","94","94"
"22517.09949","95","95","95"
"22517.099490243","95","95","95"
"22532.099754","83","83","83"
"22532.09975449","83","83","83"
"22547.100422","93","93","93"
"22547.100422237","93","93","93"
"22562.099754","51","51","51"
"22562.099754372","51","51","51"
"22577.099846","47","47","47"
"22577.099846644","47","47","47"
"22592.099209","95","95","95"
"22592.099209952","95","95","95"
"22607.09899","88","88","88"
"22607.098990516","88","88","88"
"22622.099784","99","99","99"
"22622.099784781","99","99","99"
"22637.099654","74","74","74"
"22637.099654682","74","74","74"
"22652.100144","95","95","95"
"22652.100144704","95","95","95"
"22667.099615","85","85","85"
"22682.099711","95","95","95"
"22697.099838","99","99","99"
"22697.099838187","99","99","99"
"22712.099086","59","59","59"
"22712.099086617","59","59","59"
"22727.100019","99","99","99"
"22727.10001991","99","99","99"
"22742.099999","95","95","95"
"22757.099877","72","72","72"
"22757.099877427","72","72","72"
"22772.100413","95","95","95"
"22772.100413948","95","95","95"
"22787.099481","79","79","79"
"22787.099481534","79","79","79"
"22802.099071","95","95","95"
"22802.099071687","95","95","95"
"22817.101093","95","95","95"
"22832.099991","94","94","94"
"22832.099991972","94","94","94"
"22847.099821","99","99","99"
"22862.099264","89","89","89"
"22862.099264959","89","89","89"
"22877.099838","95","95","95"
"22877.099838499","95","95","95"
"22892.10075","95","95","95"
"22892.100750349","95","95","95"
"22907.100428","96","96","96"
"22922.100514","89","89","89"
"22922.100514149","89","89","89"
"22937.100288","99","99","99"
"22937.10028853","99","99","99"
"22952.09874","73","73","73"
"22967.099829","95","95","95"
"22967.099829915","95","95","95"
"22982.099687","99","99","99"
"22982.099687828","99","99","99"
"22997.098956","59","59","59"
"22997.098956307","59","59","59"
"23012.098638","95","95","95"
"23012.098638969","95","95","95"
"23027.099633","54","54","54"
"23027.099633501","54","54","54"
"23042.099611","95","95","95"
"23042.099611611","95","95","95"
"23057.098605","59","59","59"
"23057.098605786","59","59","59"
"23072.099793","95","95","95"
"23072.099793082","95","95","95"
"23087.099117","59","59","59"
"23087.09911732","59","59","59"
"23102.099478","95","95","95"
"23102.099478384","95","95","95"
"23117.100021","84","84","84"
"23117.100021319","84","84","84"
"23132.099807","99","99","99"
"23132.099807494","99","99","99"
"23147.099787","99","99","99"
"23147.099787246","99","99","99"
"23162.099562","57","57","57"
"23162.099562863","57","57","57"
"23177.099655","95","95","95"
"23177.099655183","95","95","95"
"23192.100556","68","68","68"
"23192.100556112","68","68","68"
"23207.099944","94","94","94"
"23207.09994436","94","94","94"
"23222.099599","66","66","66"
"23222.099599505","66","66","66"
"23237.100232","94","94","94"
"23237.100232526","94","94","94"
"23252.100559","95","95","95"
"23252.100559964","95","95","95"
"23267.100913","53","53","53"
"23267.100913479","53","53","53"
"23282.099187","95","95","95"
"23282.099187995","95","95","95"
"23297.099822","99","99","99"
"23312.099923","99","99","99"
"23312.099923582","99","99","99"
"23327.098534","82","82","82"
"23327.098534481","82","82","82"
"23342.099163","99","99","99"
"23342.099163826","99","99","99"
"23357.099873","65","65","65"
"23372.100028","95","95","95"
"23372.100028454","95","95","95"
"23387.09973","87","87","87"
"23387.099730814","87","87","87"
"23402.099663","95","95","95"
"23402.099663752","95","95","95"
"23417.100251","99","99","99"
"23417.100251362","99","99","99"
"23432.098956","54","54","54"
"23432.098956552","54","54","54"
"23447.099615","52","52","52"
"23447.099615366","52","52","52"
"23462.099603","99","99","99"
"23462.099603811","99","99","99"
"23477.09961","50","50","50"
"23492.099459","99","99","99"
"23492.099459451","99","99","99"
"23507.099518","95","95","95"
"23507.099518196","95","95","95"
"23522.100114","92","92","92"
"23522.100114253","92","92","92"
"23537.100177","97","97","97"
"23537.100177364","97","97","97"
"23552.100144","95","95","95"
"23552.100144426","95","95","95"
"23567.099758","99","99","99"
"23567.099758624","99","99","99"
"23582.099906","75","75","75"
"23582.099906477","75","75","75"
"23597.100315","88","88","88"
"23612.103038","99","99","99"
"23612.103038478","99","99","99"
"23627.099291","98","98","98"
"23627.099291724","98","98","98"
"23642.09914","99","99","99"
"23657.09955","99","99","99"
"23657.099550562","99","99","99"
"23672.098355","59","59","59"
"23687.099766","95","95","95"
"23702.099423","99","99","99"
"23702.099423353","99","99","99"
"23717.099209","99","99","99"
"23717.099209659","99","99","99"
"23732.100397","99","99","99"
"23747.100229","93","93","93"
"23747.10022984","93","93","93"
"23762.099621","94","94","94"
"23777.098643","76","76","76"
"23777.098643547","76","76","76"
"23792.099203","95","95","95"
"23807.100509","95","95","95"
"23807.100509037","95","95","95"
"23822.099241","98","98","98"
"23822.099241785","98","98","98"
"23837.099984","62","62","62"
"23837.099984871","62","62","62"
"23852.099711","95","95","95"
"23852.09971148","95","95","95"
"23867.099822","95","95","95"
"23867.099822498","95","95","95"
"23882.099718","94","94","94"
"23882.099718622","94","94","94"
"23897.099905","92","92","92"
"23897.099905695","92","92","92"
"23912.09952","97","97","97"
"23912.099520143","97","97","97"
"23927.099246","79","79","79"
"23942.09962","99","99","99"
"23942.099620923","99","99","99"
"23957.098512","57","57","57"
"23957.098512968","57","57","57"
"23972.099637","98","98","98"
"23972.099637788","98","98","98"
"23987.099791","68","68","68"
"24002.100185","95","95","95"
"24002.100185324","95","95","95"
"24017.099569","99","99","99"
"24017.099569914","99","99","99"
"24032.099878","91","91","91"
"24032.099878201","91","91","91"
"24047.099905","99","99","99"
"24047.099905406","99","99","99"
"24062.099133","60","60","60"
"24062.099133281","60","60","60"
"24077.100374","99","99","99"
"24077.100374586","99","99","99"
"24092.100121","53","53","53"
"24092.100121496","53","53","53"
"24107.099551","65","65","65"
"24107.099551448","65","65","65"
"24122.099135","99","99","99"
"24122.099135039","99","99","99"
"24137.099664","98","98","98"
"24137.099664539","98","98","98"
"24152.100224","98","98","98"
"24152.100224643","98","98","98"
"24167.099492","95","95","95"
"24167.099492939","95","95","95"
"24182.101964","99","99","99"
"24182.1019647","99","99","99"
"24197.099565","94","94","94"
"24212.098473","51","51","51"
"24212.098473828","51","51","51"
"24227.099634","94","94","94"
"24227.099634677","94","94","94"
"24242.099154","79","79","79"
"24242.099154853","79","79","79"
"24257.100128","95","95","95"
"24257.100128942","95","95","95"
"24272.099941","95","95","95"
"24287.099908","99","99","99"
"24302.099989","99","99","99"
"24302.099989785","99","99","99"
"24317.09966","99","99","99"
"24317.099660413","99","99","99"
"24332.099998","53","53","53"
"24347.100013","98","98","98"
"24347.100013242","98","98","98"
"24362.098959","99","99","99"
"24362.098959772","99","99","99"
"24377.100239","72","72","72"
"24377.100239628","72","72","72"
"24392.099886","95","95","95"
"24392.099886966","95","95","95"
"24407.099115","68","68","68"
"24407.099115332","68","68","68"
"24422.09965","99","99","99"
"24422.099650916","99","99","99"
"24437.098806","99","99","99"
"24437.098806418","99","99","99"
"24452.099718","95","95","95"
"24467.100334","59","59","59"
"24467.10033464","59","59","59"
"24482.099706","99","99","99"
"24482.099706196","99","99","99"
"24497.099493","95","95","95"
"24497.099493597","95","95","95"
"24512.099944","82","82","82"
"24512.099944942","82","82","82"
"24527.099998","67","67","67"
"24542.098874","99","99","99"
"24542.098874871","99","99","99"
"24557.09963","99","99","99"
"24557.099630506","99","99","99"
"24572.099243","78","78","78"
"24572.099243539","78","78","78"
"24587.09852","99","99","99"
"24587.098520857","99","99","99"
"24602.09956","93","93","93"
"24602.099560231","93","93","93"
"24617.099122","99","99","99"
"24617.099122688","99","99","99"
"24632.099459","83","83","83"
"24632.099459285","83","83","83"
"24647.09983","84","84","84"
"24647.09983089","84","84","84"
"24662.099081","99","99","99"
"24662.09908195","99","99","99"
"24677.100857","99","99","99"
"24692.100557","99","99","99"
"24692.10055767","99","99","99"
"24707.100231","93","93","93"
"24707.100231142","93","93","93"
"24722.099433","83","83","83"
"24722.099433928","83","83","83"
"24737.099188","95","95","95"
"24737.099188707","95","95","95"
"24752.099408","99","99","99"
"24752.099408925","99","99","99"
"24767.099978","95","95","95"
"24767.099978768","95","95","95"
"24782.100384","69","69","69"
"24782.10038432","69","69","69"
"24797.099641","95","95","95"
"24797.099641871","95","95","95"
"24812.100557","56","56","56"
"24812.100557504","56","56","56"
"24827.09985","95","95","95"
"24827.099850243","95","95","95"
"24842.099617","99","99","99"
"24842.09961749","99","99","99"
"24857.100233","60","60","60"
"24872.10008","95","95","95"
"24887.099552","86","86","86"
"24887.099552941","86","86","86"
"24902.099404","75","75","75"
"24902.099404647","75","75","75"
"24917.100811","95","95","95"
"24917.100811611","95","95","95"
"24932.099837","99","99","99"
"24947.099364","96","96","96"
"24962.101107","73","73","73"
"24962.101107779","73","73","73"
"24977.10082","95","95","95"
"24977.100820659","95","95","95"
"24992.099581","99","99","99"
"24992.09958169","99","99","99"
"25007.100251","82","82","82"
"25022.098811","99","99","99"
"25022.098811679","99","99","99"
"25037.099833","96","96","96"
"25037.099833385","96","96","96"
"25052.100397","99","99","99"
"25067.09939","99","99","99"
"25082.100085","94","94","94"
"25097.099658","99","99","99"
"25097.09965894","99","99","99"
"25112.099426","55","55","55"
"25112.099426303","55","55","55"
"25127.099205","99","99","99"
"25127.099205651","99","99","99"
"25142.099437","63","63","63"
"25142.099437874","63","63","63"
"25157.100216","94","94","94"
"25157.10021675","94","94","94"
"25172.100306","99","99","99"
"25172.100306715","99","99","99"
"25187.099606","80","80","80"
"25187.099606148","80","80","80"
"25202.098639","99","99","99"
"25202.098639136","99","99","99"
"25217.09989","79","79","79"
"25217.099890603","79","79","79"
"25232.100424","99","99","99"
"25232.100424168","99","99","99"
"25247.098596","99","99","99"
"25247.098596292","99","99","99"
"25262.099555","99","99","99"
"25262.099555759","99","99","99"
"25277.100524","60","60","60"
"25277.100524795","60","60","60"
"25292.100214","90","90","90"
"25292.100214429","90","90","90"
"25307.100725","55","55","55"
"25307.100725479","55","55","55"
"25322.099614","95","95","95"
"25322.099614964","95","95","95"
"25337.099067","99","99","99"
"25337.099067443","99","99","99"
"25352.100408","54","54","54"
"25352.100408695","54","54","54"
"25367.099701","95","95","95"
"25367.099701513","95","95","95"
"25382.099673","99","99","99"
"25382.0996732","99","99","99"
"25397.099651","95","95","95"
"25412.099512","58","58","58"
"25412.099512735","58","58","58"
"25427.101088","99","99","99"
"25427.101088646","99","99","99"
"25442.0995","80","80","80"
"25442.099500978","80","80","80"
"25457.100125","75","75","75"
"25457.100125924","75","75","75"
"25472.098669","95","95","95"
"25487.099387","99","99","99"
"25487.09938732","99","99","99"
"25502.100424","75","75","75"
"25502.10042485","75","75","75"
"25517.099106","99","99","99"
"25517.099106546","99","99","99"
"25532.09997","99","99","99"
"25532.099970705","99","99","99"
"25547.099909","66","66","66"
"25547.099909329","66","66","66"
"25562.098384","95","95","95"
"25562.098384527","95","95","95"
"25577.099806","99","99","99"
"25577.099806441","99","99","99"
"25592.100154","59","59","59"
"25592.100154037","59","59","59"
"25607.098929","92","92","92"
"25607.098929206","92","92","92"
"25622.100093","53","53","53"
"25622.10009381","53","53","53"
"25637.100094","65","65","65"
"25637.100094508","65","65","65"
"25652.098617","95","95","95"
"25652.098617855","95","95","95"
"25667.099232","99","99","99"
"25682.100267","53","53","53"
"25682.100267894","53","53","53"
"25697.100386","99","99","99"
"25697.100386268","99","99","99"
"25712.099616","55","55","55"
"25727.099538","99","99","99"
"25727.099538323","99","99","99"
"25742.100442","88","88","88"
"25742.100442793","88","88","88"
"25757.099633","99","99","99"
"25757.099633686","99","99","99"
"25772.100012","99","99","99"
"25772.10001288","99","99","99"
"25787.099372","74","74","74"
"25787.099372948","74","74","74"
"25802.098749","79","79","79"
"25802.098749822","79","79","79"
"25817.100103","95","95","95"
"25817.100103856","95","95","95"
"25832.099884","99","99","99"
"25832.099884626","99","99","99"
"25847.099591","70","70","70"
"25847.099591939","70","70","70"
"25862.100174","94","94","94"
"25862.100174643","94","94","94"
"25877.099229","99","99","99"
"25877.099229349","99","99","99"
"25892.100501","67","67","67"
"25892.100501432","67","67","67"
"25907.099897","99","99","99"
"25907.099897082","99","99","99"
"25922.100492","64","64","64"
"25922.100492176","64","64","64"
"25937.099653","94","94","94"
"25937.099653966","94","94","94"
"25952.099863","93","93","93"
"25952.099863549","93","93","93"
"25967.099933","99","99","99"
"25967.099933716","99","99","99"
"25982.099407","58","58","58"
"25982.099407944","58","58","58"
"25997.099838","95","95","95"
"25997.099838375","95","95","95"
"26012.09994","99","99","99"
"26027.099092","59","59","59"
"26027.099092808","59","59","59"
"26042.100024","95","95","95"
"26042.100024963","95","95","95"
"26057.099239","99","99","99"
"26057.099239872","99","99","99"
"26072.100306","90","90","90"
"26072.100306909","90","90","90"
"26087.099581","91","91","91"
"26102.099514","99","99","99"
"26102.099514821","99","99","99"
"26117.100264","59","59","59"
"26132.099824","88","88","88"
"26132.099824941","88","88","88"
"26147.098833","95","95","95"
"26147.098833394","95","95","95"
"26162.100162","99","99","99"
"26162.100162237","99","99","99"
"26177.099713","55","55","55"
"26177.099713449","55","55","55"
"26192.100004","95","95","95"
"26192.100004245","95","95","95"
"26207.098656","99","99","99"
"26207.098656392","99","99","99"
"26222.099798","59","59","59"
"26237.101444","95","95","95"
"26237.101444284","95","95","95"
"26252.100962","98","98","98"
"26252.100962423","98","98","98"
"26267.10072","76","76","76"
"26282.100719","92","92","92"
"26282.100719359","92","92","92"
"26297.100899","99","99","99"
"26297.100899971","99","99","99"
"26312.10208","95","95","95"
"26327.098261","99","99","99"
"26327.098261494","99","99","99"
"26342.100175","81","81","81"
"26342.100175517","81","81","81"
"26357.098875","99","99","99"
"26357.098875247","99","99","99"
"26372.100311","60","60","60"
"26372.100311747","60","60","60"
"26387.101727","95","95","95"
"26402.101346","65","65","65"
"26402.101346831","65","65","65"
"26417.099986","95","95","95"
"26417.099986346","95","95","95"
"26432.099678","95","95","95"
"26432.09967822","95","95","95"
"26447.09907","84","84","84"
"26447.099070288","84","84","84"
"26462.099857","95","95","95"
"26477.099829","74","74","74"
"26477.099829804","74","74","74"
"26492.099172","99","99","99"
"26492.09917232","99","99","99"
"26507.09963","89","89","89"
"26507.099630546","89","89","89"
"26522.100344","99","99","99"
"26522.100344276","99","99","99"
"26537.099703","95","95","95"
"26537.099703241","95","95","95"
"26552.09931","99","99","99"
"26552.099310556","99","99","99"
"26567.099037","55","55","55"
"26567.09903758","55","55","55"
"26582.10014","95","95","95"
"26582.100140712","95","95","95"
"26597.09975","63","63","63"
"26597.099750546","63","63","63"
"26612.100172","95","95","95"
"26627.098648","99","99","99"
"26627.098648978","99","99","99"
"26642.099248","58","58","58"
"26657.098915","99","99","99"
"26657.09891535","99","99","99"
"26672.100249","79","79","79"
"26672.100249773","79","79","79"
"26687.098673","99","99","99"
"26687.098673285","99","99","99"
"26702.099057","53","53","53"
"26702.099057357","53","53","53"
"26717.100175","95","95","95"
"26732.100108","54","54","54"
"26732.10010806","54","54","54"
"26747.098843","99","99","99"
"26747.098843412","99","99","99"
"26762.10001","94","94","94"
"26762.100010101","94","94","94"
"26777.099295","60","60","60"
"26777.099295324","60","60","60"
"26792.10071","95","95","95"
"26792.100710946","95","95","95"
"26807.098561","99","99","99"
"26807.09856141","99","99","99"
"26822.099779","99","99","99"
"26837.099295","72","72","72"
"26837.099295205","72","72","72"
"26852.099093","95","95","95"
"26852.09909375","95","95","95"
"26867.099747","69","69","69"
"26867.099747533","69","69","69"
"26882.100177","99","99","99"
"26882.100177337","99","99","99"
"26897.098571","56","56","56"
"26897.098571573","56","56","56"
"26912.099288","95","95","95"
"26912.099288502","95","95","95"
"26927.099792","53","53","53"
"26927.099792274","53","53","53"
"26942.098242","99","99","99"
"26942.098242216","99","99","99"
"26957.099779","64","64","64"
"26957.099779509","64","64","64"
"26972.098261","99","99","99"
"26972.098261701","99","99","99"
"26987.099425","95","95","95"
"26987.099425939","95","95","95"
"27002.099561","99","99","99"
"27002.099561668","99","99","99"
"27017.099616","97","97","97"
"27032.099197","99","99","99"
"27032.09919774","99","99","99"
"27047.099152","55","55","55"
"27062.100328","95","95","95"
"27062.100328778","95","95","95"
"27077.100006","50","50","50"
"27092.09938","95","95","95"
"27092.099380655","95","95","95"
"27107.098192","98","98","98"
"27122.101037","71","71","71"
"27122.101037835","71","71","71"
"27137.099632","95","95","95"
"27137.099632238","95","95","95"
"27152.100147","52","52","52"
"27152.100147932","52","52","52"
"27167.098208","94","94","94"
"27182.099523","99","99","99"
"27182.099523583","99","99","99"
"27197.09975","67","67","67"
"27197.09975068","67","67","67"
"27212.099955","99","99","99"
"27212.099955644","99","99","99"
"27227.099841","59","59","59"
"27227.099841748","59","59","59"
"27242.098281","87","87","87"
"27242.098281952","87","87","87"
"27257.100032","99","99","99"
"27257.10003235","99","99","99"
"27272.099339","53","53","53"
"27272.099339207","53","53","53"
"27287.1006","95","95","95"
"27287.100600524","95","95","95"
"27302.09949","99","99","99"
"27302.099490403","99","99","99"
"27317.099773","74","74","74"
"27317.099773635","74","74","74"
"27332.100845","99","99","99"
"27332.100845665","99","99","99"
"27347.099873","64","64","64"
"27347.099873353","64","64","64"
"27362.099599","92","92","92"
"27377.099774","99","99","99"
"27377.099774296","99","99","99"
"27392.099805","95","95","95"
"27392.099805578","95","95","95"
"27407.10011","99","99","99"
"27407.10011069","99","99","99"
"27422.100444","93","93","93"
"27437.10004","99","99","99"
"27437.100040582","99","99","99"
"27452.100157","79","79","79"
"27452.100157691","79","79","79"
"27467.100557","99","99","99"
"27467.100557772","99","99","99"
"27482.100313","99","99","99"
"27482.100313513","99","99","99"
"27497.099034","95","95","95"
"27497.099034496","95","95","95"
"27512.099748","98","98","98"
"27527.100246","56","56","56"
"27527.100246272","56","56","56"
"27542.098964","95","95","95"
"27557.099496","99","99","99"
"27557.099496582","99","99","99"
"27572.099882","62","62","62"
"27587.099323","99","99","99"
"27587.099323222","99","99","99"
"27602.099561","73","73","73"
"27602.099561616","73","73","73"
"27617.09912","95","95","95"
"27617.099120657","95","95","95"
"27632.099752","99","99","99"
"27632.099752731","99","99","99"
"27647.099057","79","79","79"
"27647.099057934","79","79","79"
"27662.100296","99","99","99"
"27662.100296174","99","99","99"
"27677.09936","89","89","89"
"27677.099360896","89","89","89"
"27692.099723","99","99","99"
"27692.099723877","99","99","99"
"27707.099514","70","70","70"
"27722.098476","95","95","95"
"27722.098476244","95","95","95"
"27737.099838","99","99","99"
"27737.099838961","99","99","99"
"27752.099806","63","63","63"
"27752.099806934","63","63","63"
"27767.099543","99","99","99"
"27767.099543858","99","99","99"
"27782.099824","66","66","66"
"27782.099824594","66","66","66"
"27797.100962","95","95","95"
"27797.10096272","95","95","95"
"27812.100701","99","99","99"
"27812.100701435","99","99","99"
"27827.099692","99","99","99"
"27827.099692844","99","99","99"
"27842.100562","56","56","56"
"27842.100562458","56","56","56"
"27857.100821","95","95","95"
"27857.100821907","95","95","95"
"27872.100229","99","99","99"
"27872.100229869","99","99","99"
"27887.100111","61","61","61"
"27887.100111841","61","61","61"
"27902.099836","95","95","95"
"27902.099836622","95","95","95"
"27917.100858","55","55","55"
"27917.100858105","55","55","55"
"27932.101234","95","95","95"
"27932.101234938","95","95","95"
"27947.098391","99","99","99"
"27947.098391689","99","99","99"
"27962.102153","97","97","97"
"27962.102153497","97","97","97"
"27977.100371","99","99","99"
"27992.099668","99","99","99"
"27992.099668633","99","99","99"
"28007.100212","99","99","99"
"28007.100212617","99","99","99"
"28022.099009","85","85","85"
"28022.099009289","85","85","85"
"28037.100362","92","92","92"
"28037.100362375","92","92","92"
"28052.09993","99","99","99"
"28052.099930333","99","99","99"
"28067.10002","99","99","99"
"28067.10002097","99","99","99"
"28082.100181","57","57","57"
"28082.100181611","57","57","57"
"28097.099466","99","99","99"
"28097.099466968","99","99","99"
"28112.099416","95","95","95"
"28112.099416982","95","95","95"
"28127.099723","99","99","99"
"28142.099663","50","50","50"
"28142.099663353","50","50","50"
"28157.09958","72","72","72"
"28157.099580418","72","72","72"
"28172.100057","95","95","95"
"28187.099117","99","99","99"
"28202.099883","60","60","60"
"28202.099883763","60","60","60"
"28217.099091","95","95","95"
"28217.099091251","95","95","95"
"28232.099622","98","98","98"
"28232.099622273","98","98","98"
"28247.100157","59","59","59"
"28247.100157326","59","59","59"
"28262.100438","95","95","95"
"28277.100057","99","99","99"
"28277.100057499","99","99","99"
"28292.099965","59","59","59"
"28292.09996585","59","59","59"
"28307.100017","58","58","58"
"28307.100017261","58","58","58"
"28322.098631","95","95","95"
"28322.098631181","95","95","95"
"28337.098895","82","82","82"
"28337.098895295","82","82","82"
"28352.100153","99","99","99"
"28352.100153585","99","99","99"
"28367.099756","59","59","59"
"28382.099613","95","95","95"
"28382.099613802","95","95","95"
"28397.100371","87","87","87"
"28397.100371239","87","87","87"
"28412.098596","70","70","70"
"28412.098596767","70","70","70"
"28427.100869","95","95","95"
"28427.100869657","95","95","95"
"28442.100093","99","99","99"
"28442.100093571","99","99","99"
"28457.098528","82","82","82"
"28457.09852845","82","82","82"
"28472.098658","96","96","96"
"28487.100013","99","99","99"
"28502.099033","95","95","95"
"28502.099033713","95","95","95"
"28517.101307","88","88","88"
"28517.101307588","88","88","88"
"28532.099593","99","99","99"
"28532.09959392","99","99","99"
"28547.099526","95","95","95"
"28562.099725","96","96","96"
"28562.099725884","96","96","96"
"28577.099952","95","95","95"
"28577.099952671","95","95","95"
"28592.099488","99","99","99"
"28607.099685","51","51","51"
"28607.099685315","51","51","51"
"28622.100142","95","95","95"
"28637.099682","99","99","99"
"28652.099321","83","83","83"
"28652.099321586","83","83","83"
"28667.099899","56","56","56"
"28682.099731","99","99","99"
"28682.09973165","99","99","99"
"28697.098776","93","93","93"
"28697.098776694","93","93","93"
"28712.099712","95","95","95"
"28712.099712637","95","95","95"
"28727.098382","65","65","65"
"28727.098382446","65","65","65"
"28742.099275","90","90","90"
"28742.099275657","90","90","90"
"28757.099074","86","86","86"
"28757.099074456","86","86","86"
"28772.099047","76","76","76"
"28772.099047548","76","76","76"
"28787.099607","92","92","92"
"28787.099607229","92","92","92"
"28802.100782","82","82","82"
"28802.100782043","82","82","82"
"28817.100954","95","95","95"
"28817.100954968","95","95","95"
"28832.102527","99","99","99"
"28832.102527279","99","99","99"
"28847.099521","99","99","99"
"28847.099521859","99","99","99"
"28862.101094","59","59","59"
"28862.101094573","59","59","59"
"28877.099187","95","95","95"
"28877.099187414","95","95","95"
"28892.099898","86","86","86"
"28907.098999","88","88","88"
"28907.09899974","88","88","88"
"28922.098836","95","95","95"
"28922.098836188","95","95","95"
"28937.100147","67","67","67"
"28937.100147992","67","67","67"
"28952.100384","99","99","99"
"28952.100384417","99","99","99"
"28967.099977","99","99","99"
"28967.099977521","99","99","99"
"28982.098841","99","99","99"
"28982.098841669","99","99","99"
"28997.099719","74","74","74"
"28997.099719476","74","74","74"
"29012.100142","64","64","64"
"29012.100142615","64","64","64"
"29027.100174","96","96","96"
"29027.100174822","96","96","96"
"29042.099901","99","99","99"
"29042.099901401","99","99","99"
"29057.100388","74","74","74"
"29057.100388258","74","74","74"
"29072.09989","95","95","95"
"29072.099890761","95","95","95"
"29087.09972","99","99","99"
"29087.099720797","99","99","99"
"29102.100031","60","60","60"
"29102.100031225","60","60","60"
"29117.099753","99","99","99"
"29117.099753406","99","99","99"
"29132.099556","99","99","99"
"29132.099556734","99","99","99"
"29147.099916","57","57","57"
"29147.099916274","57","57","57"
"29162.099704","95","95","95"
"29162.099704283","95","95","95"
"29177.099978","99","99","99"
"29177.099978975","99","99","99"
"29192.099915","99","99","99"
"29192.099915653","99","99","99"
"29207.099992","52","52","52"
"29207.099992526","52","52","52"
"29222.099541","95","95","95"
"29222.099541334","95","95","95"
"29237.099544","99","99","99"
"29237.099544301","99","99","99"
"29252.100023","56","56","56"
"29252.100023554","56","56","56"
"29267.099931","95","95","95"
"29267.099931913","95","95","95"
"29282.099801","99","99","99"
"29282.09980188","99","99","99"
"29297.099346","72","72","72"
"29297.099346517","72","72","72"
"29312.099594","99","99","99"
"29312.099594766","99","99","99"
"29327.099381","73","73","73"
"29327.099381298","73","73","73"
"29342.098945","89","89","89"
"29342.098945024","89","89","89"
"29357.098281","96","96","96"
"29357.098281958","96","96","96"
"29372.099957","99","99","99"
"29372.099957681","99","99","99"
"29387.099275","74","74","74"
"29387.099275831","74","74","74"
"29402.099723","97","97","97"
"29402.099723484","97","97","97"
"29417.100429","95","95","95"
"29432.10043","99","99","99"
"29432.100430699","99","99","99"
"29447.099905","55","55","55"
"29447.099905848","55","55","55"
"29462.099951","99","99","99"
"29477.099447","98","98","98"
"29477.099447982","98","98","98"
"29492.100207","99","99","99"
"29507.098454","77","77","77"
"29507.098454445","77","77","77"
"29522.100177","99","99","99"
"29522.100177798","99","99","99"
"29537.099897","57","57","57"
"29537.099897359","57","57","57"
"29552.099898","95","95","95"
"29552.099898757","95","95","95"
"29567.099876","99","99","99"
"29567.099876339","99","99","99"
"29582.099964","57","57","57"
"29582.099964255","57","57","57"
"29597.100255","95","95","95"
"29597.100255722","95","95","95"
"29612.100691","99","99","99"
"29612.100691343","99","99","99"
"29627.099876","62","62","62"
"29627.099876538","62","62","62"
"29642.100056","95","95","95"
"29642.100056628","95","95","95"
"29657.099391","77","77","77"
"29657.099391466","77","77","77"
"29672.099973","99","99","99"
"29672.099973341","99","99","99"
"29687.099625","51","51","51"
"29687.099625632","51","51","51"
"29702.099529","95","95","95"
"29702.099529228","95","95","95"
"29717.100705","99","99","99"
"29717.100705624","99","99","99"
"29732.100511","54","54","54"
"29732.100511504","54","54","54"
"29747.099953","98","98","98"
"29747.099953057","98","98","98"
"29762.099659","99","99","99"
"29762.099659205","99","99","99"
"29777.099633","60","60","60"
"29792.099772","78","78","78"
"29792.099772911","78","78","78"
"29807.099957","99","99","99"
"29807.099957433","99","99","99"
"29822.099679","54","54","54"
"29822.099679547","54","54","54"
"29837.099977","95","95","95"
"29852.099868","96","96","96"
"29852.099868406","96","96","96"
"29867.100382","99","99","99"
"29867.100382967","99","99","99"
"29882.099544","60","60","60"
"29882.099544935","60","60","60"
"29897.099273","95","95","95"
"29897.099273653","95","95","95"
"29912.099482","99","99","99"
"29912.099482335","99","99","99"
"29927.100011","53","53","53"
"29927.100011497","53","53","53"
"29942.100247","95","95","95"
"29942.100247958","95","95","95"
"29957.100715","86","86","86"
"29957.10071505","86","86","86"
"29972.099791","99","99","99"
"29972.099791976","99","99","99"
"29987.098457","93","93","93"
"29987.09845785","93","93","93"
"30002.101078","77","77","77"
"30002.101078642","77","77","77"
"30017.100186","99","99","99"
"30017.100186852","99","99","99"
"30032.10027","59","59","59"
"30032.100270291","59","59","59"
"30047.101353","95","95","95"
"30062.099566","99","99","99"
"30062.099566526","99","99","99"
"30077.099363","83","83","83"
"30092.100476","95","95","95"
"30092.100476397","95","95","95"
"30107.099535","56","56","56"
"30107.099535665","56","56","56"
"30122.104583","95","95","95"
"30122.104583468","95","95","95"
"30137.099015","96","96","96"
"30137.099015503","96","96","96"
"30152.099508","71","71","71"
"30152.09950879","71","71","71"
"30167.099482","95","95","95"
"30167.099482178","95","95","95"
"30182.099801","99","99","99"
"30197.099254","99","99","99"
"30197.099254978","99","99","99"
"30212.099807","57","57","57"
"30227.099784","95","95","95"
"30227.09978487","95","95","95"
"30242.101224","54","54","54"
"30242.101224568","54","54","54"
"30257.099257","94","94","94"
"30257.099257149","94","94","94"
"30272.099083","67","67","67"
"30272.099083952","67","67","67"
"30287.101693","95","95","95"
"30287.10169334","95","95","95"
"30302.101151","91","91","91"
"30302.101151889","91","91","91"
"30317.10015","85","85","85"
"30317.100150389","85","85","85"
"30332.10166","91","91","91"
"30332.101660337","91","91","91"
"30347.101327","76","76","76"
"30347.101327392","76","76","76"
"30362.099919","99","99","99"
"30362.099919569","99","99","99"
"30377.098908","99","99","99"
"30377.098908597","99","99","99"
"30392.1017","62","62","62"
"30392.101700519","62","62","62"
"30407.098997","99","99","99"
"30407.098997522","99","99","99"
"30422.100819","99","99","99"
"30422.10081924","99","99","99"
"30437.100258","62","62","62"
"30437.10025835","62","62","62"
"30452.099257","99","99","99"
"30452.099257316","99","99","99"
"30467.099513","49","49","49"
"30467.099513825","49","49","49"
"30482.099563","97","97","97"
"30482.099563683","97","97","97"
"30497.098949","97","97","97"
"30497.098949974","97","97","97"
"30512.100016","64","64","64"
"30527.100804","95","95","95"
"30542.101165","55","55","55"
"30542.101165444","55","55","55"
"30557.101849","90","90","90"
"30557.101849438","90","90","90"
"30572.099496","99","99","99"
"30587.10707","53","53","53"
"30587.107070689","53","53","53"
"30602.09934","94","94","94"
"30602.099340896","94","94","94"
"30617.10005","91","91","91"
"30632.100382","95","95","95"
"30632.100382944","95","95","95"
"30647.099892","99","99","99"
"30647.099892759","99","99","99"
"30662.099965","68","68","68"
"30677.098743","99","99","99"
"30677.098743362","99","99","99"
"30692.099098","58","58","58"
"30692.099098293","58","58","58"
"30707.099565","98","98","98"
"30707.099565552","98","98","98"
"30722.100181","95","95","95"
"30722.100181318","95","95","95"
"30737.099909","99","99","99"
"30752.099292","99","99","99"
"30752.09929218","99","99","99"
"30767.100293","75","75","75"
"30767.10029339","75","75","75"
"30782.102231","99","99","99"
"30797.10042","49","49","49"
"30812.10034","95","95","95"
"30827.098122","95","95","95"
"30827.098122757","95","95","95"
"30842.099249","58","58","58"
"30842.099249407","58","58","58"
"30857.100297","99","99","99"
"30857.10029735","99","99","99"
"30872.098258","95","95","95"
"30872.098258825","95","95","95"
"30887.099008","68","68","68"
"30887.099008479","68","68","68"
"30902.099865","99","99","99"
"30902.099865278","99","99","99"
"30917.099402","95","95","95"
"30917.099402285","95","95","95"
"30932.099455","68","68","68"
"30932.099455566","68","68","68"
"30947.099261","95","95","95"
"30947.099261497","95","95","95"
"30962.0998","77","77","77"
"30962.099800766","77","77","77"
"30977.100006","99","99","99"
"30977.100006255","99","99","99"
"30992.100101","94","94","94"
"30992.100101594","94","94","94"
"31007.099669","99","99","99"
"31007.099669182","99","99","99"
"31022.099237","62","62","62"
"31022.09923742","62","62","62"
"31037.100723","76","76","76"
"31037.100723951","76","76","76"
"31052.099894","99","99","99"
"31052.099894583","99","99","99"
"31067.098794","99","99","99"
"31067.098794992","99","99","99"
"31082.098755","95","95","95"
"31097.099948","99","99","99"
"31097.09994873","99","99","99"
"31112.099748","96","96","96"
"31112.099748379","96","96","96"
"31127.101407","66","66","66"
"31127.10140776","66","66","66"
"31142.098803","95","95","95"
"31157.100453","86","86","86"
"31157.100453781","86","86","86"
"31172.098948","95","95","95"
"31172.098948772","95","95","95"
"31187.100052","99","99","99"
"31187.100052992","99","99","99"
"31202.102028","76","76","76"
"31202.102028133","76","76","76"
"31217.10022","88","88","88"
"31217.100220649","88","88","88"
"31232.101682","99","99","99"
"31232.10168227","99","99","99"
"31247.100753","99","99","99"
"31247.100753539","99","99","99"
"31262.100183","54","54","54"
"31262.100183698","54","54","54"
"31277.101318","94","94","94"
"31277.101318578","94","94","94"
"31292.098601","95","95","95"
"31292.098601817","95","95","95"
"31307.101185","54","54","54"
"31307.101185905","54","54","54"
"31322.099771","95","95","95"
"31322.099771233","95","95","95"
"31337.099521","85","85","85"
"31352.099609","93","93","93"
"31352.099609196","93","93","93"
"31367.099831","99","99","99"
"31367.099831266","99","99","99"
"31382.098667","95","95","95"
"31382.098667815","95","95","95"
"31397.099248","99","99","99"
"31397.099248494","99","99","99"
"31412.100117","71","71","71"
"31412.100117582","71","71","71"
"31427.099872","97","97","97"
"31427.09987255","97","97","97"
"31442.100355","75","75","75"
"31442.10035534","75","75","75"
"31457.099295","85","85","85"
"31457.099295171","85","85","85"
"31472.099278","95","95","95"
"31472.099278484","95","95","95"
"31487.099568","55","55","55"
"31487.099568655","55","55","55"
"31502.099757","96","96","96"
"31502.099757891","96","96","96"
"31517.099436","99","99","99"
"31517.099436807","99","99","99"
"31532.100405","58","58","58"
"31532.10040544","58","58","58"
"31547.099692","99","99","99"
"31547.099692232","99","99","99"
"31562.099749","95","95","95"
"31562.099749904","95","95","95"
"31577.100157","81","81","81"
"31592.099092","94","94","94"
"31592.099092121","94","94","94"
"31607.099799","55","55","55"
"31607.099799586","55","55","55"
"31622.099468","95","95","95"
"31622.09946869","95","95","95"
"31637.09996","58","58","58"
"31637.099960764","58","58","58"
"31652.099415","99","99","99"
"31667.099843","70","70","70"
"31667.099843473","70","70","70"
"31682.09908","95","95","95"
"31682.09908052","95","95","95"
"31697.099409","63","63","63"
"31697.099409874","63","63","63"
"31712.098635","95","95","95"
"31712.09863533","95","95","95"
"31727.099391","95","95","95"
"31727.099391811","95","95","95"
"31742.099693","84","84","84"
"31742.099693332","84","84","84"
"31757.098944","63","63","63"
"31757.098944273","63","63","63"
"31772.100038","95","95","95"
"31772.100038424","95","95","95"
"31787.100044","58","58","58"
"31787.100044269","58","58","58"
"31802.100432","99","99","99"
"31802.100432876","99","99","99"
"31817.099409","58","58","58"
"31817.09940984","58","58","58"
"31832.099815","95","95","95"
"31832.099815497","95","95","95"
"31847.100195","99","99","99"
"31847.10019538","99","99","99"
"31862.100453","98","98","98"
"31862.100453691","98","98","98"
"31877.100532","99","99","99"
"31877.100532517","99","99","99"
"31892.100228","99","99","99"
"31892.100228796","99","99","99"
"31907.099901","63","63","63"
"31907.099901719","63","63","63"
"31922.099907","95","95","95"
"31922.099907733","95","95","95"
"31937.100267","70","70","70"
"31937.100267375","70","70","70"
"31952.099577","95","95","95"
"31952.099577655","95","95","95"
"31967.09948","89","89","89"
"31967.099480249","89","89","89"
"31982.100016","99","99","99"
"31982.100016627","99","99","99"
"31997.100561","98","98","98"
"31997.100561487","98","98","98"
"32012.100304","98","98","98"
"32027.099388","99","99","99"
"32027.099388435","99","99","99"
"32042.099645","85","85","85"
"32042.099645301","85","85","85"
"32057.100471","99","99","99"
"32057.100471944","99","99","99"
"32072.099667","95","95","95"
"32072.099667741","95","95","95"
"32087.099488","57","57","57"
"32087.099488853","57","57","57"
"32102.100185","99","99","99"
"32102.100185375","99","99","99"
"32117.100125","53","53","53"
"32117.100125207","53","53","53"
"32132.099787","91","91","91"
"32132.09978735","91","91","91"
"32147.0995","75","75","75"
"32147.099500744","75","75","75"
"32162.099779","99","99","99"
"32162.099779724","99","99","99"
"32177.099762","55","55","55"
"32177.099762727","55","55","55"
"32192.099828","94","94","94"
"32192.099828278","94","94","94"
"32207.099423","99","99","99"
"32207.099423884","99","99","99"
"32222.098578","74","74","74"
"32222.098578877","74","74","74"
"32237.099164","58","58","58"
"32237.099164949","58","58","58"
"32252.100179","99","99","99"
"32252.100179517","99","99","99"
"32267.1003","80","80","80"
"32267.100300266","80","80","80"
"32282.099536","99","99","99"
"32282.099536571","99","99","99"
"32297.099638","96","96","96"
"32297.099638252","96","96","96"
"32312.10042","56","56","56"
"32312.100420652","56","56","56"
"32327.099579","95","95","95"
"32327.099579519","95","95","95"
"32342.098771","58","58","58"
"32357.099506","94","94","94"
"32357.099506569","94","94","94"
"32372.098211","52","52","52"
"32372.098211743","52","52","52"
"32387.100477","97","97","97"
"32387.100477774","97","97","97"
"32402.100118","95","95","95"
"32402.100118514","95","95","95"
"32417.100393","98","98","98"
"32417.100393848","98","98","98"
"32432.099992","99","99","99"
"32432.099992703","99","99","99"
"32447.101584","95","95","95"
"32447.101584821","95","95","95"
"32462.099476","99","99","99"
"32462.099476305","99","99","99"
"32477.098967","54","54","54"
"32477.098967675","54","54","54"
"32492.098527","95","95","95"
"32492.098527523","95","95","95"
"32507.100521","99","99","99"
"32507.100521608","99","99","99"
"32522.099469","79","79","79"
"32522.099469551","79","79","79"
"32537.10011","90","90","90"
"32537.100110348","90","90","90"
"32552.10004","86","86","86"
"32552.100040232","86","86","86"
"32567.099413","86","86","86"
"32567.099413783","86","86","86"
"32582.100269","64","64","64"
"32582.100269233","64","64","64"
"32597.098936","58","58","58"
"32597.098936545","58","58","58"
"32612.099303","95","95","95"
"32612.099303949","95","95","95"
"32627.099896","99","99","99"
"32627.099896063","99","99","99"
"32642.09907","55","55","55"
"32642.099070241","55","55","55"
"32657.100409","99","99","99"
"32672.099035","63","63","63"
"32672.099035277","63","63","63"
"32687.099042","95","95","95"
"32687.099042968","95","95","95"
"32702.10003","99","99","99"
"32702.100030938","99","99","99"
"32717.098999","99","99","99"
"32717.098999562","99","99","99"
"32732.100078","95","95","95"
"32732.100078912","95","95","95"
"32747.100087","59","59","59"
"32747.10008711","59","59","59"
"32762.100102","95","95","95"
"32762.100102496","95","95","95"
"32777.098852","99","99","99"
"32777.098852654","99","99","99"
"32792.09899","99","99","99"
"32792.09899055","99","99","99"
"32807.100251","96","96","96"
"32807.100251339","96","96","96"
"32822.099522","95","95","95"
"32822.099522684","95","95","95"
"32837.098845","99","99","99"
"32852.09988","60","60","60"
"32867.099567","95","95","95"
"32867.099567872","95","95","95"
"32882.098689","99","99","99"
"32897.099646","56","56","56"
"32897.099646621","56","56","56"
"32912.098334","96","96","96"
"32912.098334772","96","96","96"
"32927.100218","96","96","96"
"32927.100218883","96","96","96"
"32942.099948","99","99","99"
"32942.099948418","99","99","99"
"32957.099585","53","53","53"
"32957.09958592","53","53","53"
"32972.099426","95","95","95"
"32987.099147","99","99","99"
"32987.099147258","99","99","99"
"33002.099941","95","95","95"
"33002.099941779","95","95","95"
"33017.099938","87","87","87"
"33017.099938247","87","87","87"
"33032.099864","95","95","95"
"33032.099864206","95","95","95"
"33047.099702","63","63","63"
"33047.099702564","63","63","63"
"33062.100179","95","95","95"
"33062.100179088","95","95","95"
"33077.100105","81","81","81"
"33077.100105746","81","81","81"
"33092.100107","94","94","94"
"33092.100107617","94","94","94"
"33107.101006","81","81","81"
"33107.1010068","81","81","81"
"33122.100736","95","95","95"
"33122.100736961","95","95","95"
"33137.100323","50","50","50"
"33137.100323329","50","50","50"
"33152.100181","95","95","95"
"33152.100181567","95","95","95"
"33167.098667","99","99","99"
"33167.09866703","99","99","99"
"33182.09955","70","70","70"
"33182.09955083","70","70","70"
"33197.099691","95","95","95"
"33197.099691972","95","95","95"
"33212.102656","57","57","57"
"33212.102656478","57","57","57"
"33227.099809","95","95","95"
"33227.099809626","95","95","95"
"33242.099621","57","57","57"
"33242.099621316","57","57","57"
"33257.099788","99","99","99"
"33257.099788312","99","99","99"
"33272.099591","71","71","71"
"33272.099591712","71","71","71"
"33287.099222","99","99","99"
"33287.099222988","99","99","99"
"33302.09985","55","55","55"
"33302.099850557","55","55","55"
"33317.099928","95","95","95"
"33317.099928052","95","95","95"
"33332.098677","99","99","99"
"33332.098677748","99","99","99"
"33347.099277","78","78","78"
"33347.099277539","78","78","78"
"33362.10016","99","99","99"
"33377.099818","99","99","99"
"33377.099818606","99","99","99"
"33392.10021","96","96","96"
"33392.100210072","96","96","96"
"33407.100269","95","95","95"
"33407.100269801","95","95","95"
"33422.099898","92","92","92"
"33422.099898555","92","92","92"
"33437.098877","99","99","99"
"33437.098877821","99","99","99"
"33452.099715","95","95","95"
"33452.099715454","95","95","95"
"33467.099557","99","99","99"
"33482.099723","57","57","57"
"33482.099723923","57","57","57"
"33497.099454","93","93","93"
"33497.099454139","93","93","93"
"33512.099251","99","99","99"
"33527.100387","83","83","83"
"33527.100387796","83","83","83"
"33542.1","99","99","99"
"33542.100000433","99","99","99"
"33557.099243","99","99","99"
"33557.09924376","99","99","99"
"33572.099599","63","63","63"
"33572.09959925","63","63","63"
"33587.100012","57","57","57"
"33602.100581","95","95","95"
"33602.100581959","95","95","95"
"33617.099823","96","96","96"
"33617.099823972","96","96","96"
"33632.099337","99","99","99"
"33647.099382","75","75","75"
"33647.099382326","75","75","75"
"33662.09946","99","99","99"
"33662.09946026","99","99","99"
"33677.10012","99","99","99"
"33692.100575","58","58","58"
"33692.100575253","58","58","58"
"33707.098777","95","95","95"
"33707.098777212","95","95","95"
"33722.099026","95","95","95"
"33737.099385","89","89","89"
"33737.09938544","89","89","89"
"33752.099361","99","99","99"
"33752.099361204","99","99","99"
"33767.100028","58","58","58"
"33767.100028688","58","58","58"
"33782.098926","95","95","95"
"33782.098926644","95","95","95"
"33797.098788","93","93","93"
"33797.098788182","93","93","93"
"33812.099855","99","99","99"
"33812.0998557","99","99","99"
"33827.099788","99","99","99"
"33827.099788847","99","99","99"
"33842.099119","99","99","99"
"33842.099119971","99","99","99"
"33857.099236","56","56","56"
"33857.099236652","56","56","56"
"33872.099938","95","95","95"
"33872.099938041","95","95","95"
"33887.099073","67","67","67"
"33887.099073898","67","67","67"
"33902.098427","90","90","90"
"33902.098427373","90","90","90"
"33917.099848","99","99","99"
"33932.09918","95","95","95"
"33932.099180469","95","95","95"
"33947.099335","99","99","99"
"33947.099335885","99","99","99"
"33962.099253","53","53","53"
"33962.099253155","53","53","53"
"33977.099249","95","95","95"
"33977.099249992","95","95","95"
"33992.098322","94","94","94"
"33992.098322861","94","94","94"
"34007.099812","77","77","77"
"34007.099812253","77","77","77"
"34022.0984","96","96","96"
"34022.098400373","96","96","96"
"34037.099257","95","95","95"
"34037.099257306","95","95","95"
"34052.09965","99","99","99"
"34052.099650887","99","99","99"
"34067.099969","77","77","77"
"34067.099969077","77","77","77"
"34082.10018","89","89","89"
"34082.100180458","89","89","89"
"34097.10014","99","99","99"
"34097.100140312","99","99","99"
"34112.099863","57","57","57"
"34112.099863489","57","57","57"
"34127.100149","98","98","98"
"34127.100149193","98","98","98"
"34142.098971","95","95","95"
"34157.099987","57","57","57"
"34172.101241","95","95","95"
"34172.101241786","95","95","95"
"34187.101186","99","99","99"
"34187.10118633","99","99","99"
"34202.100206","62","62","62"
"34202.100206954","62","62","62"
"34217.099976","90","90","90"
"34217.099976527","90","90","90"
"34232.099279","99","99","99"
"34232.099279519","99","99","99"
"34247.10008","63","63","63"
"34247.100080862","63","63","63"
"34262.098504","94","94","94"
"34262.098504876","94","94","94"
"34277.099845","58","58","58"
"34277.099845056","58","58","58"
"34292.099542","95","95","95"
"34292.099542946","95","95","95"
"34307.10054","77","77","77"
"34307.100540335","77","77","77"
"34322.099482","73","73","73"
"34322.099482702","73","73","73"
"34337.098724","95","95","95"
"34352.100006","58","58","58"
"34352.100006747","58","58","58"
"34367.099053","99","99","99"
"34367.099053275","99","99","99"
"34382.099293","68","68","68"
"34382.099293359","68","68","68"
"34397.099471","99","99","99"
"34397.099471477","99","99","99"
"34412.099499","54","54","54"
"34412.099499488","54","54","54"
"34427.098301","99","99","99"
"34427.098301253","99","99","99"
"34442.100114","92","92","92"
"34442.100114876","92","92","92"
"34457.098795","99","99","99"
"34457.098795781","99","99","99"
"34472.099606","99","99","99"
"34472.099606742","99","99","99"
"34487.100568","50","50","50"
"34487.100568258","50","50","50"
"34502.100255","95","95","95"
"34502.100255494","95","95","95"
"34517.09938","95","95","95"
"34517.099380452","95","95","95"
"34532.100024","99","99","99"
"34532.100024458","99","99","99"
"34547.100451","64","64","64"
"34547.100451858","64","64","64"
"34562.100759","94","94","94"
"34562.10075974","94","94","94"
"34577.099908","98","98","98"
"34592.099333","95","95","95"
"34607.099698","61","61","61"
"34607.099698517","61","61","61"
"34622.099201","95","95","95"
"34622.099201252","95","95","95"
"34637.100078","99","99","99"
"34637.100078335","99","99","99"
"34652.099584","59","59","59"
"34652.09958445","59","59","59"
"34667.098399","95","95","95"
"34667.098399437","95","95","95"
"34682.098715","99","99","99"
"34682.098715192","99","99","99"
"34697.0994","55","55","55"
"34697.099400351","55","55","55"
"34712.099897","99","99","99"
"34712.099897533","99","99","99"
"34727.100281","64","64","64"
"34727.100281204","64","64","64"
"34742.101296","95","95","95"
"34742.101296634","95","95","95"
"34757.101317","99","99","99"
"34757.10131777","99","99","99"
"34772.099639","81","81","81"
"34772.099639392","81","81","81"
"34787.100134","95","95","95"
"34787.100134426","95","95","95"
"34802.10025","95","95","95"
"34802.100250288","95","95","95"
"34817.099835","95","95","95"
"34817.099835143","95","95","95"
"34832.100178","99","99","99"
"34832.100178539","99","99","99"
"34847.100341","95","95","95"
"34847.100341292","95","95","95"
"34862.09968","99","99","99"
"34862.099680467","99","99","99"
"34877.099757","82","82","82"
"34877.099757607","82","82","82"
"34892.098894","60","60","60"
"34892.098894351","60","60","60"
"34907.098467","99","99","99"
"34922.100725","99","99","99"
"34922.100725105","99","99","99"
"34937.099928","99","99","99"
"34937.099928962","99","99","99"
"34952.098775","65","65","65"
"34952.098775241","65","65","65"
"34967.10007","99","99","99"
"34982.100013","99","99","99"
"34982.100013128","99","99","99"
"34997.099343","99","99","99"
"34997.099343301","99","99","99"
"35012.099661","99","99","99"
"35027.100395","99","99","99"
"35027.100395282","99","99","99"
"35042.09908","99","99","99"
"35042.099080997","99","99","99"
"35057.100278","58","58","58"
"35057.100278464","58","58","58"
"35072.100032","70","70","70"
"35072.100032301","70","70","70"
"35087.099652","72","72","72"
"35087.099652961","72","72","72"
"35102.10013","85","85","85"
"35102.100130668","85","85","85"
"35117.099805","95","95","95"
"35117.099805535","95","95","95"
"35132.099141","95","95","95"
"35132.099141422","95","95","95"
"35147.098917","99","99","99"
"35147.098917619","99","99","99"
"35162.099683","99","99","99"
"35162.099683939","99","99","99"
"35177.09846","88","88","88"
"35177.098460541","88","88","88"
"35192.099098","74","74","74"
"35192.099098869","74","74","74"
"35207.099601","95","95","95"
"35222.099783","99","99","99"
"35222.099783582","99","99","99"
"35237.099618","96","96","96"
"35237.09961823","96","96","96"
"35252.099777","95","95","95"
"35252.099777752","95","95","95"
"35267.099244","95","95","95"
"35267.099244826","95","95","95"
"35282.10031","99","99","99"
"35282.100310798","99","99","99"
"35297.099567","99","99","99"
"35297.099567716","99","99","99"
"35312.099832","98","98","98"
"35312.099832276","98","98","98"
"35327.099897","95","95","95"
"35327.099897765","95","95","95"
"35342.098867","99","99","99"
"35342.098867065","99","99","99"
"35357.099672","71","71","71"
"35357.099672399","71","71","71"
"35372.099181","81","81","81"
"35372.099181411","81","81","81"
"35387.100175","99","99","99"
"35402.100086","96","96","96"
"35417.099917","98","98","98"
"35417.099917756","98","98","98"
"35432.101045","64","64","64"
"35432.101045975","64","64","64"
"35447.101257","59","59","59"
"35462.100475","94","94","94"
"35462.1004758","94","94","94"
"35477.10009","58","58","58"
"35477.100090751","58","58","58"
"35492.099722","70","70","70"
"35492.099722598","70","70","70"
"35507.099476","99","99","99"
"35507.099476325","99","99","99"
"35522.099983","99","99","99"
"35522.099983752","99","99","99"
"35537.098888","95","95","95"
"35537.09888811","95","95","95"
"35552.099356","95","95","95"
"35552.099356054","95","95","95"
"35567.100112","92","92","92"
"35567.100112525","92","92","92"
"35582.099497","57","57","57"
"35597.099374","74","74","74"
"35597.099374443","74","74","74"
"35612.099973","99","99","99"
"35612.099973208","99","99","99"
"35627.099525","61","61","61"
"35627.099525532","61","61","61"
"35642.099903","65","65","65"
"35642.099903421","65","65","65"
"35657.100248","99","99","99"
"35657.100248554","99","99","99"
"35672.099654","99","99","99"
"35687.09938","98","98","98"
"35687.099380754","98","98","98"
"35702.09973","99","99","99"
"35702.099730883","99","99","99"
"35717.098895","95","95","95"
"35732.099789","95","95","95"
"35732.099789924","95","95","95"
"35747.099826","95","95","95"
"35747.099826842","95","95","95"
"35762.100494","61","61","61"
"35762.100494892","61","61","61"
"35777.100168","75","75","75"
"35777.100168659","75","75","75"
"35792.099865","60","60","60"
"35792.099865148","60","60","60"
"35807.100654","77","77","77"
"35822.099202","99","99","99"
"35822.099202271","99","99","99"
"35837.098937","99","99","99"
"35837.098937494","99","99","99"
"35852.099199","95","95","95"
"35852.099199216","95","95","95"
"35867.099506","95","95","95"
"35867.099506891","95","95","95"
"35882.099602","99","99","99"
"35882.099602861","99","99","99"
"35897.099832","95","95","95"
"35897.099832196","95","95","95"
"35912.099653","95","95","95"
"35912.099653565","95","95","95"
"35927.100051","77","77","77"
"35927.100051282","77","77","77"
"35942.099763","59","59","59"
"35942.099763669","59","59","59"
"35957.099557","76","76","76"
"35957.099557604","76","76","76"
"35972.100757","68","68","68"
"35972.10075723","68","68","68"
"35987.100516","60","60","60"
"35987.100516416","60","60","60"
"36002.099189","99","99","99"
"36017.100839","99","99","99"
"36017.100839225","99","99","99"
"36032.100274","96","96","96"
"36032.100274761","96","96","96"
"36047.100995","95","95","95"
"36062.099711","77","77","77"
"36062.099711178","77","77","77"
"36077.09911","64","64","64"
"36077.099110849","64","64","64"
"36092.099369","77","77","77"
"36092.099369587","77","77","77"
"36107.099371","74","74","74"
"36107.099371902","74","74","74"
"36122.099573","95","95","95"
"36122.099573084","95","95","95"
"36137.099219","60","60","60"
"36137.099219445","60","60","60"
"36152.099926","99","99","99"
"36152.09992654","99","99","99"
"36167.098911","99","99","99"
"36167.098911588","99","99","99"
"36182.099101","99","99","99"
"36197.099613","99","99","99"
"36197.099613114","99","99","99"
"36212.099683","99","99","99"
"36212.099683827","99","99","99"
"36227.099779","99","99","99"
"36242.099272","96","96","96"
"36242.099272701","96","96","96"
"36257.100026","95","95","95"
"36257.100026155","95","95","95"
"36272.10079","95","95","95"
"36272.100790346","95","95","95"
"36287.099152","99","99","99"
"36287.099152757","99","99","99"
"36302.102253","95","95","95"
"36317.099358","74","74","74"
"36317.099358494","74","74","74"
"36332.100382","57","57","57"
"36332.100382968","57","57","57"
"36347.099964","58","58","58"
"36347.09996456","58","58","58"
"36362.099748","99","99","99"
"36362.099748776","99","99","99"
"36377.099926","99","99","99"
"36377.099926977","99","99","99"
"36392.100092","99","99","99"
"36392.100092092","99","99","99"
"36407.099406","96","96","96"
"36407.099406681","96","96","96"
"36422.099923","99","99","99"
"36422.099923009","99","99","99"
"36437.100953","95","95","95"
"36437.100953283","95","95","95"
"36452.099537","99","99","99"
"36452.099537785","99","99","99"
"36467.099973","99","99","99"
"36467.099973236","99","99","99"
"36482.099504","95","95","95"
"36482.099504699","95","95","95"
"36497.099136","95","95","95"
"36512.099672","60","60","60"
"36512.09967299","60","60","60"
"36527.099665","60","60","60"
"36527.099665216","60","60","60"
"36542.099699","96","96","96"
"36542.099699284","96","96","96"
"36557.098277","95","95","95"
"36572.099865","95","95","95"
"36572.099865519","95","95","95"
"36587.099326","95","95","95"
"36587.099326825","95","95","95"
"36602.09947","99","99","99"
"36602.099470145","99","99","99"
"36617.099033","99","99","99"
"36632.099581","95","95","95"
"36632.099581795","95","95","95"
"36647.09999","95","95","95"
"36647.099990564","95","95","95"
"36662.099891","98","98","98"
"36662.099891575","98","98","98"
"36677.102523","79","79","79"
"36692.101711","57","57","57"
"36692.101711594","57","57","57"
"36707.098654","97","97","97"
"36722.100119","99","99","99"
"36722.100119741","99","99","99"
"36737.098772","99","99","99"
"36737.098772949","99","99","99"
"36752.099484","95","95","95"
"36752.0994845","95","95","95"
"36767.099831","95","95","95"
"36782.099102","95","95","95"
"36782.099102901","95","95","95"
"36797.099665","60","60","60"
"36797.099665624","60","60","60"
"36812.099375","92","92","92"
"36812.099375861","92","92","92"
"36827.099532","99","99","99"
"36827.099532407","99","99","99"
"36842.100156","90","90","90"
"36842.100156601","90","90","90"
"36857.098667","89","89","89"
"36857.098667231","89","89","89"
"36872.099403","95","95","95"
"36872.099403914","95","95","95"
"36887.098932","95","95","95"
"36887.098932598","95","95","95"
"36902.099814","64","64","64"
"36902.099814395","64","64","64"
"36917.099694","76","76","76"
"36932.099613","99","99","99"
"36932.099613085","99","99","99"
"36947.100628","99","99","99"
"36947.100628549","99","99","99"
"36962.099839","74","74","74"
"36962.099839863","74","74","74"
"36977.099327","99","99","99"
"36992.100032","99","99","99"
"36992.100032662","99","99","99"
"37007.100295","96","96","96"
"37007.100295194","96","96","96"
"37022.099263","95","95","95"
"37022.099263829","95","95","95"
"37037.098671","96","96","96"
"37052.099844","99","99","99"
"37052.099844417","99","99","99"
"37067.099704","95","95","95"
"37067.099704535","95","95","95"
"37082.099515","96","96","96"
"37097.098304","97","97","97"
"37097.098304924","97","97","97"
"37112.10015","99","99","99"
"37112.100150749","99","99","99"
"37127.099722","96","96","96"
"37127.099722266","96","96","96"
"37142.098908","96","96","96"
"37142.098908353","96","96","96"
"37157.099679","78","78","78"
"37157.099679994","78","78","78"
"37172.100528","60","60","60"
"37172.100528786","60","60","60"
"37187.099142","99","99","99"
"37202.098077","99","99","99"
"37202.09807797","99","99","99"
"37217.099872","95","95","95"
"37217.099872611","95","95","95"
"37232.098549","96","96","96"
"37232.09854938","96","96","96"
"37247.099798","79","79","79"
"37247.099798865","79","79","79"
"37262.099653","99","99","99"
"37277.099989","61","61","61"
"37277.09998917","61","61","61"
"37292.100039","99","99","99"
"37292.10003999","99","99","99"
"37307.099843","96","96","96"
"37307.09984341","96","96","96"
"37322.09936","99","99","99"
"37322.099360546","99","99","99"
"37337.09877","59","59","59"
"37337.098770556","59","59","59"
"37352.098613","59","59","59"
"37352.098613172","59","59","59"
"37367.098684","54","54","54"
"37382.099583","59","59","59"
"37382.099583202","59","59","59"
"37397.098118","52","52","52"
"37397.098118769","52","52","52"
"37412.099553","77","77","77"
"37412.099553296","77","77","77"
"37427.100149","95","95","95"
"37427.100149682","95","95","95"
"37442.099954","99","99","99"
"37442.099954702","99","99","99"
"37457.099867","99","99","99"
"37457.099867246","99","99","99"
"37472.09935","81","81","81"
"37487.09988","87","87","87"
"37487.099880533","87","87","87"
"37502.099226","67","67","67"
"37502.099226905","67","67","67"
"37517.10074","98","98","98"
"37517.1007409","98","98","98"
"37532.10051","95","95","95"
"37532.100510493","95","95","95"
"37547.09959","95","95","95"
"37547.09959049","95","95","95"
"37562.099543","95","95","95"
"37562.099543489","95","95","95"
"37577.099321","95","95","95"
"37577.099321914","95","95","95"
"37592.100168","88","88","88"
"37592.100168945","88","88","88"
"37607.098593","56","56","56"
"37622.099469","99","99","99"
"37622.09946997","99","99","99"
"37637.098522","56","56","56"
"37637.098522073","56","56","56"
"37652.099738","95","95","95"
"37667.099665","99","99","99"
"37667.099665885","99","99","99"
"37682.098972","91","91","91"
"37682.098972888","91","91","91"
"37697.10012","95","95","95"
"37697.100120945","95","95","95"
"37712.099487","95","95","95"
"37712.099487756","95","95","95"
"37727.099927","95","95","95"
"37727.099927353","95","95","95"
"37742.099578","96","96","96"
"37742.099578618","96","96","96"
"37757.099955","95","95","95"
"37757.099955205","95","95","95"
"37772.100298","95","95","95"
"37772.100298754","95","95","95"
"37787.098575","67","67","67"
"37787.098575464","67","67","67"
"37802.099126","63","63","63"
"37802.099126394","63","63","63"
"37817.098177","58","58","58"
"37817.09817752","58","58","58"
"37832.098756","60","60","60"
"37832.098756336","60","60","60"
"37847.098729","69","69","69"
"37847.098729142","69","69","69"
"37862.100503","47","47","47"
"37862.100503662","47","47","47"
"37877.098647","56","56","56"
"37877.098647944","56","56","56"
"37892.100088","95","95","95"
"37907.099951","95","95","95"
"37907.099951533","95","95","95"
"37922.100577","99","99","99"
"37922.100577914","99","99","99"
"37937.099641","99","99","99"
"37937.099641531","99","99","99"
"37952.100457","60","60","60"
"37952.10045721","60","60","60"
"37967.099282","70","70","70"
"37967.099282317","70","70","70"
"37982.099919","99","99","99"
"37982.099919468","99","99","99"
"37997.100349","99","99","99"
"37997.100349715","99","99","99"
"38012.099915","57","57","57"
"38012.099915364","57","57","57"
"38027.09893","59","59","59"
"38042.098796","74","74","74"
"38042.098796387","74","74","74"
"38057.09939","95","95","95"
"38057.099390407","95","95","95"
"38072.100021","95","95","95"
"38072.100021439","95","95","95"
"38087.099226","99","99","99"
"38102.10001","99","99","99"
"38102.100010956","99","99","99"
"38117.099614","73","73","73"
"38117.099614123","73","73","73"
"38132.099759","67","67","67"
"38132.099759926","67","67","67"
"38147.099234","82","82","82"
"38162.099531","98","98","98"
"38162.099531426","98","98","98"
"38177.09901","95","95","95"
"38192.099052","95","95","95"
"38192.099052584","95","95","95"
"38207.099829","95","95","95"
"38207.099829454","95","95","95"
"38222.099638","59","59","59"
"38222.099638255","59","59","59"
"38237.099889","96","96","96"
"38237.099889274","96","96","96"
"38252.100149","95","95","95"
"38252.100149671","95","95","95"
"38267.100203","95","95","95"
"38267.100203288","95","95","95"
"38282.099805","92","92","92"
"38282.09980534","92","92","92"
"38297.099382","95","95","95"
"38297.099382137","95","95","95"
"38312.099671","95","95","95"
"38312.099671385","95","95","95"
"38327.10161","95","95","95"
"38327.101610397","95","95","95"
"38342.099272","95","95","95"
"38342.09927289","95","95","95"
"38357.099227","95","95","95"
"38357.099227101","95","95","95"
"38372.100683","99","99","99"
"38372.100683146","99","99","99"
"38387.09943","95","95","95"
"38387.099430974","95","95","95"
"38402.099222","99","99","99"
"38402.09922248","99","99","99"
"38417.098349","99","99","99"
"38417.098349608","99","99","99"
"38432.099913","84","84","84"
"38432.099913303","84","84","84"
"38447.099538","57","57","57"
"38462.099305","99","99","99"
"38462.099305565","99","99","99"
"38477.100003","99","99","99"
"38477.100003633","99","99","99"
"38492.098998","88","88","88"
"38492.098998919","88","88","88"
"38507.099505","59","59","59"
"38507.099505716","59","59","59"
"38522.099791","58","58","58"
"38522.099791706","58","58","58"
"38537.098925","97","97","97"
"38552.099425","79","79","79"
"38552.09942586","79","79","79"
"38567.099496","61","61","61"
"38582.102162","59","59","59"
"38582.102162347","59","59","59"
"38597.099424","57","57","57"
"38597.099424952","57","57","57"
"38612.099895","60","60","60"
"38612.099895852","60","60","60"
"38627.100068","95","95","95"
"38642.099893","95","95","95"
"38657.100307","95","95","95"
"38672.100136","95","95","95"
"38672.100136369","95","95","95"
"38687.099687","95","95","95"
"38687.099687228","95","95","95"
"38702.099787","99","99","99"
"38702.099787126","99","99","99"
"38717.09946","99","99","99"
"38717.099460577","99","99","99"
"38732.099768","99","99","99"
"38732.09976897","99","99","99"
"38747.100106","99","99","99"
"38747.100106285","99","99","99"
"38762.100281","64","64","64"
"38762.100281944","64","64","64"
"38777.100008","95","95","95"
"38777.100008294","95","95","95"
"38792.100258","99","99","99"
"38792.100258433","99","99","99"
"38807.099472","78","78","78"
"38807.099472384","78","78","78"
"38822.099901","60","60","60"
"38822.09990168","60","60","60"
"38837.0985","99","99","99"
"38837.098500242","99","99","99"
"38852.099699","99","99","99"
"38852.099699263","99","99","99"
"38867.099954","95","95","95"
"38867.09995476","95","95","95"
"38882.099157","99","99","99"
"38882.099157521","99","99","99"
"38897.09883","99","99","99"
"38912.099268","99","99","99"
"38912.099268281","99","99","99"
"38927.101147","99","99","99"
"38927.10114775","99","99","99"
"38942.102062","99","99","99"
"38942.102062835","99","99","99"
"38957.099584","95","95","95"
"38957.099584654","95","95","95"
"38972.10133","99","99","99"
"38972.101330249","99","99","99"
"38987.103972","95","95","95"
"38987.103972969","95","95","95"
"39002.100018","96","96","96"
"39017.099724","95","95","95"
"39032.099651","95","95","95"
"39032.099651278","95","95","95"
"39047.099896","95","95","95"
"39047.099896521","95","95","95"
"39062.099705","95","95","95"
"39062.099705265","95","95","95"
"39077.100264","99","99","99"
"39077.100264917","99","99","99"
"39092.099258","82","82","82"
"39092.099258893","82","82","82"
"39107.099836","99","99","99"
"39107.099836755","99","99","99"
"39122.10011","99","99","99"
"39122.100110204","99","99","99"
"39137.100244","99","99","99"
"39137.100244902","99","99","99"
"39152.099605","99","99","99"
"39167.099514","99","99","99"
"39167.099514822","99","99","99"
"39182.099519","97","97","97"
"39182.099519208","97","97","97"
"39197.099103","95","95","95"
"39197.099103642","95","95","95"
"39212.10029","97","97","97"
"39227.099306","95","95","95"
"39242.099166","95","95","95"
"39242.099166455","95","95","95"
"39257.100025","73","73","73"
"39257.100025364","73","73","73"
"39272.100212","65","65","65"
"39272.100212572","65","65","65"
"39287.098935","99","99","99"
"39287.098935459","99","99","99"
"39302.100155","59","59","59"
"39302.100155859","59","59","59"
"39317.099911","88","88","88"
"39317.099911686","88","88","88"
"39332.099945","99","99","99"
"39332.099945475","99","99","99"
"39347.099629","98","98","98"
"39347.099629988","98","98","98"
"39362.099591","95","95","95"
"39362.099591812","95","95","95"
"39377.099896","99","99","99"
"39377.099896942","99","99","99"
"39392.099734","58","58","58"
"39407.099823","69","69","69"
"39407.099823741","69","69","69"
"39422.100342","99","99","99"
"39422.100342716","99","99","99"
"39437.099892","99","99","99"
"39437.099892205","99","99","99"
"39452.099613","99","99","99"
"39452.099613797","99","99","99"
"39467.099133","99","99","99"
"39467.09913359","99","99","99"
"39482.098352","95","95","95"
"39482.098352934","95","95","95"
"39497.098836","95","95","95"
"39497.098836486","95","95","95"
"39512.099694","95","95","95"
"39512.099694611","95","95","95"
"39527.099922","84","84","84"
"39527.099922752","84","84","84"
"39542.099596","60","60","60"
"39542.099596286","60","60","60"
"39557.099957","76","76","76"
"39557.099957901","76","76","76"
"39572.099889","60","60","60"
"39572.099889296","60","60","60"
"39587.09992","99","99","99"
"39587.099920676","99","99","99"
"39602.099595","99","99","99"
"39602.099595464","99","99","99"
"39617.098699","95","95","95"
"39617.098699569","95","95","95"
"39632.099859","99","99","99"
"39632.099859917","99","99","99"
"39647.099083","99","99","99"
"39647.099083475","99","99","99"
"39662.100332","59","59","59"
"39662.100332708","59","59","59"
"39677.099582","99","99","99"
"39677.099582088","99","99","99"
"39692.099141","99","99","99"
"39692.099141673","99","99","99"
"39707.100414","95","95","95"
"39707.100414441","95","95","95"
"39722.099974","65","65","65"
"39722.099974346","65","65","65"
"39737.099827","82","82","82"
"39752.099665","99","99","99"
"39752.099665951","99","99","99"
"39767.099876","81","81","81"
"39767.099876601","81","81","81"
"39782.10074","95","95","95"
"39782.100740638","95","95","95"
"39797.099459","95","95","95"
"39812.099267","83","83","83"
"39812.099267138","83","83","83"
"39827.099863","82","82","82"
"39842.099909","99","99","99"
"39842.099909956","99","99","99"
"39857.099506","95","95","95"
"39857.099506144","95","95","95"
"39872.099563","95","95","95"
"39872.099563833","95","95","95"
"39887.09956","92","92","92"
"39887.099560547","92","92","92"
"39902.099832","60","60","60"
"39902.099832993","60","60","60"
"39917.100038","60","60","60"
"39917.100038478","60","60","60"
"39932.0995","76","76","76"
"39932.09950091","76","76","76"
"39947.098839","99","99","99"
"39947.098839532","99","99","99"
"39962.099828","72","72","72"
"39962.099828585","72","72","72"
"39977.101165","99","99","99"
"39977.10116573","99","99","99"
"39992.09999","99","99","99"
"39992.09999078","99","99","99"
"40007.099422","99","99","99"
"40007.099422726","99","99","99"
"40022.09914","99","99","99"
"40022.099140714","99","99","99"
"40037.099856","90","90","90"
"40037.099856181","90","90","90"
"40052.100215","99","99","99"
"40052.100215446","99","99","99"
"40067.100619","59","59","59"
"40067.100619378","59","59","59"
"40082.100427","84","84","84"
"40082.100427342","84","84","84"
"40097.101331","85","85","85"
"40097.101331673","85","85","85"
"40112.099172","99","99","99"
"40127.101355","72","72","72"
"40127.101355312","72","72","72"
"40142.099392","99","99","99"
"40142.099392402","99","99","99"
"40157.100014","99","99","99"
"40157.100014443","99","99","99"
"40172.100211","99","99","99"
"40172.100211812","99","99","99"
"40187.09961","99","99","99"
"40187.09961025","99","99","99"
"40202.100028","82","82","82"
"40202.100028656","82","82","82"
"40217.098508","61","61","61"
"40217.098508692","61","61","61"
"40232.100303","79","79","79"
"40232.100303803","79","79","79"
"40247.099593","95","95","95"
"40247.09959318","95","95","95"
"40262.099804","99","99","99"
"40262.099804968","99","99","99"
"40277.099287","82","82","82"
"40277.099287573","82","82","82"
"40292.099171","61","61","61"
"40292.09917122","61","61","61"
"40307.100081","95","95","95"
"40307.100081857","95","95","95"
"40322.099308","96","96","96"
"40322.099308777","96","96","96"
"40337.098939","71","71","71"
"40337.098939386","71","71","71"
"40352.099127","74","74","74"
"40352.099127637","74","74","74"
"40367.099051","69","69","69"
"40367.099051884","69","69","69"
"40382.09917","61","61","61"
"40382.099170727","61","61","61"
"40397.099689","84","84","84"
"40412.099731","95","95","95"
"40412.099731639","95","95","95"
"40427.09959","95","95","95"
"40427.099590954","95","95","95"
"40442.100113","99","99","99"
"40442.100113936","99","99","99"
"40457.099173","93","93","93"
"40457.099173587","93","93","93"
"40472.100668","99","99","99"
"40472.100668982","99","99","99"
"40487.099706","99","99","99"
"40487.099706367","99","99","99"
"40502.099862","95","95","95"
"40517.099676","96","96","96"
"40517.099676985","96","96","96"
"40532.099449","89","89","89"
"40532.099449558","89","89","89"
"40547.099061","61","61","61"
"40547.099061903","61","61","61"
"40562.100166","60","60","60"
"40562.100166314","60","60","60"
"40577.099861","99","99","99"
"40577.099861769","99","99","99"
"40592.098894","95","95","95"
"40592.098894296","95","95","95"
"40607.099248","95","95","95"
"40607.099248798","95","95","95"
"40622.099804","95","95","95"
"40622.099804418","95","95","95"
"40637.099952","95","95","95"
"40637.099952889","95","95","95"
"40652.099167","95","95","95"
"40667.100097","95","95","95"
"40667.100097998","95","95","95"
"40682.099106","90","90","90"
"40682.09910681","90","90","90"
"40697.098427","60","60","60"
"40697.098427442","60","60","60"
"40712.099636","91","91","91"
"40712.099636964","91","91","91"
"40727.099635","99","99","99"
"40727.099635481","99","99","99"
"40742.100443","99","99","99"
"40742.100443837","99","99","99"
"40757.099285","84","84","84"
"40757.099285483","84","84","84"
"40772.098692","60","60","60"
"40772.098692632","60","60","60"
"40787.10116","80","80","80"
"40787.101160883","80","80","80"
"40802.099977","98","98","98"
"40802.099977706","98","98","98"
"40817.101364","95","95","95"
"40817.101364209","95","95","95"
"40832.099902","99","99","99"
"40832.099902584","99","99","99"
"40847.099191","99","99","99"
"40847.099191884","99","99","99"
"40862.09991","83","83","83"
"40862.099910544","83","83","83"
"40877.099388","92","92","92"
"40892.100247","95","95","95"
"40892.100247675","95","95","95"
"40907.099149","95","95","95"
"40907.099149875","95","95","95"
"40922.099879","95","95","95"
"40922.099879779","95","95","95"
"40937.09882","61","61","61"
"40937.098820565","61","61","61"
"40952.099709","66","66","66"
"40952.099709889","66","66","66"
"40967.098267","94","94","94"
"40967.098267692","94","94","94"
"40982.099691","60","60","60"
"40982.099691362","60","60","60"
"40997.099876","60","60","60"
"40997.099876302","60","60","60"
"41012.100051","58","58","58"
"41012.100051349","58","58","58"
"41027.09911","72","72","72"
"41027.099110429","72","72","72"
"41042.098605","99","99","99"
"41042.098605699","99","99","99"
"41057.099504","99","99","99"
"41072.100471","95","95","95"
"41072.100471469","95","95","95"
"41087.099969","77","77","77"
"41087.099969188","77","77","77"
"41102.099983","60","60","60"
"41102.099983408","60","60","60"
"41117.099001","99","99","99"
"41117.099001268","99","99","99"
"41132.100185","92","92","92"
"41132.100185865","92","92","92"
"41147.098524","99","99","99"
"41147.098524207","99","99","99"
"41162.098366","99","99","99"
"41162.098366293","99","99","99"
"41177.100367","99","99","99"
"41177.10036752","99","99","99"
"41192.100224","95","95","95"
"41192.100224974","95","95","95"
"41207.099388","95","95","95"
"41222.100388","99","99","99"
"41222.100388607","99","99","99"
"41237.099966","83","83","83"
"41237.099966634","83","83","83"
"41252.099565","60","60","60"
"41267.100405","84","84","84"
"41282.099841","96","96","96"
"41282.099841458","96","96","96"
"41297.098917","99","99","99"
"41297.098917544","99","99","99"
"41312.099695","91","91","91"
"41312.099695671","91","91","91"
"41327.09859","62","62","62"
"41327.098590961","62","62","62"
"41342.10011","71","71","71"
"41342.100110205","71","71","71"
"41357.099925","99","99","99"
"41357.099925767","99","99","99"
"41372.100006","68","68","68"
"41372.10000686","68","68","68"
"41387.099335","83","83","83"
"41387.099335384","83","83","83"
"41402.099549","54","54","54"
"41402.099549407","54","54","54"
"41417.100388","60","60","60"
"41417.100388945","60","60","60"
"41432.099106","72","72","72"
"41432.099106456","72","72","72"
"41447.098915","88","88","88"
"41462.098663","99","99","99"
"41462.098663367","99","99","99"
"41477.099217","54","54","54"
"41477.099217774","54","54","54"
"41492.100298","99","99","99"
"41492.100298938","99","99","99"
"41507.101879","99","99","99"
"41507.101879877","99","99","99"
"41522.100355","95","95","95"
"41522.100355633","95","95","95"
"41537.099714","99","99","99"
"41537.099714869","99","99","99"
"41552.101462","95","95","95"
"41552.101462613","95","95","95"
"41567.098884","95","95","95"
"41567.09888498","95","95","95"
"41582.09966","94","94","94"
"41582.099660718","94","94","94"
"41597.099399","90","90","90"
"41597.099399937","90","90","90"
"41612.0996","70","70","70"
"41612.099600438","70","70","70"
"41627.098809","59","59","59"
"41627.098809788","59","59","59"
"41642.099807","95","95","95"
"41657.099093","99","99","99"
"41657.099093469","99","99","99"
"41672.099029","81","81","81"
"41672.099029608","81","81","81"
"41687.100212","99","99","99"
"41687.100212626","99","99","99"
"41702.099194","99","99","99"
"41702.099194956","99","99","99"
"41717.099721","99","99","99"
"41717.099721426","99","99","99"
"41732.101682","95","95","95"
"41732.101682622","95","95","95"
"41747.100156","73","73","73"
"41747.100156913","73","73","73"
"41762.100772","65","65","65"
"41762.100772342","65","65","65"
"41777.101201","84","84","84"
"41792.102014","93","93","93"
"41792.102014431","93","93","93"
"41807.099379","95","95","95"
"41807.09937923","95","95","95"
"41822.09967","96","96","96"
"41822.099670215","96","96","96"
"41837.099408","99","99","99"
"41837.099408411","99","99","99"
"41852.099293","95","95","95"
"41867.099605","99","99","99"
"41867.09960521","99","99","99"
"41882.100281","99","99","99"
"41882.100281791","99","99","99"
"41897.099768","95","95","95"
"41897.099768598","95","95","95"
"41912.099629","95","95","95"
"41912.099629267","95","95","95"
"41927.100087","95","95","95"
"41927.10008773","95","95","95"
"41942.100363","95","95","95"
"41942.100363149","95","95","95"
"41957.09962","95","95","95"
"41957.099620528","95","95","95"
"41972.100752","95","95","95"
"41972.100752854","95","95","95"
"41987.09897","99","99","99"
"41987.098970629","99","99","99"
"42002.099766","99","99","99"
"42002.099766395","99","99","99"
"42017.099945","95","95","95"
"42032.099407","99","99","99"
"42032.099407456","99","99","99"
"42047.099335","93","93","93"
"42047.099335294","93","93","93"
"42062.099196","77","77","77"
"42062.099196703","77","77","77"
"42077.099904","76","76","76"
"42092.099176","80","80","80"
"42092.099176553","80","80","80"
"42107.098499","84","84","84"
"42107.09849945","84","84","84"
"42122.09974","99","99","99"
"42122.099740709","99","99","99"
"42137.099094","73","73","73"
"42137.099094784","73","73","73"
"42152.099927","60","60","60"
"42152.09992712","60","60","60"
"42167.100411","58","58","58"
"42167.100411656","58","58","58"
"42182.09906","78","78","78"
"42182.099060338","78","78","78"
"42197.100179","99","99","99"
"42197.100179361","99","99","99"
"42212.099732","99","99","99"
"42212.099732706","99","99","99"
"42227.099735","95","95","95"
"42227.099735669","95","95","95"
"42242.099283","91","91","91"
"42242.099283187","91","91","91"
"42257.099519","75","75","75"
"42257.099519599","75","75","75"
"42272.099449","59","59","59"
"42272.099449467","59","59","59"
"42287.099657","59","59","59"
"42287.099657318","59","59","59"
"42302.098882","89","89","89"
"42302.098882196","89","89","89"
"42317.099731","78","78","78"
"42317.099731714","78","78","78"
"42332.0991","68","68","68"
"42332.099100784","68","68","68"
"42347.099425","54","54","54"
"42347.09942587","54","54","54"
"42362.102281","54","54","54"
"42362.10228149","54","54","54"
"42377.10029","59","59","59"
"42377.100290708","59","59","59"
"42392.099518","68","68","68"
"42392.099518758","68","68","68"
"42407.099952","73","73","73"
"42407.099952475","73","73","73"
"42422.100118","99","99","99"
"42422.100118229","99","99","99"
"42437.10184","99","99","99"
"42437.10184014","99","99","99"
"42452.099337","94","94","94"
"42467.099522","62","62","62"
"42467.099522523","62","62","62"
"42482.099698","99","99","99"
"42482.099698718","99","99","99"
"42497.098943","99","99","99"
"42497.098943111","99","99","99"
"42512.099119","99","99","99"
"42512.099119125","99","99","99"
"42527.098759","99","99","99"
"42527.098759858","99","99","99"
"42542.099268","92","92","92"
"42542.099268463","92","92","92"
"42557.098851","99","99","99"
"42557.098851278","99","99","99"
"42572.099528","74","74","74"
"42572.099528365","74","74","74"
"42587.099531","59","59","59"
"42602.100007","93","93","93"
"42617.099436","60","60","60"
"42617.099436762","60","60","60"
"42632.099894","66","66","66"
"42647.099598","99","99","99"
"42662.099995","99","99","99"
"42662.09999579","99","99","99"
"42677.099069","99","99","99"
"42692.101514","61","61","61"
"42707.100521","85","85","85"
"42707.100521409","85","85","85"
"42722.100254","84","84","84"
"42722.100254374","84","84","84"
"42737.100479","94","94","94"
"42737.100479241","94","94","94"
"42752.100196","94","94","94"
"42752.100196245","94","94","94"
"42767.09821","99","99","99"
"42767.098210614","99","99","99"
"42782.09945","95","95","95"
"42782.09945042","95","95","95"
"42797.100195","60","60","60"
"42797.100195854","60","60","60"
"42812.10007","97","97","97"
"42812.10007017","97","97","97"
"42827.100227","60","60","60"
"42842.099211","83","83","83"
"42842.099211198","83","83","83"
"42857.100427","67","67","67"
"42857.100427194","67","67","67"
"42872.098298","95","95","95"
"42872.09829857","95","95","95"
"42887.098837","95","95","95"
"42887.098837963","95","95","95"
"42902.09978","95","95","95"
"42902.099780372","95","95","95"
"42917.09966","95","95","95"
"42917.099660765","95","95","95"
"42932.100503","99","99","99"
"42932.10050367","99","99","99"
"42947.09935","99","99","99"
"42947.099350412","99","99","99"
"42962.099898","99","99","99"
"42977.098617","95","95","95"
"42977.098617639","95","95","95"
"42992.099708","99","99","99"
"43007.100137","99","99","99"
"43022.101225","99","99","99"
"43022.101225982","99","99","99"
"43037.100213","99","99","99"
"43052.099492","99","99","99"
"43067.100007","99","99","99"
"43067.100007731","99","99","99"
"43082.100461","99","99","99"
"43082.100461835","99","99","99"
"43097.101343","99","99","99"
"43097.101343806","99","99","99"
"43112.099316","69","69","69"
"43112.09931664","69","69","69"
"43127.09996","63","63","63"
"43127.099960724","63","63","63"
"43142.098422","95","95","95"
"43142.098422606","95","95","95"
"43157.099949","99","99","99"
"43172.099643","98","98","98"
"43172.099643764","98","98","98"
"43187.099264","99","99","99"
"43187.099264587","99","99","99"
"43202.099585","95","95","95"
"43202.099585667","95","95","95"
"43217.099981","95","95","95"
"43217.099981782","95","95","95"
"43232.099141","95","95","95"
"43247.099295","99","99","99"
"43247.099295994","99","99","99"
"43262.099188","98","98","98"
"43262.09918884","98","98","98"
"43277.099699","99","99","99"
"43292.100265","99","99","99"
"43292.100265871","99","99","99"
"43307.100096","99","99","99"
"43307.10009623","99","99","99"
"43322.100216","63","63","63"
"43322.100216747","63","63","63"
"43337.099968","95","95","95"
"43352.100314","75","75","75"
"43352.100314523","75","75","75"
"43367.099736","91","91","91"
"43367.099736968","91","91","91"
"43382.099947","90","90","90"
"43382.099947337","90","90","90"
"43397.099746","93","93","93"
"43397.099746313","93","93","93"
"43412.099691","96","96","96"
"43412.099691607","96","96","96"
"43427.100012","95","95","95"
"43427.100012869","95","95","95"
"43442.100507","95","95","95"
"43442.1005075","95","95","95"
"43457.099447","96","96","96"
"43457.099447468","96","96","96"
"43472.099401","75","75","75"
"43472.099401475","75","75","75"
"43487.099596","99","99","99"
"43487.099596582","99","99","99"
"43502.098212","60","60","60"
"43502.098212473","60","60","60"
"43517.099063","89","89","89"
"43517.099063487","89","89","89"
"43532.099426","91","91","91"
"43532.099426502","91","91","91"
"43547.100092","86","86","86"
"43547.100092309","86","86","86"
"43562.099149","60","60","60"
"43562.099149424","60","60","60"
"43577.098908","64","64","64"
"43577.098908579","64","64","64"
"43592.099706","59","59","59"
"43592.099706778","59","59","59"
"43607.099559","58","58","58"
"43607.099559747","58","58","58"
"43622.099721","61","61","61"
"43622.099721384","61","61","61"
"43637.101471","68","68","68"
"43637.1014716","68","68","68"
"43652.101826","70","70","70"
"43652.101826062","70","70","70"
"43667.099718","99","99","99"
"43667.099718775","99","99","99"
"43682.100225","99","99","99"
"43682.100225326","99","99","99"
"43697.10004","99","99","99"
"43697.100040248","99","99","99"
"43712.09944","59","59","59"
"43712.099440452","59","59","59"
"43727.100185","60","60","60"
"43727.100185932","60","60","60"
"43742.099892","59","59","59"
"43742.099892692","59","59","59"
"43757.099567","60","60","60"
"43757.099567688","60","60","60"
"43772.099534","65","65","65"
"43772.099534473","65","65","65"
"43787.099784","91","91","91"
"43787.099784189","91","91","91"
"43802.09999","64","64","64"
"43802.099990834","64","64","64"
"43817.100155","95","95","95"
"43817.100155314","95","95","95"
"43832.098642","99","99","99"
"43832.098642986","99","99","99"
"43847.099061","99","99","99"
"43847.099061313","99","99","99"
"43862.099337","95","95","95"
"43877.099952","92","92","92"
"43877.099952335","92","92","92"
"43892.099413","70","70","70"
"43892.099413189","70","70","70"
"43907.100019","82","82","82"
"43907.100019671","82","82","82"
"43922.100261","59","59","59"
"43922.100261212","59","59","59"
"43937.099565","58","58","58"
"43937.099565492","58","58","58"
"43952.099822","77","77","77"
"43952.099822941","77","77","77"
"43967.099704","59","59","59"
"43967.09970449","59","59","59"
"43982.101232","63","63","63"
"43997.099105","99","99","99"
"43997.09910586","99","99","99"
"44012.099108","99","99","99"
"44012.099108589","99","99","99"
"44027.099672","99","99","99"
"44027.099672909","99","99","99"
"44042.099275","99","99","99"
"44042.099275358","99","99","99"
"44057.099914","99","99","99"
"44057.099914192","99","99","99"
"44072.099858","99","99","99"
"44072.0998582","99","99","99"
"44087.099497","99","99","99"
"44087.09949765","99","99","99"
"44102.099894","58","58","58"
"44102.09989455","58","58","58"
"44117.100604","66","66","66"
"44117.100604811","66","66","66"
"44132.099499","60","60","60"
"44132.099499324","60","60","60"
"44147.099756","82","82","82"
"44162.100068","90","90","90"
"44162.100068574","90","90","90"
"44177.100621","58","58","58"
"44177.10062181","58","58","58"
"44192.099507","76","76","76"
"44207.099348","84","84","84"
"44207.099348566","84","84","84"
"44222.099496","99","99","99"
"44237.098444","99","99","99"
"44237.098444896","99","99","99"
"44252.099444","95","95","95"
"44252.09944473","95","95","95"
"44267.100227","60","60","60"
"44282.099179","75","75","75"
"44282.0991797","75","75","75"
"44297.099258","99","99","99"
"44297.099258323","99","99","99"
"44312.099056","99","99","99"
"44312.099056484","99","99","99"
"44327.099351","95","95","95"
"44327.099351945","95","95","95"
"44342.100115","95","95","95"
"44342.100115247","95","95","95"
"44357.098958","95","95","95"
"44357.098958682","95","95","95"
"44372.101191","95","95","95"
"44387.10027","99","99","99"
"44387.100270903","99","99","99"
"44402.099795","66","66","66"
"44402.099795235","66","66","66"
"44417.09977","61","61","61"
"44417.099770534","61","61","61"
"44432.0994","89","89","89"
"44432.099400642","89","89","89"
"44447.098203","95","95","95"
"44447.098203085","95","95","95"
"44462.099843","95","95","95"
"44462.099843436","95","95","95"
"44477.099587","85","85","85"
"44477.09958728","85","85","85"
"44492.098403","95","95","95"
"44492.098403256","95","95","95"
"44507.100344","96","96","96"
"44507.100344278","96","96","96"
"44522.099845","95","95","95"
"44522.099845513","95","95","95"
"44537.100372","60","60","60"
"44537.100372382","60","60","60"
"44552.099633","77","77","77"
"44552.099633887","77","77","77"
"44567.099605","57","57","57"
"44567.099605303","57","57","57"
"44582.102235","59","59","59"
"44582.102235662","59","59","59"
"44597.100068","88","88","88"
"44612.100008","94","94","94"
"44612.100008878","94","94","94"
"44627.100119","64","64","64"
"44627.100119895","64","64","64"
"44642.098945","95","95","95"
"44642.098945141","95","95","95"
"44657.099149","95","95","95"
"44657.099149986","95","95","95"
"44672.09991","99","99","99"
"44672.099910412","99","99","99"
"44687.100396","95","95","95"
"44687.100396672","95","95","95"
"44702.098534","95","95","95"
"44702.098534817","95","95","95"
"44717.196822","81","81","81"
"44717.196822522","81","81","81"
"44732.1003","60","60","60"
"44732.100300664","60","60","60"
"44747.099586","99","99","99"
"44747.099586861","99","99","99"
"44762.099732","98","98","98"
"44762.099732578","98","98","98"
"44777.098251","96","96","96"
"44777.098251967","96","96","96"
"44792.099388","89","89","89"
"44807.099612","57","57","57"
"44807.099612257","57","57","57"
"44822.100941","99","99","99"
"44822.100941875","99","99","99"
"44837.100143","54","54","54"
"44837.100143411","54","54","54"
"44852.099752","55","55","55"
"44852.099752519","55","55","55"
"44867.099767","84","84","84"
"44867.09976762","84","84","84"
"44882.099838","99","99","99"
"44882.099838631","99","99","99"
"44897.09947","99","99","99"
"44897.099470273","99","99","99"
"44912.098705","96","96","96"
"44912.098705747","96","96","96"
"44927.100602","97","97","97"
"44927.100602328","97","97","97"
"44942.100369","81","81","81"
"44957.099721","99","99","99"
"44957.099721306","99","99","99"
"44972.099672","99","99","99"
"44972.099672553","99","99","99"
"44987.098489","95","95","95"
"44987.098489617","95","95","95"
"45002.099192","95","95","95"
"45002.099192905","95","95","95"
"45017.099654","95","95","95"
"45017.099654841","95","95","95"
"45032.099333","96","96","96"
"45032.099333503","96","96","96"
"45047.100256","95","95","95"
"45047.100256739","95","95","95"
"45062.099876","95","95","95"
"45062.099876202","95","95","95"
"45077.099531","99","99","99"
"45077.099531344","99","99","99"
"45092.098782","95","95","95"
"45092.098782263","95","95","95"
"45107.099938","95","95","95"
"45107.099938637","95","95","95"
"45122.099174","96","96","96"
"45122.099174417","96","96","96"
"45137.100023","74","74","74"
"45137.100023419","74","74","74"
"45152.099035","60","60","60"
"45152.099035344","60","60","60"
"45167.100197","95","95","95"
"45167.100197575","95","95","95"
"45182.099821","91","91","91"
"45182.099821451","91","91","91"
"45197.099426","88","88","88"
"45197.099426517","88","88","88"
"45212.09966","99","99","99"
"45212.099660292","99","99","99"
"45227.098801","99","99","99"
"45227.098801585","99","99","99"
"45242.100345","99","99","99"
"45242.100345271","99","99","99"
"45257.099342","98","98","98"
"45257.099342875","98","98","98"
"45272.099884","96","96","96"
"45272.099884176","96","96","96"
"45287.100312","95","95","95"
"45302.099605","95","95","95"
"45302.099605414","95","95","95"
"45317.099548","95","95","95"
"45317.09954825","95","95","95"
"45332.099395","57","57","57"
"45332.099395293","57","57","57"
"45347.099704","64","64","64"
"45347.099704245","64","64","64"
"45362.099599","60","60","60"
"45362.099599259","60","60","60"
"45377.099728","99","99","99"
"45377.099728466","99","99","99"
"45392.101702","95","95","95"
"45392.101702953","95","95","95"
"45407.101756","95","95","95"
"45407.101756216","95","95","95"
"45422.099487","90","90","90"
"45422.099487366","90","90","90"
"45437.101058","60","60","60"
"45437.101058225","60","60","60"
"45452.099329","97","97","97"
"45452.099329981","97","97","97"
"45467.099839","99","99","99"
"45467.099839487","99","99","99"
"45482.100571","95","95","95"
"45482.100571525","95","95","95"
"45497.100194","99","99","99"
"45497.100194468","99","99","99"
"45512.099674","95","95","95"
"45512.09967483","95","95","95"
"45527.099236","86","86","86"
"45527.099236386","86","86","86"
"45542.100668","64","64","64"
"45542.100668591","64","64","64"
"45557.099527","95","95","95"
"45557.099527679","95","95","95"
"45572.099689","99","99","99"
"45572.099689596","99","99","99"
"45587.099711","58","58","58"
"45587.0997115","58","58","58"
"45602.099733","76","76","76"
"45602.099733846","76","76","76"
"45617.100081","99","99","99"
"45632.100014","99","99","99"
"45647.099083","96","96","96"
"45647.099083183","96","96","96"
"45662.099794","89","89","89"
"45662.099794821","89","89","89"
"45677.09816","95","95","95"
"45677.098160844","95","95","95"
"45692.10001","88","88","88"
"45692.100010791","88","88","88"
"45707.100308","60","60","60"
"45707.100308358","60","60","60"
"45722.099865","61","61","61"
"45737.099875","99","99","99"
"45737.0998753","99","99","99"
"45752.098399","96","96","96"
"45752.09839935","96","96","96"
"45767.099303","96","96","96"
"45767.099303907","96","96","96"
"45782.099615","87","87","87"
"45782.099615965","87","87","87"
"45797.099258","61","61","61"
"45797.099258439","61","61","61"
"45812.099782","75","75","75"
"45812.099782543","75","75","75"
"45827.098403","58","58","58"
"45827.098403827","58","58","58"
"45842.099242","95","95","95"
"45842.099242953","95","95","95"
"45857.099044","99","99","99"
"45857.099044369","99","99","99"
"45872.098581","95","95","95"
"45872.098581577","95","95","95"
"45887.099591","85","85","85"
"45887.099591466","85","85","85"
"45902.099672","68","68","68"
"45902.09967267","68","68","68"
"45917.099277","99","99","99"
"45917.099277687","99","99","99"
"45932.099647","96","96","96"
"45947.099056","84","84","84"
"45947.099056236","84","84","84"
"45962.099588","74","74","74"
"45962.099588833","74","74","74"
"45977.099861","99","99","99"
"45977.099861282","99","99","99"
"45992.100245","99","99","99"
"45992.100245706","99","99","99"
"46007.101289","85","85","85"
"46007.101289237","85","85","85"
"46022.099879","99","99","99"
"46022.099879768","99","99","99"
"46037.099712","99","99","99"
"46037.09971299","99","99","99"
"46052.099594","55","55","55"
"46067.09978","92","92","92"
"46067.09978087","92","92","92"
"46082.099747","85","85","85"
"46082.099747396","85","85","85"
"46097.099852","60","60","60"
"46097.099852896","60","60","60"
"46112.099794","99","99","99"
"46112.099794421","99","99","99"
"46127.099691","99","99","99"
"46127.099691434","99","99","99"
"46142.099348","99","99","99"
"46142.099348978","99","99","99"
"46157.099498","84","84","84"
"46157.099498581","84","84","84"
"46172.099334","94","94","94"
"46172.099334947","94","94","94"
"46187.099255","99","99","99"
"46187.09925553","99","99","99"
"46202.099037","95","95","95"
"46202.099037116","95","95","95"
"46217.099444","85","85","85"
"46217.099444405","85","85","85"
"46232.099892","60","60","60"
"46232.099892204","60","60","60"
"46247.099167","94","94","94"
"46247.099167257","94","94","94"
"46262.098993","93","93","93"
"46277.099591","99","99","99"
"46277.099591299","99","99","99"
"46292.099492","73","73","73"
"46292.099492934","73","73","73"
"46307.100628","61","61","61"
"46307.100628267","61","61","61"
"46322.10038","95","95","95"
"46322.100380775","95","95","95"
"46337.09963","98","98","98"
"46337.099630556","98","98","98"
"46352.099471","56","56","56"
"46352.099471369","56","56","56"
"46367.099723","80","80","80"
"46367.099723999","80","80","80"
"46382.100173","65","65","65"
"46382.100173515","65","65","65"
"46397.09965","57","57","57"
"46397.09965005","57","57","57"
"46412.100406","94","94","94"
"46412.100406698","94","94","94"
"46427.099631","61","61","61"
"46427.099631908","61","61","61"
"46442.099909","75","75","75"
"46442.099909814","75","75","75"
"46457.100544","99","99","99"
"46457.100544481","99","99","99"
"46472.099319","95","95","95"
"46472.099319745","95","95","95"
"46487.100265","99","99","99"
"46487.100265233","99","99","99"
"46502.099955","95","95","95"
"46502.099955723","95","95","95"
"46517.099986","95","95","95"
"46517.099986794","95","95","95"
"46532.100587","96","96","96"
"46532.100587613","96","96","96"
"46547.100514","98","98","98"
"46547.100514261","98","98","98"
"46562.098932","74","74","74"
"46577.099954","66","66","66"
"46592.10066","94","94","94"
"46592.100660512","94","94","94"
"46607.100009","99","99","99"
"46607.100009629","99","99","99"
"46622.099526","99","99","99"
"46622.099526764","99","99","99"
"46637.0999","95","95","95"
"46637.099900821","95","95","95"
"46652.101618","88","88","88"
"46652.10161892","88","88","88"
"46667.099972","99","99","99"
"46667.099972136","99","99","99"
"46682.101646","95","95","95"
"46682.101646832","95","95","95"
"46697.100912","96","96","96"
"46697.100912419","96","96","96"
"46712.099879","96","96","96"
"46712.0998794","96","96","96"
"46727.099693","95","95","95"
"46742.098479","86","86","86"
"46742.098479553","86","86","86"
"46757.100236","99","99","99"
"46757.100236753","99","99","99"
"46772.09955","95","95","95"
"46772.099550701","95","95","95"
"46787.099863","95","95","95"
"46787.099863852","95","95","95"
"46802.101322","96","96","96"
"46802.101322451","96","96","96"
"46817.099402","99","99","99"
"46817.099402534","99","99","99"
"46832.100255","95","95","95"
"46832.100255328","95","95","95"
"46847.102789","61","61","61"
"46847.102789808","61","61","61"
"46862.102178","94","94","94"
"46877.099964","56","56","56"
"46877.099964876","56","56","56"
"46892.100133","58","58","58"
"46892.100133616","58","58","58"
"46907.09908","85","85","85"
"46922.098429","76","76","76"
"46922.098429517","76","76","76"
"46937.099392","59","59","59"
"46937.09939207","59","59","59"
"46952.099641","52","52","52"
"46952.099641475","52","52","52"
"46967.100046","75","75","75"
"46967.100046359","75","75","75"
"46982.100036","97","97","97"
"46982.100036215","97","97","97"
"46997.099272","95","95","95"
"46997.09927249","95","95","95"
"47012.099394","95","95","95"
"47012.099394296","95","95","95"
"47027.09946","95","95","95"
"47027.099460429","95","95","95"
"47042.099631","80","80","80"
"47042.099631339","80","80","80"
"47057.100053","99","99","99"
"47057.1000534","99","99","99"
"47072.100169","84","84","84"
"47072.100169142","84","84","84"
"47087.099456","99","99","99"
"47087.099456509","99","99","99"
"47102.100073","99","99","99"
"47102.100073755","99","99","99"
"47117.100481","99","99","99"
"47117.10048191","99","99","99"
"47132.100309","99","99","99"
"47132.100309141","99","99","99"
"47147.099827","99","99","99"
"47147.0998276","99","99","99"
"47162.09977","99","99","99"
"47162.099770739","99","99","99"
"47177.099367","99","99","99"
"47177.099367229","99","99","99"
"47192.099376","95","95","95"
"47192.099376129","95","95","95"
"47207.100002","95","95","95"
"47207.100002182","95","95","95"
"47222.099711","65","65","65"
"47222.099711362","65","65","65"
"47237.099974","64","64","64"
"47237.099974787","64","64","64"
"47252.099294","99","99","99"
"47252.099294545","99","99","99"
"47267.099244","99","99","99"
"47282.100676","99","99","99"
"47297.099913","99","99","99"
"47297.099913768","99","99","99"
"47312.099564","98","98","98"
"47312.099564681","98","98","98"
"47327.098318","51","51","51"
"47342.099339","60","60","60"
"47357.09989","61","61","61"
"47357.099890652","61","61","61"
"47372.099385","95","95","95"
"47372.099385618","95","95","95"
"47387.100045","85","85","85"
"47387.100045843","85","85","85"
"47402.099841","95","95","95"
"47417.099322","95","95","95"
"47417.099322729","95","95","95"
"47432.09981","95","95","95"
"47432.099810897","95","95","95"
"47447.099522","95","95","95"
"47447.099522634","95","95","95"
"47462.100081","99","99","99"
"47462.100081167","99","99","99"
"47477.099061","99","99","99"
"47477.099061231","99","99","99"
"47492.099355","99","99","99"
"47492.099355402","99","99","99"
"47507.100036","95","95","95"
"47507.10003679","95","95","95"
"47522.099842","95","95","95"
"47522.099842894","95","95","95"
"47537.099975","95","95","95"
"47537.099975749","95","95","95"
"47552.099325","57","57","57"
"47552.099325322","57","57","57"
"47567.100353","60","60","60"
"47567.100353884","60","60","60"
"47582.099257","99","99","99"
"47582.099257897","99","99","99"
"47597.099524","99","99","99"
"47597.099524421","99","99","99"
"47612.099918","96","96","96"
"47612.099918544","96","96","96"
"47627.102592","96","96","96"
"47627.102592165","96","96","96"
"47642.099615","87","87","87"
"47642.099615629","87","87","87"
"47657.099922","99","99","99"
"47657.099922389","99","99","99"
"47672.099851","99","99","99"
"47672.099851676","99","99","99"
"47687.101036","95","95","95"
"47702.09914","99","99","99"
"47702.099140996","99","99","99"
"47717.099988","74","74","74"
"47717.099988999","74","74","74"
"47732.099432","61","61","61"
"47732.099432451","61","61","61"
"47747.100085","67","67","67"
"47747.100085954","67","67","67"
"47762.099459","77","77","77"
"47762.099459128","77","77","77"
"47777.100129","99","99","99"
"47777.100129932","99","99","99"
"47792.09912","99","99","99"
"47792.099120888","99","99","99"
"47807.100069","98","98","98"
"47807.100069243","98","98","98"
"47822.10018","90","90","90"
"47822.100180886","90","90","90"
"47837.099095","99","99","99"
"47837.099095519","99","99","99"
"47852.099391","99","99","99"
"47852.09939119","99","99","99"
"47867.099076","99","99","99"
"47867.099076633","99","99","99"
"47882.09988","95","95","95"
"47882.099880411","95","95","95"
"47897.09981","96","96","96"
"47912.099753","95","95","95"
"47912.099753075","95","95","95"
"47927.100418","95","95","95"
"47927.100418384","95","95","95"
"47942.099624","71","71","71"
"47942.099624327","71","71","71"
"47957.099738","99","99","99"
"47957.099738641","99","99","99"
"47972.098855","99","99","99"
"47972.098855146","99","99","99"
"47987.099359","99","99","99"
"48002.099599","99","99","99"
"48002.099599597","99","99","99"
"48017.099948","68","68","68"
"48017.099948279","68","68","68"
"48032.099109","60","60","60"
"48032.099109355","60","60","60"
"48047.099217","56","56","56"
"48047.099217156","56","56","56"
"48062.0995","57","57","57"
"48062.099500067","57","57","57"
"48077.099985","95","95","95"
"48092.099678","95","95","95"
"48092.09967895","95","95","95"
"48107.100412","95","95","95"
"48107.100412354","95","95","95"
"48122.099222","95","95","95"
"48122.099222812","95","95","95"
"48137.10115","96","96","96"
"48137.101150187","96","96","96"
"48152.099715","57","57","57"
"48152.099715888","57","57","57"
"48167.099918","95","95","95"
"48167.099918886","95","95","95"
"48182.099314","99","99","99"
"48197.099494","95","95","95"
"48197.099494156","95","95","95"
"48212.099241","95","95","95"
"48227.099837","76","76","76"
"48227.099837617","76","76","76"
"48242.100233","97","97","97"
"48242.10023327","97","97","97"
"48257.099696","83","83","83"
"48257.099696337","83","83","83"
"48272.099936","60","60","60"
"48272.099936794","60","60","60"
"48287.099231","94","94","94"
"48287.099231322","94","94","94"
"48302.100009","99","99","99"
"48302.100009998","99","99","99"
"48317.099489","99","99","99"
"48317.099489901","99","99","99"
"48332.100044","99","99","99"
"48347.099296","99","99","99"
"48347.099296424","99","99","99"
"48362.101369","95","95","95"
"48362.101369183","95","95","95"
"48377.099801","99","99","99"
"48392.099415","95","95","95"
"48392.099415344","95","95","95"
"48407.099657","95","95","95"
"48407.099657413","95","95","95"
"48422.100108","95","95","95"
"48422.100108836","95","95","95"
"48437.100182","83","83","83"
"48437.100182755","83","83","83"
"48452.099482","91","91","91"
"48452.099482517","91","91","91"
"48467.100329","99","99","99"
"48467.100329563","99","99","99"
"48482.099953","99","99","99"
"48482.099953845","99","99","99"
"48497.100666","54","54","54"
"48497.100666495","54","54","54"
"48512.099545","58","58","58"
"48512.099545481","58","58","58"
"48527.09984","58","58","58"
"48527.099840476","58","58","58"
"48542.099128","59","59","59"
"48542.099128779","59","59","59"
"48557.099392","99","99","99"
"48557.099392452","99","99","99"
"48572.099906","99","99","99"
"48587.09924","95","95","95"
"48587.099240727","95","95","95"
"48602.099799","95","95","95"
"48602.099799845","95","95","95"
"48617.098537","99","99","99"
"48617.098537431","99","99","99"
"48632.099343","95","95","95"
"48647.099106","95","95","95"
"48647.099106889","95","95","95"
"48662.099848","95","95","95"
"48662.099848156","95","95","95"
"48677.099035","95","95","95"
"48677.099035846","95","95","95"
"48692.10049","99","99","99"
"48707.099417","56","56","56"
"48707.099417267","56","56","56"
"48722.099479","65","65","65"
"48722.09947923","65","65","65"
"48737.101467","99","99","99"
"48737.101467751","99","99","99"
"48752.099088","97","97","97"
"48752.099088241","97","97","97"
"48767.099839","81","81","81"
"48767.09983987","81","81","81"
"48782.099861","64","64","64"
"48782.099861833","64","64","64"
"48797.099501","63","63","63"
"48797.099501988","63","63","63"
"48812.099756","64","64","64"
"48827.099439","88","88","88"
"48842.099412","59","59","59"
"48842.099412794","59","59","59"
"48857.099994","76","76","76"
"48857.099994174","76","76","76"
"48872.099443","91","91","91"
"48872.099443429","91","91","91"
"48887.100118","59","59","59"
"48887.10011824","59","59","59"
"48902.099397","72","72","72"
"48902.099397662","72","72","72"
"48917.099376","89","89","89"
"48917.099376973","89","89","89"
"48932.101076","83","83","83"
"48932.101076365","83","83","83"
"48947.101116","82","82","82"
"48947.101116442","82","82","82"
"48962.100268","74","74","74"
"48962.100268565","74","74","74"
"48977.099519","95","95","95"
"48977.099519497","95","95","95"
"48992.10013","96","96","96"
"48992.100130509","96","96","96"
"49007.099438","99","99","99"
"49007.099438885","99","99","99"
"49022.09953","95","95","95"
"49022.099530449","95","95","95"
"49037.099557","58","58","58"
"49037.099557827","58","58","58"
"49052.100722","59","59","59"
"49052.100722552","59","59","59"
"49067.099477","99","99","99"
"49082.09893","99","99","99"
"49082.09893091","99","99","99"
"49097.099742","99","99","99"
"49097.099742807","99","99","99"
"49112.098628","99","99","99"
"49112.09862877","99","99","99"
"49127.100524","95","95","95"
"49142.101021","95","95","95"
"49142.101021677","95","95","95"
"49157.100909","95","95","95"
"49157.100909242","95","95","95"
"49172.098753","95","95","95"
"49187.10141","95","95","95"
"49187.101410914","95","95","95"
"49202.099982","95","95","95"
"49202.099982529","95","95","95"
"49217.099239","99","99","99"
"49217.099239914","99","99","99"
"49232.100915","95","95","95"
"49232.100915868","95","95","95"
"49247.101283","59","59","59"
"49247.101283497","59","59","59"
"49262.100204","99","99","99"
"49277.099926","86","86","86"
"49277.099926789","86","86","86"
"49292.099605","98","98","98"
"49292.099605756","98","98","98"
"49307.100055","99","99","99"
"49322.099432","91","91","91"
"49322.099432415","91","91","91"
"49337.099824","95","95","95"
"49337.099824401","95","95","95"
"49352.099456","95","95","95"
"49352.099456749","95","95","95"
"49367.098892","95","95","95"
"49367.098892341","95","95","95"
"49382.098537","95","95","95"
"49382.098537292","95","95","95"
"49397.099883","95","95","95"
"49397.099883978","95","95","95"
"49412.100404","95","95","95"
"49427.099833","85","85","85"
"49427.099833863","85","85","85"
"49442.100014","80","80","80"
"49457.099732","95","95","95"
"49457.099732469","95","95","95"
"49472.100201","99","99","99"
"49487.100329","99","99","99"
"49487.10032996","99","99","99"
"49502.099965","95","95","95"
"49502.099965885","95","95","95"
"49517.099968","65","65","65"
"49517.099968939","65","65","65"
"49532.099611","84","84","84"
"49532.099611371","84","84","84"
"49547.099399","59","59","59"
"49547.099399693","59","59","59"
"49562.100178","58","58","58"
"49562.10017861","58","58","58"
"49577.09995","56","56","56"
"49577.099950953","56","56","56"
"49592.099432","85","85","85"
"49592.099432863","85","85","85"
"49607.100288","60","60","60"
"49607.100288115","60","60","60"
"49622.099157","99","99","99"
"49622.099157678","99","99","99"
"49637.099591","99","99","99"
"49637.099591521","99","99","99"
"49652.098196","99","99","99"
"49652.09819634","99","99","99"
"49667.099418","98","98","98"
"49667.099418677","98","98","98"
"49682.100354","75","75","75"
"49682.100354928","75","75","75"
"49697.099692","84","84","84"
"49697.09969233","84","84","84"
"49712.099579","69","69","69"
"49712.099579617","69","69","69"
"49727.10006","80","80","80"
"49727.100060135","80","80","80"
"49742.099293","88","88","88"
"49742.099293856","88","88","88"
"49757.100151","99","99","99"
"49757.100151202","99","99","99"
"49772.100617","96","96","96"
"49772.10061789","96","96","96"
"49787.100181","99","99","99"
"49802.099491","99","99","99"
"49817.099114","95","95","95"
"49817.099114444","95","95","95"
"49832.100082","95","95","95"
"49832.100082259","95","95","95"
"49847.099231","89","89","89"
"49847.099231351","89","89","89"
"49862.098919","99","99","99"
"49862.098919197","99","99","99"
"49877.099585","99","99","99"
"49877.099585257","99","99","99"
"49892.100065","99","99","99"
"49907.099655","99","99","99"
"49907.099655266","99","99","99"
"49922.099256","99","99","99"
"49937.099433","99","99","99"
"49937.099433092","99","99","99"
"49952.099803","99","99","99"
"49952.099803892","99","99","99"
"49967.100265","99","99","99"
"49967.100265489","99","99","99"
"49982.099911","93","93","93"
"49982.099911461","93","93","93"
"49997.100087","83","83","83"
"49997.10008747","83","83","83"
"50012.099535","95","95","95"
"50027.099568","99","99","99"
"50027.099568625","99","99","99"
"50042.409605","99","99","99"
"50042.40960577","99","99","99"
"50057.09948","99","99","99"
"50057.099480235","99","99","99"
"50072.099681","99","99","99"
"50072.099681313","99","99","99"
"50087.100082","99","99","99"
"50087.100082906","99","99","99"
"50102.100307","99","99","99"
"50117.099688","95","95","95"
"50132.099884","95","95","95"
"50132.099884782","95","95","95"
"50147.099895","95","95","95"
"50147.099895503","95","95","95"
"50162.100052","62","62","62"
"50162.100052475","62","62","62"
"50177.099638","89","89","89"
"50177.099638251","89","89","89"
"50192.099426","60","60","60"
"50192.099426233","60","60","60"
"50207.099297","66","66","66"
"50207.099297545","66","66","66"
"50222.099742","60","60","60"
"50222.099742855","60","60","60"
"50237.099548","94","94","94"
"50252.099719","99","99","99"
"50252.099719886","99","99","99"
"50267.099299","99","99","99"
"50267.099299065","99","99","99"
"50282.098854","99","99","99"
"50282.098854619","99","99","99"
"50297.098522","99","99","99"
"50297.098522505","99","99","99"
"50312.099674","91","91","91"
"50312.099674166","91","91","91"
"50327.099842","95","95","95"
"50342.100019","60","60","60"
"50342.100019554","60","60","60"
"50357.098936","99","99","99"
"50357.098936278","99","99","99"
"50372.098564","99","99","99"
"50372.098564588","99","99","99"
"50387.099868","95","95","95"
"50387.099868195","95","95","95"
"50402.100009","95","95","95"
"50402.100009946","95","95","95"
"50417.098942","99","99","99"
"50417.098942497","99","99","99"
"50432.101642","99","99","99"
"50432.101642859","99","99","99"
"50447.099733","95","95","95"
"50462.100061","99","99","99"
"50462.100061849","99","99","99"
"50477.100038","92","92","92"
"50477.100038995","92","92","92"
"50492.100361","95","95","95"
"50492.10036164","95","95","95"
"50507.09858","99","99","99"
"50507.098580979","99","99","99"
"50522.100117","96","96","96"
"50522.100117858","96","96","96"
"50537.100288","95","95","95"
"50537.100288102","95","95","95"
"50552.099825","85","85","85"
"50552.099825327","85","85","85"
"50567.100347","60","60","60"
"50567.100347157","60","60","60"
"50582.099464","60","60","60"
"50582.099464226","60","60","60"
"50597.100172","56","56","56"
"50597.100172573","56","56","56"
"50612.099882","58","58","58"
"50612.099882821","58","58","58"
"50627.099221","59","59","59"
"50627.099221445","59","59","59"
"50642.099904","57","57","57"
"50657.099548","58","58","58"
"50657.099548639","58","58","58"
"50672.099468","95","95","95"
"50672.099468711","95","95","95"
"50687.098569","99","99","99"
"50687.098569979","99","99","99"
"50702.098656","99","99","99"
"50702.098656651","99","99","99"
"50717.101299","95","95","95"
"50717.101299252","95","95","95"
"50732.100605","95","95","95"
"50732.100605332","95","95","95"
"50747.09997","89","89","89"
"50762.099429","60","60","60"
"50762.099429458","60","60","60"
"50777.099614","68","68","68"
"50777.099614378","68","68","68"
"50792.100332","84","84","84"
"50807.099217","99","99","99"
"50807.099217605","99","99","99"
"50822.100121","58","58","58"
"50822.100121156","58","58","58"
"50837.100741","87","87","87"
"50837.10074139","87","87","87"
"50852.099574","99","99","99"
"50852.099574519","99","99","99"
"50867.098332","99","99","99"
"50867.09833225","99","99","99"
"50882.098699","99","99","99"
"50882.098699829","99","99","99"
"50897.099928","95","95","95"
"50897.099928339","95","95","95"
"50912.099208","65","65","65"
"50912.099208403","65","65","65"
"50927.099577","60","60","60"
"50927.099577351","60","60","60"
"50942.099387","69","69","69"
"50942.099387423","69","69","69"
"50957.099913","99","99","99"
"50957.099913923","99","99","99"
"50972.098923","99","99","99"
"50972.098923861","99","99","99"
"50987.099644","89","89","89"
"50987.099644746","89","89","89"
"51002.0988","99","99","99"
"51002.09880011","99","99","99"
"51017.099293","56","56","56"
"51032.099724","69","69","69"
"51032.099724265","69","69","69"
"51047.099252","64","64","64"
"51047.099252383","64","64","64"
"51062.100402","99","99","99"
"51062.100402562","99","99","99"
"51077.100522","82","82","82"
"51077.100522593","82","82","82"
"51092.099061","95","95","95"
"51107.100628","53","53","53"
"51107.100628036","53","53","53"
"51122.100394","60","60","60"
"51122.100394639","60","60","60"
"51137.099489","82","82","82"
"51137.099489968","82","82","82"
"51152.099439","99","99","99"
"51152.099439776","99","99","99"
"51167.099234","95","95","95"
"51182.099504","71","71","71"
"51182.099504621","71","71","71"
"51197.09941","60","60","60"
"51212.099442","76","76","76"
"51212.099442977","76","76","76"
"51227.099695","99","99","99"
"51227.099695837","99","99","99"
"51242.100408","87","87","87"
"51257.099761","99","99","99"
"51257.09976132","99","99","99"
"51272.099493","99","99","99"
"51272.099493763","99","99","99"
"51287.099929","95","95","95"
"51287.099929602","95","95","95"
"51302.099671","99","99","99"
"51317.100092","58","58","58"
"51317.100092304","58","58","58"
"51332.099874","83","83","83"
"51332.099874798","83","83","83"
"51347.100451","71","71","71"
"51347.100451671","71","71","71"
"51362.100168","81","81","81"
"51377.100119","70","70","70"
"51377.100119424","70","70","70"
"51392.09999","99","99","99"
"51407.098703","95","95","95"
"51407.098703548","95","95","95"
"51422.099454","96","96","96"
"51422.099454289","96","96","96"
"51437.098417","95","95","95"
"51437.09841756","95","95","95"
"51452.099281","79","79","79"
"51452.099281616","79","79","79"
"51467.099934","99","99","99"
"51467.099934853","99","99","99"
"51482.099659","99","99","99"
"51482.099659385","99","99","99"
"51497.099726","95","95","95"
"51497.099726381","95","95","95"
"51512.099961","96","96","96"
"51527.099941","99","99","99"
"51527.099941901","99","99","99"
"51542.099746","99","99","99"
"51542.099746778","99","99","99"
"51557.099425","95","95","95"
"51557.099425538","95","95","95"
"51572.098492","95","95","95"
"51572.098492341","95","95","95"
"51587.101696","96","96","96"
"51587.101696268","96","96","96"
"51602.101629","73","73","73"
"51602.101629726","73","73","73"
"51617.101135","57","57","57"
"51617.101135327","57","57","57"
"51632.099347","99","99","99"
"51632.099347477","99","99","99"
"51647.098783","95","95","95"
"51647.098783776","95","95","95"
"51662.101037","92","92","92"
"51677.101243","68","68","68"
"51677.10124357","68","68","68"
"51692.099129","95","95","95"
"51692.099129631","95","95","95"
"51707.100977","99","99","99"
"51722.100737","95","95","95"
"51722.10073739","95","95","95"
"51737.099454","93","93","93"
"51737.099454466","93","93","93"
"51752.100304","60","60","60"
"51752.100304876","60","60","60"
"51767.100088","60","60","60"
"51782.100093","81","81","81"
"51782.100093304","81","81","81"
"51797.099634","99","99","99"
"51797.099634799","99","99","99"
"51812.099993","99","99","99"
"51812.099993891","99","99","99"
"51827.10051","51","51","51"
"51827.10051047","51","51","51"
"51842.099664","88","88","88"
"51842.099664942","88","88","88"
"51857.100084","60","60","60"
"51857.10008445","60","60","60"
"51872.099627","99","99","99"
"51872.099627455","99","99","99"
"51887.100402","95","95","95"
"51887.100402781","95","95","95"
"51902.099512","95","95","95"
"51902.099512763","95","95","95"
"51917.099889","71","71","71"
"51917.099889387","71","71","71"
"51932.10015","97","97","97"
"51932.10015029","97","97","97"
"51947.100121","96","96","96"
"51947.100121866","96","96","96"
"51962.098615","61","61","61"
"51962.098615379","61","61","61"
"51977.09972","99","99","99"
"51977.099720534","99","99","99"
"51992.099425","99","99","99"
"51992.099425747","99","99","99"
"52007.099723","95","95","95"
"52007.099723406","95","95","95"
"52022.0993","97","97","97"
"52022.099300526","97","97","97"
"52037.099442","79","79","79"
"52037.099442594","79","79","79"
"52052.099836","59","59","59"
"52052.099836803","59","59","59"
"52067.099252","64","64","64"
"52067.099252238","64","64","64"
"52082.098918","99","99","99"
"52082.09891881","99","99","99"
"52097.100376","99","99","99"
"52112.09807","99","99","99"
"52112.098070342","99","99","99"
"52127.098353","99","99","99"
"52142.099006","99","99","99"
"52142.099006603","99","99","99"
"52157.099977","99","99","99"
"52157.099977928","99","99","99"
"52172.100194","99","99","99"
"52172.100194309","99","99","99"
"52187.1005","60","60","60"
"52187.100500385","60","60","60"
"52202.099486","56","56","56"
"52202.099486312","56","56","56"
"52217.098631","91","91","91"
"52217.098631356","91","91","91"
"52232.098929","99","99","99"
"52247.09921","99","99","99"
"52247.099210505","99","99","99"
"52262.09991","99","99","99"
"52262.099910163","99","99","99"
"52277.099599","99","99","99"
"52277.099599732","99","99","99"
"52292.099989","95","95","95"
"52292.099989499","95","95","95"
"52307.099851","99","99","99"
"52307.099851607","99","99","99"
"52322.099074","99","99","99"
"52337.099633","99","99","99"
"52337.09963313","99","99","99"
"52352.100317","99","99","99"
"52352.100317478","99","99","99"
"52367.09999","96","96","96"
"52367.099990596","96","96","96"
"52382.099306","60","60","60"
"52382.099306724","60","60","60"
"52397.098237","99","99","99"
"52397.098237578","99","99","99"
"52412.099492","99","99","99"
"52427.099297","99","99","99"
"52427.099297503","99","99","99"
"52442.099311","57","57","57"
"52442.099311974","57","57","57"
"52457.099936","96","96","96"
"52457.099936634","96","96","96"
"52472.100068","96","96","96"
"52487.098879","96","96","96"
"52487.09887995","96","96","96"
"52502.099142","63","63","63"
"52517.100057","59","59","59"
"52517.100057597","59","59","59"
"52532.099125","87","87","87"
"52532.099125493","87","87","87"
"52547.10023","60","60","60"
"52547.100230906","60","60","60"
"52562.099007","75","75","75"
"52562.099007298","75","75","75"
"52577.10129","99","99","99"
"52577.101290543","99","99","99"
"52592.10236","99","99","99"
"52592.10236039","99","99","99"
"52607.09964","95","95","95"
"52607.099640152","95","95","95"
"52622.1014","95","95","95"
"52622.101400848","95","95","95"
"52637.101033","96","96","96"
"52637.101033559","96","96","96"
"52652.099661","99","99","99"
"52667.099911","90","90","90"
"52682.09971","58","58","58"
"52682.09971049","58","58","58"
"52697.099903","95","95","95"
"52712.09961","95","95","95"
"52712.099610705","95","95","95"
"52727.10017","95","95","95"
"52727.100170118","95","95","95"
"52742.1003","95","95","95"
"52742.100300312","95","95","95"
"52757.100143","96","96","96"
"52757.100143159","96","96","96"
"52772.100085","69","69","69"
"52772.100085398","69","69","69"
"52787.098222","95","95","95"
"52787.098222501","95","95","95"
"52802.099051","99","99","99"
"52802.099051513","99","99","99"
"52817.100069","99","99","99"
"52817.10006967","99","99","99"
"52832.100381","91","91","91"
"52832.100381198","91","91","91"
"52847.099749","95","95","95"
"52862.099905","99","99","99"
"52862.09990534","99","99","99"
"52877.100598","95","95","95"
"52892.09967","95","95","95"
"52892.099670945","95","95","95"
"52907.09952","91","91","91"
"52907.099520348","91","91","91"
"52922.100416","94","94","94"
"52922.100416494","94","94","94"
"52937.099485","99","99","99"
"52937.099485747","99","99","99"
"52952.09851","95","95","95"
"52952.098510171","95","95","95"
"52967.099941","96","96","96"
"52967.099941136","96","96","96"
"52982.099615","86","86","86"
"52982.099615749","86","86","86"
"52997.100183","57","57","57"
"52997.100183336","57","57","57"
"53012.098477","83","83","83"
"53012.098477642","83","83","83"
"53027.099966","96","96","96"
"53027.099966276","96","96","96"
"53042.10032","93","93","93"
"53057.100012","96","96","96"
"53057.100012739","96","96","96"
"53072.100633","74","74","74"
"53072.100633723","74","74","74"
"53087.100067","60","60","60"
"53087.100067273","60","60","60"
"53102.099846","61","61","61"
"53117.099873","99","99","99"
"53117.099873761","99","99","99"
"53132.099958","96","96","96"
"53132.099958571","96","96","96"
"53147.099499","68","68","68"
"53147.099499629","68","68","68"
"53162.099432","60","60","60"
"53177.09885","82","82","82"
"53177.09885058","82","82","82"
"53192.099656","60","60","60"
"53192.099656606","60","60","60"
"53207.09955","61","61","61"
"53222.100422","92","92","92"
"53222.100422802","92","92","92"
"53237.099346","99","99","99"
"53237.099346398","99","99","99"
"53252.100193","99","99","99"
"53252.100193967","99","99","99"
"53267.098571","95","95","95"
"53267.09857199","95","95","95"
"53282.098717","95","95","95"
"53297.099384","95","95","95"
"53297.099384985","95","95","95"
"53312.101566","95","95","95"
"53312.101566696","95","95","95"
"53327.099427","60","60","60"
"53327.099427864","60","60","60"
"53342.099685","60","60","60"
"53342.099685532","60","60","60"
"53357.100026","60","60","60"
"53357.100026793","60","60","60"
"53372.099916","99","99","99"
"53372.099916196","99","99","99"
"53387.099944","99","99","99"
"53402.099617","86","86","86"
"53402.099617433","86","86","86"
"53417.100174","99","99","99"
"53417.100174234","99","99","99"
"53432.100299","93","93","93"
"53447.09944","72","72","72"
"53447.099440243","72","72","72"
"53462.099905","69","69","69"
"53462.099905218","69","69","69"
"53477.09972","60","60","60"
"53492.099458","65","65","65"
"53492.099458996","65","65","65"
"53507.09899","99","99","99"
"53522.098418","99","99","99"
"53522.098418961","99","99","99"
"53537.099793","95","95","95"
"53537.099793323","95","95","95"
"53552.10028","92","92","92"
"53567.099765","95","95","95"
"53567.099765635","95","95","95"
"53582.098117","95","95","95"
"53582.098117453","95","95","95"
"53597.099333","95","95","95"
"53612.099785","95","95","95"
"53627.099947","99","99","99"
"53627.099947648","99","99","99"
"53642.099289","99","99","99"
"53642.099289988","99","99","99"
"53657.100128","99","99","99"
"53657.100128286","99","99","99"
"53672.099494","99","99","99"
"53672.099494377","99","99","99"
"53687.098922","95","95","95"
"53687.098922369","95","95","95"
"53702.099637","99","99","99"
"53702.099637615","99","99","99"
"53717.099919","99","99","99"
"53717.099919458","99","99","99"
"53732.099604","99","99","99"
"53732.099604912","99","99","99"
"53747.099209","95","95","95"
"53747.099209563","95","95","95"
"53762.099213","95","95","95"
"53762.099213807","95","95","95"
"53777.100294","95","95","95"
"53792.101886","95","95","95"
"53792.10188689","95","95","95"
"53807.099669","95","95","95"
"53807.099669188","95","95","95"
"53822.100917","69","69","69"
"53822.100917407","69","69","69"
"53837.100294","60","60","60"
"53837.100294866","60","60","60"
"53852.099687","82","82","82"
"53867.099408","91","91","91"
"53882.09996","94","94","94"
"53882.0999605","94","94","94"
"53897.099805","95","95","95"
"53897.099805777","95","95","95"
"53912.099196","95","95","95"
"53912.099196555","95","95","95"
"53927.099852","78","78","78"
"53942.100022","73","73","73"
"53942.100022779","73","73","73"
"53957.099658","60","60","60"
"53957.099658586","60","60","60"
"53972.09986","79","79","79"
"53972.099860095","79","79","79"
"53987.100063","88","88","88"
"53987.100063602","88","88","88"
"54002.099739","72","72","72"
"54002.099739613","72","72","72"
"54017.099559","59","59","59"
"54017.099559787","59","59","59"
"54032.098932","99","99","99"
"54047.099344","99","99","99"
"54047.099344264","99","99","99"
"54062.09923","90","90","90"
"54062.099230857","90","90","90"
"54077.10039","60","60","60"
"54077.100390714","60","60","60"
"54092.101959","78","78","78"
"54107.099756","99","99","99"
"54107.099756213","99","99","99"
"54122.099946","99","99","99"
"54122.099946216","99","99","99"
"54137.100998","95","95","95"
"54137.100998702","95","95","95"
"54152.099409","99","99","99"
"54152.099409362","99","99","99"
"54167.100445","99","99","99"
"54167.100445669","99","99","99"
"54182.098938","95","95","95"
"54197.100341","99","99","99"
"54197.100341295","99","99","99"
"54212.099514","95","95","95"
"54212.099514229","95","95","95"
"54227.098706","95","95","95"
"54227.098706727","95","95","95"
"54242.099979","60","60","60"
"54242.099979226","60","60","60"
"54257.100563","90","90","90"
"54272.099676","99","99","99"
"54272.099676038","99","99","99"
"54287.099696","72","72","72"
"54302.100412","99","99","99"
"54302.100412746","99","99","99"
"54317.099987","99","99","99"
"54332.100053","94","94","94"
"54332.10005348","94","94","94"
"54347.100048","58","58","58"
"54362.099116","95","95","95"
"54377.100309","88","88","88"
"54377.100309445","88","88","88"
"54392.10028","99","99","99"
"54392.10028022","99","99","99"
"54407.099795","99","99","99"
"54407.099795374","99","99","99"
"54422.099646","95","95","95"
"54437.100091","95","95","95"
"54437.100091682","95","95","95"
"54452.099342","96","96","96"
"54452.099342815","96","96","96"
"54467.100718","99","99","99"
"54467.10071893","99","99","99"
"54482.100097","99","99","99"
"54482.100097332","99","99","99"
"54497.100018","99","99","99"
"54497.100018328","99","99","99"
"54512.099977","99","99","99"
"54512.099977748","99","99","99"
"54527.100235","95","95","95"
"54527.100235147","95","95","95"
"54542.099408","99","99","99"
"54542.099408384","99","99","99"
"54557.100081","99","99","99"
"54557.100081961","99","99","99"
"54572.100134","99","99","99"
"54572.100134847","99","99","99"
"54587.099316","95","95","95"
"54587.099316818","95","95","95"
"54602.098712","95","95","95"
"54602.098712508","95","95","95"
"54617.099765","63","63","63"
"54617.099765365","63","63","63"
"54632.100425","70","70","70"
"54632.100425387","70","70","70"
"54647.099369","99","99","99"
"54647.099369995","99","99","99"
"54662.099864","99","99","99"
"54662.09986459","99","99","99"
"54677.09947","99","99","99"
"54677.099470065","99","99","99"
"54692.099805","95","95","95"
"54692.09980598","95","95","95"
"54707.098914","99","99","99"
"54707.098914478","99","99","99"
"54722.100329","99","99","99"
"54722.100329935","99","99","99"
"54737.099979","95","95","95"
"54737.099979983","95","95","95"
"54752.099231","95","95","95"
"54752.099231616","95","95","95"
"54767.100123","88","88","88"
"54767.100123535","88","88","88"
"54782.100425","60","60","60"
"54797.098762","99","99","99"
"54812.099215","99","99","99"
"54827.100002","95","95","95"
"54827.100002433","95","95","95"
"54842.099516","99","99","99"
"54842.09951613","99","99","99"
"54857.100079","99","99","99"
"54857.100079477","99","99","99"
"54872.099786","86","86","86"
"54872.099786473","86","86","86"
"54887.099557","99","99","99"
"54887.099557337","99","99","99"
"54902.100019","99","99","99"
"54902.100019552","99","99","99"
"54917.100348","99","99","99"
"54917.100348197","99","99","99"
"54932.09942","95","95","95"
"54932.099420517","95","95","95"
"54947.099877","95","95","95"
"54947.099877713","95","95","95"
"54962.100014","98","98","98"
"54962.100014538","98","98","98"
"54977.099121","91","91","91"
"54977.09912152","91","91","91"
"54992.099661","94","94","94"
"54992.099661705","94","94","94"
"55007.099971","99","99","99"
"55007.099971445","99","99","99"
"55022.099518","99","99","99"
"55022.099518474","99","99","99"
"55037.10017","90","90","90"
"55037.100170607","90","90","90"
"55052.09988","99","99","99"
"55052.099880424","99","99","99"
"55067.100212","99","99","99"
"55067.100212835","99","99","99"
"55082.099561","99","99","99"
"55082.099561427","99","99","99"
"55097.099521","95","95","95"
"55097.099521439","95","95","95"
"55112.100192","95","95","95"
"55112.100192549","95","95","95"
"55127.100083","99","99","99"
"55127.100083864","99","99","99"
"55142.099983","98","98","98"
"55142.099983117","98","98","98"
"55157.099467","72","72","72"
"55157.09946717","72","72","72"
"55172.100239","99","99","99"
"55172.100239426","99","99","99"
"55187.100069","95","95","95"
"55187.100069628","95","95","95"
"55202.100117","99","99","99"
"55202.100117455","99","99","99"
"55217.100215","99","99","99"
"55217.100215833","99","99","99"
"55232.100142","99","99","99"
"55247.099871","99","99","99"
"55247.099871168","99","99","99"
"55262.0997","99","99","99"
"55262.099700722","99","99","99"
"55277.099548","99","99","99"
"55277.09954829","99","99","99"
"55292.099716","99","99","99"
"55292.099716664","99","99","99"
"55307.099711","95","95","95"
"55307.099711344","95","95","95"
"55322.099803","99","99","99"
"55322.099803827","99","99","99"
"55337.100051","99","99","99"
"55352.099837","95","95","95"
"55352.099837266","95","95","95"
"55367.099982","99","99","99"
"55367.099982157","99","99","99"
"55382.099837","95","95","95"
"55397.098862","99","99","99"
"55397.098862729","99","99","99"
"55412.099775","95","95","95"
"55412.099775315","95","95","95"
"55427.099412","95","95","95"
"55427.099412991","95","95","95"
"55442.099817","95","95","95"
"55442.099817917","95","95","95"
"55457.099809","96","96","96"
"55457.099809335","96","96","96"
"55472.0994","82","82","82"
"55472.099400587","82","82","82"
"55487.098432","60","60","60"
"55487.098432244","60","60","60"
"55502.098762","61","61","61"
"55502.098762953","61","61","61"
"55517.099658","99","99","99"
"55517.099658882","99","99","99"
"55532.100131","95","95","95"
"55532.100131668","95","95","95"
"55547.099758","96","96","96"
"55547.099758623","96","96","96"
"55562.098867","61","61","61"
"55562.09886752","61","61","61"
"55577.09968","91","91","91"
"55577.099680201","91","91","91"
"55592.099832","99","99","99"
"55607.100464","95","95","95"
"55607.100464788","95","95","95"
"55622.100261","95","95","95"
"55622.100261764","95","95","95"
"55637.101839","97","97","97"
"55652.100031","95","95","95"
"55652.100031104","95","95","95"
"55667.099671","99","99","99"
"55682.100467","97","97","97"
"55682.100467397","97","97","97"
"55697.0993","95","95","95"
"55697.099300678","95","95","95"
"55712.100329","99","99","99"
"55712.100329944","99","99","99"
"55727.099409","95","95","95"
"55727.099409792","95","95","95"
"55742.09955","98","98","98"
"55757.09986","65","65","65"
"55772.099721","93","93","93"
"55772.099721929","93","93","93"
"55787.099968","99","99","99"
"55787.099968319","99","99","99"
"55802.099922","95","95","95"
"55802.099922178","95","95","95"
"55817.100354","95","95","95"
"55832.098987","91","91","91"
"55832.098987734","91","91","91"
"55847.100047","60","60","60"
"55847.100047542","60","60","60"
"55862.098501","88","88","88"
"55862.098501509","88","88","88"
"55877.100327","61","61","61"
"55892.099896","99","99","99"
"55892.0998963","99","99","99"
"55907.099186","95","95","95"
"55907.099186346","95","95","95"
"55922.100043","62","62","62"
"55922.100043955","62","62","62"
"55937.098431","88","88","88"
"55937.098431463","88","88","88"
"55952.10025","99","99","99"
"55952.100250974","99","99","99"
"55967.099398","98","98","98"
"55967.099398771","98","98","98"
"55982.099339","95","95","95"
"55982.099339723","95","95","95"
"55997.099112","93","93","93"
"55997.09911217","93","93","93"
"56012.10023","67","67","67"
"56027.099637","99","99","99"
"56027.099637362","99","99","99"
"56042.099468","72","72","72"
"56057.100051","83","83","83"
"56057.100051755","83","83","83"
"56072.09955","65","65","65"
"56087.099391","99","99","99"
"56087.09939123","99","99","99"
"56102.099576","95","95","95"
"56102.099576414","95","95","95"
"56117.099844","65","65","65"
"56117.099844808","65","65","65"
"56132.099278","69","69","69"
"56132.099278147","69","69","69"
"56147.099997","99","99","99"
"56147.099997512","99","99","99"
"56162.09985","95","95","95"
"56162.099850552","95","95","95"
"56177.100381","95","95","95"
"56177.100381508","95","95","95"
"56192.099641","95","95","95"
"56192.099641729","95","95","95"
"56207.098909","99","99","99"
"56207.098909574","99","99","99"
"56222.099764","99","99","99"
"56222.099764225","99","99","99"
"56237.099559","95","95","95"
"56237.09955993","95","95","95"
"56252.099919","95","95","95"
"56252.099919703","95","95","95"
"56267.100062","59","59","59"
"56267.100062532","59","59","59"
"56282.099277","76","76","76"
"56282.099277531","76","76","76"
"56297.100175","99","99","99"
"56297.100175786","99","99","99"
"56312.099763","96","96","96"
"56312.099763907","96","96","96"
"56327.099688","66","66","66"
"56327.099688438","66","66","66"
"56342.100585","67","67","67"
"56342.100585827","67","67","67"
"56357.098042","99","99","99"
"56357.098042311","99","99","99"
"56372.100057","60","60","60"
"56387.099257","60","60","60"
"56387.099257994","60","60","60"
"56402.098901","85","85","85"
"56402.09890181","85","85","85"
"56417.098665","96","96","96"
"56417.098665183","96","96","96"
"56432.100208","99","99","99"
"56432.100208887","99","99","99"
"56447.099916","99","99","99"
"56447.099916295","99","99","99"
"56462.099875","98","98","98"
"56462.099875879","98","98","98"
"56477.099861","93","93","93"
"56477.09986137","93","93","93"
"56492.099789","95","95","95"
"56492.099789103","95","95","95"
"56507.099289","95","95","95"
"56507.099289967","95","95","95"
"56522.099565","95","95","95"
"56522.099565628","95","95","95"
"56537.099209","99","99","99"
"56537.099209236","99","99","99"
"56552.099834","99","99","99"
"56552.099834932","99","99","99"
"56567.099107","99","99","99"
"56567.099107518","99","99","99"
"56582.098881","95","95","95"
"56582.098881885","95","95","95"
"56597.099937","95","95","95"
"56597.099937107","95","95","95"
"56612.099408","95","95","95"
"56612.099408039","95","95","95"
"56627.099954","95","95","95"
"56627.099954998","95","95","95"
"56642.099056","76","76","76"
"56642.099056822","76","76","76"
"56657.099178","77","77","77"
"56657.099178369","77","77","77"
"56672.100037","71","71","71"
"56672.10003742","71","71","71"
"56687.100257","99","99","99"
"56687.100257627","99","99","99"
"56702.098209","99","99","99"
"56702.09820905","99","99","99"
"56717.099624","89","89","89"
"56717.099624603","89","89","89"
"56732.099716","99","99","99"
"56732.099716365","99","99","99"
"56747.098292","95","95","95"
"56747.098292618","95","95","95"
"56762.099379","95","95","95"
"56762.099379535","95","95","95"
"56777.100498","63","63","63"
"56777.10049845","63","63","63"
"56792.099502","88","88","88"
"56807.100043","99","99","99"
"56807.100043742","99","99","99"
"56822.099112","95","95","95"
"56822.099112612","95","95","95"
"56837.100328","93","93","93"
"56837.100328905","93","93","93"
"56852.099458","60","60","60"
"56852.099458381","60","60","60"
"56867.099799","76","76","76"
"56867.099799374","76","76","76"
"56882.099787","60","60","60"
"56882.099787989","60","60","60"
"56897.099258","95","95","95"
"56897.099258082","95","95","95"
"56912.098662","99","99","99"
"56912.098662281","99","99","99"
"56927.100022","95","95","95"
"56942.100386","91","91","91"
"56942.100386357","91","91","91"
"56957.100114","60","60","60"
"56957.100114885","60","60","60"
"56972.100172","71","71","71"
"56972.100172206","71","71","71"
"56987.099449","99","99","99"
"56987.099449073","99","99","99"
"57002.100185","95","95","95"
"57002.10018531","95","95","95"
"57017.100123","61","61","61"
"57032.099244","99","99","99"
"57032.099244327","99","99","99"
"57047.099484","72","72","72"
"57047.099484177","72","72","72"
"57062.100027","99","99","99"
"57062.100027349","99","99","99"
"57077.098262","99","99","99"
"57092.099591","95","95","95"
"57092.099591697","95","95","95"
"57107.099327","86","86","86"
"57107.09932755","86","86","86"
"57122.099553","80","80","80"
"57122.099553772","80","80","80"
"57137.099111","60","60","60"
"57137.099111864","60","60","60"
"57152.099998","99","99","99"
"57152.099998764","99","99","99"
"57167.099076","99","99","99"
"57182.099918","95","95","95"
"57182.099918698","95","95","95"
"57197.099471","56","56","56"
"57197.099471794","56","56","56"
"57212.099966","74","74","74"
"57212.099966726","74","74","74"
"57227.100048","60","60","60"
"57227.100048246","60","60","60"
"57242.100241","58","58","58"
"57242.100241398","58","58","58"
"57257.100143","93","93","93"
"57257.100143535","93","93","93"
"57272.09967","99","99","99"
"57272.099670042","99","99","99"
"57287.100047","91","91","91"
"57287.100047307","91","91","91"
"57302.100029","86","86","86"
"57302.100029278","86","86","86"
"57317.100203","60","60","60"
"57317.100203755","60","60","60"
"57332.100034","99","99","99"
"57332.1000345","99","99","99"
"57347.098447","99","99","99"
"57347.098447612","99","99","99"
"57362.101554","96","96","96"
"57362.101554801","96","96","96"
"57377.098539","99","99","99"
"57392.101398","95","95","95"
"57392.101398773","95","95","95"
"57407.099999","81","81","81"
"57407.099999105","81","81","81"
"57422.100508","72","72","72"
"57422.100508548","72","72","72"
"57437.099991","60","60","60"
"57437.099991349","60","60","60"
"57452.099559","60","60","60"
"57467.101045","87","87","87"
"57467.101045022","87","87","87"
"57482.09935","99","99","99"
"57482.099350295","99","99","99"
"57497.099506","99","99","99"
"57497.099506549","99","99","99"
"57512.101666","95","95","95"
"57512.101666211","95","95","95"
"57527.101397","95","95","95"
"57527.101397433","95","95","95"
"57542.10231","94","94","94"
"57542.102310697","94","94","94"
"57557.100089","69","69","69"
"57557.100089197","69","69","69"
"57572.100883","98","98","98"
"57572.100883872","98","98","98"
"57587.099814","99","99","99"
"57587.099814437","99","99","99"
"57602.098891","95","95","95"
"57602.098891462","95","95","95"
"57617.099129","95","95","95"
"57617.099129343","95","95","95"
"57632.10171","95","95","95"
"57632.101710678","95","95","95"
"57647.100908","72","72","72"
"57647.100908553","72","72","72"
"57662.099438","57","57","57"
"57662.099438502","57","57","57"
"57677.101737","60","60","60"
"57677.101737167","60","60","60"
"57692.099418","99","99","99"
"57692.099418622","99","99","99"
"57707.099832","98","98","98"
"57707.099832551","98","98","98"
"57722.099792","99","99","99"
"57722.099792748","99","99","99"
"57737.1001","95","95","95"
"57737.100100423","95","95","95"
"57752.099571","55","55","55"
"57752.099571957","55","55","55"
"57767.099624","95","95","95"
"57767.099624043","95","95","95"
"57782.100099","99","99","99"
"57782.100099206","99","99","99"
"57797.098385","95","95","95"
"57812.099449","58","58","58"
"57812.099449409","58","58","58"
"57827.099787","64","64","64"
"57842.099864","99","99","99"
"57842.099864853","99","99","99"
"57857.099759","76","76","76"
"57872.098757","94","94","94"
"57872.098757595","94","94","94"
"57887.099543","64","64","64"
"57902.100252","71","71","71"
"57902.100252571","71","71","71"
"57917.100382","99","99","99"
"57917.100382947","99","99","99"
"57932.098759","95","95","95"
"57932.098759648","95","95","95"
"57947.099443","89","89","89"
"57947.099443609","89","89","89"
"57962.099717","59","59","59"
"57962.099717775","59","59","59"
"57977.099737","99","99","99"
"57977.09973778","99","99","99"
"57992.100429","99","99","99"
"57992.100429405","99","99","99"
"58007.099958","95","95","95"
"58007.099958242","95","95","95"
"58022.100097","95","95","95"
"58022.100097367","95","95","95"
"58037.099087","99","99","99"
"58037.099087246","99","99","99"
"58052.099549","99","99","99"
"58067.099329","99","99","99"
"58067.099329544","99","99","99"
"58082.09995","95","95","95"
"58082.099950247","95","95","95"
"58097.098893","97","97","97"
"58097.098893379","97","97","97"
"58112.100105","99","99","99"
"58112.100105642","99","99","99"
"58127.099603","97","97","97"
"58127.099603165","97","97","97"
"58142.099768","57","57","57"
"58157.099235","99","99","99"
"58157.099235902","99","99","99"
"58172.098854","84","84","84"
"58187.099733","57","57","57"
"58187.09973337","57","57","57"
"58202.100595","99","99","99"
"58202.10059576","99","99","99"
"58217.099661","59","59","59"
"58232.100275","90","90","90"
"58247.100184","91","91","91"
"58247.100184149","91","91","91"
"58262.099242","64","64","64"
"58262.099242709","64","64","64"
"58277.100249","77","77","77"
"58292.100205","87","87","87"
"58292.10020516","87","87","87"
"58307.099467","99","99","99"
"58307.099467762","99","99","99"
"58322.100152","99","99","99"
"58337.099331","95","95","95"
"58337.099331871","95","95","95"
"58352.098847","87","87","87"
"58352.098847929","87","87","87"
"58367.09974","61","61","61"
"58382.099072","74","74","74"
"58382.099072868","74","74","74"
"58397.100098","76","76","76"
"58397.100098789","76","76","76"
"58412.099555","99","99","99"
"58412.099555443","99","99","99"
"58427.09951","99","99","99"
"58427.09951049","99","99","99"
"58442.099369","95","95","95"
"58442.099369312","95","95","95"
"58457.09994","95","95","95"
"58457.099940861","95","95","95"
"58472.099141","76","76","76"
"58472.099141317","76","76","76"
"58487.100461","99","99","99"
"58487.100461487","99","99","99"
"58502.100428","99","99","99"
"58502.100428953","99","99","99"
"58517.09981","96","96","96"
"58517.099810232","96","96","96"
"58532.100421","95","95","95"
"58532.100421998","95","95","95"
"58547.099843","95","95","95"
"58547.099843932","95","95","95"
"58562.099854","95","95","95"
"58562.099854589","95","95","95"
"58577.098407","91","91","91"
"58577.098407217","91","91","91"
"58592.099216","61","61","61"
"58592.099216307","61","61","61"
"58607.0995","79","79","79"
"58607.09950013","79","79","79"
"58622.100453","99","99","99"
"58622.100453478","99","99","99"
"58637.099992","95","95","95"
"58652.099191","95","95","95"
"58652.099191756","95","95","95"
"58667.099532","59","59","59"
"58667.099532608","59","59","59"
"58682.100152","60","60","60"
"58682.100152783","60","60","60"
"58697.099307","61","61","61"
"58697.099307458","61","61","61"
"58712.100117","97","97","97"
"58712.100117898","97","97","97"
"58727.099502","61","61","61"
"58742.099695","96","96","96"
"58742.099695108","96","96","96"
"58757.100409","99","99","99"
"58772.099727","95","95","95"
"58772.099727046","95","95","95"
"58787.099897","95","95","95"
"58787.099897895","95","95","95"
"58802.099132","92","92","92"
"58802.09913243","92","92","92"
"58817.100206","60","60","60"
"58817.100206881","60","60","60"
"58832.099024","77","77","77"
"58832.099024386","77","77","77"
"58847.10024","99","99","99"
"58847.100240736","99","99","99"
"58862.100157","96","96","96"
"58862.100157465","96","96","96"
"58877.100711","96","96","96"
"58877.100711567","96","96","96"
"58892.099319","79","79","79"
"58892.099319505","79","79","79"
"58907.099496","56","56","56"
"58907.09949675","56","56","56"
"58922.098426","84","84","84"
"58922.098426612","84","84","84"
"58937.099842","99","99","99"
"58937.099842846","99","99","99"
"58952.100353","99","99","99"
"58952.100353873","99","99","99"
"58967.099568","95","95","95"
"58967.099568619","95","95","95"
"58982.100075","81","81","81"
"58982.10007586","81","81","81"
"58997.099565","67","67","67"
"58997.099565568","67","67","67"
"59012.099636","83","83","83"
"59012.099636201","83","83","83"
"59027.099224","61","61","61"
"59027.09922461","61","61","61"
"59042.100033","99","99","99"
"59042.100033186","99","99","99"
"59057.098808","72","72","72"
"59072.100064","99","99","99"
"59072.100064944","99","99","99"
"59087.099795","99","99","99"
"59087.099795835","99","99","99"
"59102.099875","95","95","95"
"59102.099875911","95","95","95"
"59117.099432","95","95","95"
"59117.099432354","95","95","95"
"59132.099385","96","96","96"
"59132.099385264","96","96","96"
"59147.100102","71","71","71"
"59147.100102382","71","71","71"
"59162.099058","58","58","58"
"59162.099058707","58","58","58"
"59177.098868","78","78","78"
"59177.098868165","78","78","78"
"59192.09992","99","99","99"
"59207.099415","95","95","95"
"59222.099996","99","99","99"
"59237.0985","96","96","96"
"59252.099809","99","99","99"
"59267.10019","95","95","95"
"59282.099508","95","95","95"
"59297.099529","95","95","95"
"59312.098932","73","73","73"
"59327.098582","66","66","66"
"59342.100353","99","99","99"
"59357.100097","99","99","99"
"59372.100176","95","95","95"
"59387.099479","99","99","99"
"59402.099675","81","81","81"
"59417.099053","48","48","48"
"59432.09936","68","68","68"
"59447.100638","99","99","99"
"59462.099993","95","95","95"
"59477.099993","83","83","83"
"59492.100118","72","72","72"
"59507.099702","99","99","99"
"59522.100122","95","95","95"
"59537.099924","96","96","96"
"59552.099568","95","95","95"
"59567.100245","99","99","99"
"59582.099023","61","61","61"
"59597.099594","95","95","95"
"59612.099224","96","96","96"
"59627.099775","78","78","78"
"59642.099714","71","71","71"
"59657.098258","99","99","99"
"59672.099764","95","95","95"
"59687.100016","95","95","95"
"59702.09914","66","66","66"
"59717.099796","95","95","95"
"59732.099729","95","95","95"
"59747.099744","95","95","95"
"59762.099687","95","95","95"
"59777.099535","58","58","58"
"59792.10021","61","61","61"
"59807.100025","97","97","97"
"59822.101694","99","99","99"
"59837.100069","96","96","96"
"59852.100476","91","91","91"
"59867.1003","60","60","60"
"59882.09963","60","60","60"
"59897.100146","80","80","80"
"59912.100254","99","99","99"
"59927.101131","95","95","95"
"59942.100391","78","78","78"
"59957.098213","99","99","99"
"59972.099308","95","95","95"
"59987.099899","96","96","96"
"60002.09924","70","70","70"
"60017.099637","63","63","63"
"60032.09889","99","99","99"
"60047.099263","95","95","95"
"60062.098541","99","99","99"
"60077.100048","99","99","99"
"60092.100068","95","95","95"
"60107.099707","98","98","98"
"60122.102281","59","59","59"
"60137.098973","99","99","99"
"60152.099342","99","99","99"
"60167.099472","95","95","95"
"60182.099307","94","94","94"
"60197.10001","61","61","61"
"60212.101323","74","74","74"
"60227.099896","60","60","60"
"60242.100113","72","72","72"
"60257.098832","99","99","99"
"60272.099041","99","99","99"
"60287.100401","71","71","71"
"60302.098909","87","87","87"
"60317.098821","99","99","99"
"60332.099885","84","84","84"
"60347.100527","65","65","65"
"60362.100086","99","99","99"
"60377.098663","99","99","99"
"60392.099478","70","70","70"
"60407.098759","95","95","95"
"60422.099098","95","95","95"
"60437.100033","61","61","61"
"60452.100153","59","59","59"
"60467.099232","77","77","77"
"60482.100149","58","58","58"
"60497.098821","95","95","95"
"60512.099176","61","61","61"
"60527.099874","74","74","74"
"60542.099042","99","99","99"
"60557.099918","86","86","86"
"60572.10013","99","99","99"
"60587.099786","95","95","95"
"60602.099136","95","95","95"
"60617.099402","96","96","96"
"60632.101411","58","58","58"
"60647.099611","77","77","77"
"60662.099795","99","99","99"
"60677.099746","95","95","95"
"60692.099791","61","61","61"
"60707.099451","76","76","76"
"60722.100311","99","99","99"
"60737.100571","99","99","99"
"60752.100526","99","99","99"
"60767.09826","95","95","95"
"60782.099245","83","83","83"
"60797.099664","61","61","61"
"60812.099821","97","97","97"
"60827.099323","99","99","99"
"60842.099923","95","95","95"
"60857.099822","91","91","91"
"60872.099661","95","95","95"
"60887.099319","92","92","92"
"60902.100254","85","85","85"
"60917.100641","99","99","99"
"60932.099288","98","98","98"
"60947.099266","95","95","95"
"60962.100202","61","61","61"
"60977.09931","59","59","59"
"60992.099496","66","66","66"
"61007.100111","95","95","95"
"61022.100017","96","96","96"
"61037.098945","61","61","61"
"61052.099675","99","99","99"
"61067.099528","99","99","99"
"61082.099417","91","91","91"
"61097.099322","61","61","61"
"61112.100458","99","99","99"
"61127.099705","95","95","95"
"61142.1001","96","96","96"
"61157.098444","60","60","60"
"61172.100051","73","73","73"
"61187.100952","84","84","84"
"61202.099399","57","57","57"
"61217.098607","82","82","82"
"61232.099937","99","99","99"
"61247.099918","72","72","72"
"61262.099794","97","97","97"
"61277.100262","99","99","99"
"61292.099221","99","99","99"
"61307.100027","89","89","89"
"61322.099619","76","76","76"
"61337.099817","97","97","97"
"61352.098999","99","99","99"
"61367.099366","99","99","99"
"61382.099468","99","99","99"
"61397.098959","97","97","97"
"61412.09873","99","99","99"
"61427.099409","99","99","99"
"61442.09981","95","95","95"
"61457.098613","99","99","99"
"61472.099997","94","94","94"
"61487.099112","99","99","99"
"61502.098258","99","99","99"
"61517.099667","95","95","95"
"61532.09958","98","98","98"
"61547.099622","95","95","95"
"61562.098789","99","99","99"
"61577.098627","99","99","99"
"61592.099134","99","99","99"
"61607.09969","99","99","99"
"61622.100614","78","78","78"
"61637.100454","60","60","60"
"61652.099915","96","96","96"
"61667.100169","83","83","83"
"61682.099346","81","81","81"
"61697.09957","99","99","99"
"61712.100162","61","61","61"
"61727.099698","95","95","95"
"61742.099613","61","61","61"
"61757.099558","82","82","82"
"61772.09922","99","99","99"
"61787.100153","95","95","95"
"61802.100759","81","81","81"
"61817.099473","58","58","58"
"61832.10108","76","76","76"
"61847.099401","99","99","99"
"61862.099476","99","99","99"
"61877.101343","95","95","95"
"61892.100706","99","99","99"
"61907.099163","99","99","99"
"61922.099195","95","95","95"
"61937.099471","95","95","95"
"61952.099975","66","66","66"
"61967.099835","61","61","61"
"61982.09813","99","99","99"
"61997.100222","95","95","95"
"62012.098539","99","99","99"
"62027.099597","92","92","92"
"62042.100167","60","60","60"
"62057.09948","68","68","68"
"62072.099736","90","90","90"
"62087.099983","83","83","83"
"62102.099543","71","71","71"
"62117.098495","61","61","61"
"62132.099864","58","58","58"
"62147.099275","99","99","99"
"62162.099049","99","99","99"
"62177.100253","96","96","96"
"62192.099906","94","94","94"
"62207.099756","68","68","68"
"62222.098932","99","99","99"
"62237.099328","82","82","82"
"62252.100094","99","99","99"
"62267.099779","99","99","99"
"62282.099557","99","99","99"
"62297.099524","96","96","96"
"62312.100159","95","95","95"
"62327.100824","99","99","99"
"62342.100611","87","87","87"
"62357.100352","98","98","98"
"62372.09973","95","95","95"
"62387.100232","71","71","71"
"62402.099821","96","96","96"
"62417.099582","64","64","64"
"62432.098802","95","95","95"
"62447.099866","63","63","63"
"62462.099525","91","91","91"
"62477.099688","99","99","99"
"62492.099849","95","95","95"
"62507.099552","95","95","95"
"62522.099729","56","56","56"
"62537.09971","99","99","99"
"62552.099536","99","99","99"
"62567.099588","99","99","99"
"62582.099667","99","99","99"
"62597.100489","96","96","96"
"62612.100156","97","97","97"
"62627.100163","61","61","61"
"62642.099797","90","90","90"
"62657.099285","99","99","99"
"62672.099295","91","91","91"
"62687.099925","95","95","95"
"62702.099908","65","65","65"
"62717.09993","64","64","64"
"62732.100222","93","93","93"
"62747.098816","90","90","90"
"62762.099621","99","99","99"
"62777.099747","99","99","99"
"62792.09829","95","95","95"
"62807.100046","99","99","99"
"62822.099997","61","61","61"
"62837.100072","66","66","66"
"62852.100063","86","86","86"
"62867.099936","75","75","75"
"62882.100231","62","62","62"
"62897.100175","91","91","91"
"62912.099459","70","70","70"
"62927.099756","98","98","98"
"62942.099521","99","99","99"
"62957.10001","99","99","99"
"62972.099417","99","99","99"
"62987.099256","99","99","99"
"63002.098955","95","95","95"
"63017.099278","96","96","96"
"63032.1003","88","88","88"
"63047.101717","95","95","95"
"63062.099779","87","87","87"
"63077.098436","98","98","98"
"63092.100107","99","99","99"
"63107.099844","58","58","58"
"63122.099629","59","59","59"
"63137.099845","59","59","59"
"63152.100468","99","99","99"
"63167.100455","99","99","99"
"63182.100469","99","99","99"
"63197.099374","96","96","96"
"63212.099906","88","88","88"
"63227.100441","60","60","60"
"63242.099006","96","96","96"
"63257.098992","95","95","95"
"63272.098514","91","91","91"
"63287.099628","59","59","59"
"63302.098488","83","83","83"
"63317.099833","95","95","95"
"63332.099582","95","95","95"
"63347.100266","70","70","70"
"63362.099775","99","99","99"
"63377.100867","99","99","99"
"63392.099044","99","99","99"
"63407.100235","64","64","64"
"63422.100324","99","99","99"
"63437.100752","99","99","99"
"63452.100055","95","95","95"
"63467.101183","65","65","65"
"63482.098617","98","98","98"
"63497.100554","90","90","90"
"63512.100889","95","95","95"
"63527.098906","99","99","99"
"63542.101107","58","58","58"
"63557.099559","90","90","90"
"63572.100274","80","80","80"
"63587.099958","99","99","99"
"63602.099412","99","99","99"
"63617.099331","95","95","95"
"63632.099143","95","95","95"
"63647.100583","86","86","86"
"63662.099264","99","99","99"
"63677.100452","95","95","95"
"63692.099438","99","99","99"
"63707.100016","99","99","99"
"63722.100001","72","72","72"
"63737.101662","98","98","98"
"63752.101392","95","95","95"
"63767.099528","95","95","95"
"63782.099594","99","99","99"
"63797.101799","60","60","60"
"63812.10012","94","94","94"
"63827.100053","99","99","99"
"63842.098932","99","99","99"
"63857.101409","60","60","60"
"63872.100134","85","85","85"
"63887.099472","99","99","99"
"63902.099634","82","82","82"
"63917.099419","99","99","99"
"63932.099381","95","95","95"
"63947.098967","95","95","95"
"63962.098265","96","96","96"
"63977.099148","97","97","97"
"63992.099608","61","61","61"
"64007.100162","64","64","64"
"64022.099846","99","99","99"
"64037.099598","95","95","95"
"64052.09927","95","95","95"
"64067.099793","68","68","68"
"64082.099616","96","96","96"
"64097.098534","60","60","60"
"64112.099192","84","84","84"
"64127.100094","99","99","99"
"64142.099666","95","95","95"
"64157.099938","96","96","96"
"64172.100081","95","95","95"
"64187.100539","99","99","99"
"64202.099117","99","99","99"
"64217.099794","96","96","96"
"64232.09977","80","80","80"
"64247.099943","96","96","96"
"64262.099594","99","99","99"
"64277.099043","61","61","61"
"64292.098883","78","78","78"
"64307.099605","99","99","99"
"64322.099686","99","99","99"
"64337.099058","96","96","96"
"64352.09976","81","81","81"
"64367.099438","60","60","60"
"64382.099224","99","99","99"
"64397.10015","99","99","99"
"64412.099774","99","99","99"
"64427.100016","99","99","99"
"64442.100214","95","95","95"
"64457.099822","96","96","96"
"64472.099209","93","93","93"
"64487.099174","64","64","64"
"64502.098561","71","71","71"
"64517.099456","99","99","99"
"64532.099982","99","99","99"
"64547.098638","75","75","75"
"64562.099456","61","61","61"
"64577.099867","61","61","61"
"64592.099603","99","99","99"
"64607.09985","99","99","99"
"64622.099836","95","95","95"
"64637.099862","95","95","95"
"64652.100172","96","96","96"
"64667.09835","99","99","99"
"64682.099424","89","89","89"
"64697.099405","95","95","95"
"64712.101373","99","99","99"
"64727.101395","99","99","99"
"64742.099597","64","64","64"
"64757.099477","95","95","95"
"64772.099709","96","96","96"
"64787.099478","99","99","99"
"64802.09969","60","60","60"
"64817.09992","55","55","55"
"64832.098853","82","82","82"
"64847.098554","90","90","90"
"64862.099588","99","99","99"
"64877.09989","99","99","99"
"64892.099784","99","99","99"
"64907.099714","99","99","99"
"64922.09989","99","99","99"
"64937.100032","65","65","65"
"64952.099114","69","69","69"
"64967.099476","99","99","99"
"64982.098996","75","75","75"
"64997.099402","95","95","95"
"65012.100441","66","66","66"
"65027.10013","72","72","72"
"65042.099751","83","83","83"
"65057.10026","95","95","95"
"65072.099371","60","60","60"
"65087.099856","73","73","73"
"65102.100638","99","99","99"
"65117.100043","99","99","99"
"65132.100315","59","59","59"
"65147.099902","88","88","88"
"65162.100009","99","99","99"
"65177.100064","97","97","97"
"65192.1003","99","99","99"
"65207.099308","95","95","95"
"65222.099754","99","99","99"
"65237.099268","61","61","61"
"65252.100269","98","98","98"
"65267.099307","99","99","99"
"65282.098776","99","99","99"
"65297.099918","99","99","99"
"65312.100557","99","99","99"
"65327.099532","95","95","95"
"65342.099884","99","99","99"
"65357.099313","99","99","99"
"65372.099568","82","82","82"
"65387.100001","88","88","88"
"65402.099747","71","71","71"
"65417.100167","94","94","94"
"65432.102114","96","96","96"
"65447.100233","95","95","95"
"65462.101645","95","95","95"
"65477.101727","95","95","95"
"65492.1018","64","64","64"
"65507.099261","72","72","72"
"65522.101677","99","99","99"
"65537.099425","99","99","99"
"65552.100004","96","96","96"
"65567.099447","69","69","69"
"65582.099829","59","59","59"
"65597.100165","57","57","57"
"65612.099183","77","77","77"
"65627.099757","55","55","55"
"65642.09979","99","99","99"
"65657.099671","99","99","99"
"65672.099467","60","60","60"
"65687.099582","70","70","70"
"65702.099904","60","60","60"
"65717.099259","75","75","75"
"65732.0991","65","65","65"
"65747.100152","96","96","96"
"65762.099068","98","98","98"
"65777.09967","95","95","95"
"65792.09987","73","73","73"
"65807.099114","77","77","77"
"65822.099998","68","68","68"
"65837.100497","57","57","57"
"65852.100059","76","76","76"
"65867.099749","99","99","99"
"65882.099985","57","57","57"
"65897.100237","95","95","95"
"65912.099651","99","99","99"
"65927.100226","99","99","99"
"65942.099669","99","99","99"
"65957.099872","99","99","99"
"65972.099405","99","99","99"
"65987.098992","99","99","99"
"66002.098686","95","95","95"
"66017.09925","99","99","99"
"66032.09954","99","99","99"
"66047.100127","99","99","99"
"66062.099422","99","99","99"
"66077.099828","95","95","95"
"66092.099282","98","98","98"
"66107.099833","86","86","86"
"66122.099712","95","95","95"
"66137.098393","99","99","99"
"66152.098715","99","99","99"
"66167.099347","99","99","99"
"66182.099624","95","95","95"
"66197.099862","95","95","95"
"66212.098465","99","99","99"
"66227.099812","99","99","99"
"66242.099524","99","99","99"
"66257.099923","95","95","95"
"66272.098548","95","95","95"
"66287.099527","95","95","95"
"66302.100427","88","88","88"
"66317.099493","92","92","92"
"66332.09955","95","95","95"
"66347.100239","99","99","99"
"66362.099351","94","94","94"
"66377.101539","58","58","58"
"66392.101595","74","74","74"
"66407.099328","99","99","99"
"66422.09979","95","95","95"
"66437.099262","95","95","95"
"66452.09863","95","95","95"
"66467.098475","95","95","95"
"66482.098091","99","99","99"
"66497.099249","99","99","99"
"66512.099991","76","76","76"
"66527.099651","59","59","59"
"66542.099671","60","60","60"
"66557.099968","60","60","60"
"66572.098977","95","95","95"
"66587.098574","95","95","95"
"66602.099643","95","95","95"
"66617.100262","95","95","95"
"66632.099102","99","99","99"
"66647.100329","99","99","99"
"66662.099886","99","99","99"
"66677.098874","95","95","95"
"66692.098416","95","95","95"
"66707.100191","96","96","96"
"66722.099775","95","95","95"
"66737.098844","95","95","95"
"66752.099271","59","59","59"
"66767.09977","58","58","58"
"66782.099919","80","80","80"
"66797.099094","95","95","95"
"66812.099854","95","95","95"
"66827.100578","98","98","98"
"66842.100093","84","84","84"
"66857.099306","60","60","60"
"66872.099904","61","61","61"
"66887.100065","85","85","85"
"66902.09882","96","96","96"
"66917.099397","60","60","60"
"66932.099483","56","56","56"
"66947.099249","76","76","76"
"66962.099491","99","99","99"
"66977.099843","89","89","89"
"66992.099214","99","99","99"
"67007.099439","99","99","99"
"67022.100323","99","99","99"
"67037.098938","95","95","95"
"67052.100042","95","95","95"
"67067.100334","92","92","92"
"67082.099381","99","99","99"
"67097.099915","96","96","96"
"67112.100631","60","60","60"
"67127.100456","60","60","60"
"67142.099648","75","75","75"
"67157.100364","99","99","99"
"67172.099935","99","99","99"
"67187.099743","95","95","95"
"67202.09974","95","95","95"
"67217.099766","95","95","95"
"67232.099129","89","89","89"
"67247.099423","95","95","95"
"67262.098067","77","77","77"
"67277.099145","60","60","60"
"67292.099737","96","96","96"
"67307.099171","99","99","99"
"67322.100663","99","99","99"
"67337.099142","95","95","95"
"67352.099951","95","95","95"
"67367.099671","95","95","95"
"67382.099853","99","99","99"
"67397.100264","55","55","55"
"67412.099531","95","95","95"
"67427.100045","63","63","63"
"67442.100005","95","95","95"
"67457.100078","95","95","95"
"67472.099119","95","95","95"
"67487.099764","60","60","60"
"67502.0999","83","83","83"
"67517.099536","99","99","99"
"67532.099857","95","95","95"
"67547.098525","99","99","99"
"67562.099257","71","71","71"
"67577.099228","24","24","24"
"67592.099976","99","99","99"
"67607.100192","75","75","75"
"67622.100387","64","64","64"
"67637.100544","53","53","53"
"67652.10017","59","59","59"
"67667.09994","73","73","73"
"67682.09968","99","99","99"
"67697.099235","99","99","99"
"67712.098353","98","98","98"
"67727.099636","99","99","99"
"67742.0993","99","99","99"
"67757.09967","95","95","95"
"67772.09979","95","95","95"
"67787.10036","95","95","95"
"67802.099854","95","95","95"
"67817.099384","96","96","96"
"67832.098348","81","81","81"
"67847.099787","63","63","63"
"67862.099352","99","99","99"
"67877.099812","95","95","95"
"67892.10023","99","99","99"
"67907.099682","98","98","98"
"67922.100332","60","60","60"
"67937.100404","99","99","99"
"67952.099926","95","95","95"
"67967.098439","99","99","99"
"67982.099798","60","60","60"
"67997.098633","58","58","58"
"68012.09909","81","81","81"
"68027.09962","56","56","56"
"68042.099912","59","59","59"
"68057.098757","76","76","76"
"68072.09969","99","99","99"
"68087.099581","99","99","99"
"68102.100122","99","99","99"
"68117.099342","99","99","99"
"68132.099421","93","93","93"
"68147.101915","95","95","95"
"68162.099892","99","99","99"
"68177.099673","83","83","83"
"68192.099733","61","61","61"
"68207.099829","59","59","59"
"68222.099675","67","67","67"
"68237.099184","54","54","54"
"68252.100267","95","95","95"
"68267.099827","65","65","65"
"68282.099882","99","99","99"
"68297.098977","99","99","99"
"68312.098762","90","90","90"
"68327.099306","99","99","99"
"68342.098986","99","99","99"
"68357.100066","96","96","96"
"68372.099642","96","96","96"
"68387.099553","68","68","68"
"68402.098483","99","99","99"
"68417.099894","99","99","99"
"68432.098391","99","99","99"
"68447.09934","99","99","99"
"68462.292009","99","99","99"
"68477.099695","61","61","61"
"68492.099717","68","68","68"
"68507.101669","99","99","99"
"68522.102045","95","95","95"
"68537.10003","91","91","91"
"68552.100129","95","95","95"
"68567.099582","95","95","95"
"68582.099315","18","18","18"
"68597.099706","95","95","95"
"68612.099461","66","66","66"
"68627.099929","61","61","61"
"68642.100442","99","99","99"
"68657.099903","95","95","95"
"68672.100477","99","99","99"
"68687.099813","64","64","64"
"68702.098711","99","99","99"
"68717.099501","99","99","99"
"68732.099837","95","95","95"
"68747.099325","61","61","61"
"68762.100219","90","90","90"
"68777.099275","59","59","59"
"68792.099209","60","60","60"
"68807.099823","65","65","65"
"68822.100043","63","63","63"
"68837.098693","99","99","99"
"68852.099742","99","99","99"
"68867.099439","95","95","95"
"68882.099859","93","93","93"
"68897.099857","76","76","76"
"68912.09847","95","95","95"
"68927.099238","99","99","99"
"68942.099162","95","95","95"
"68957.099657","80","80","80"
"68972.099138","83","83","83"
"68987.099459","99","99","99"
"69002.100222","95","95","95"
"69017.101343","95","95","95"
"69032.099408","95","95","95"
"69047.100409","95","95","95"
"69062.098772","95","95","95"
"69077.099727","85","85","85"
"69092.099604","94","94","94"
"69107.099678","61","61","61"
"69122.099861","79","79","79"
"69137.099208","94","94","94"
"69152.099712","99","99","99"
"69167.099271","99","99","99"
"69182.100375","99","99","99"
"69197.100054","61","61","61"
"69212.1004","99","99","99"
"69227.098783","95","95","95"
"69242.099035","94","94","94"
"69257.099519","96","96","96"
"69272.099321","95","95","95"
"69287.099823","76","76","76"
"69302.099665","60","60","60"
"69317.099139","62","62","62"
"69332.099978","99","99","99"
"69347.100377","99","99","99"
"69362.099285","95","95","95"
"69377.099307","67","67","67"
"69392.099627","99","99","99"
"69407.099595","99","99","99"
"69422.099322","99","99","99"
"69437.098845","95","95","95"
"69452.100353","86","86","86"
"69467.100457","74","74","74"
"69482.099585","99","99","99"
"69497.099106","95","95","95"
"69512.099463","96","96","96"
"69527.099314","61","61","61"
"69542.099636","99","99","99"
"69557.100444","96","96","96"
"69572.099286","65","65","65"
"69587.100334","91","91","91"
"69602.10001","56","56","56"
"69617.09996","59","59","59"
"69632.100258","62","62","62"
"69647.099611","99","99","99"
"69662.098761","95","95","95"
"69677.098983","95","95","95"
"69692.100508","95","95","95"
"69707.099933","69","69","69"
"69722.099282","60","60","60"
"69737.099935","99","99","99"
"69752.09975","99","99","99"
"69767.098784","96","96","96"
"69782.098987","94","94","94"
"69797.101265","99","99","99"
"69812.100959","99","99","99"
"69827.100963","99","99","99"
"69842.101044","95","95","95"
"69857.099497","95","95","95"
"69872.099824","96","96","96"
"69887.100049","95","95","95"
"69902.100265","95","95","95"
"69917.099132","61","61","61"
"69932.099665","61","61","61"
"69947.099887","59","59","59"
"69962.099032","87","87","87"
"69977.099447","99","99","99"
"69992.099793","99","99","99"
"70007.099325","99","99","99"
"70022.099617","95","95","95"
"70037.100028","95","95","95"
"70052.099616","92","92","92"
"70067.09935","96","96","96"
"70082.099792","96","96","96"
"70097.100326","99","99","99"
"70112.099709","95","95","95"
"70127.099265","99","99","99"
"70142.100096","63","63","63"
"70157.100326","60","60","60"
"70172.09969","60","60","60"
"70187.098238","82","82","82"
"70202.099918","99","99","99"
"70217.099244","99","99","99"
"70232.1005","99","99","99"
"70247.100053","95","95","95"
"70262.100229","71","71","71"
"70277.099379","65","65","65"
"70292.100317","93","93","93"
"70307.100276","99","99","99"
"70322.099692","99","99","99"
"70337.099472","99","99","99"
"70352.099765","99","99","99"
"70367.099254","95","95","95"
"70382.098369","95","95","95"
"70397.099936","90","90","90"
"70412.099729","60","60","60"
"70427.099016","95","95","95"
"70442.099293","98","98","98"
"70457.099912","71","71","71"
"70472.099798","60","60","60"
"70487.099947","99","99","99"
"70502.099521","99","99","99"
"70517.099413","95","95","95"
"70532.098151","96","96","96"
"70547.099493","74","74","74"
"70562.100934","81","81","81"
"70577.100543","96","96","96"
"70592.09876","55","55","55"
"70607.099867","75","75","75"
"70622.09976","99","99","99"
"70637.099906","99","99","99"
"70652.100368","99","99","99"
"70667.100017","95","95","95"
"70682.099971","92","92","92"
"70697.09901","60","60","60"
"70712.099867","66","66","66"
"70727.100451","82","82","82"
"70742.100057","72","72","72"
"70757.100099","99","99","99"
"70772.099219","60","60","60"
"70787.09979","99","99","99"
"70802.100225","95","95","95"
"70817.099502","96","96","96"
"70832.099211","71","71","71"
"70847.100005","74","74","74"
"70862.098472","99","99","99"
"70877.100005","99","99","99"
"70892.09961","95","95","95"
"70907.100315","95","95","95"
"70922.099896","95","95","95"
"70937.099806","99","99","99"
"70952.099697","99","99","99"
"70967.099995","95","95","95"
"70982.099666","95","95","95"
"70997.100317","85","85","85"
"71012.099504","60","60","60"
"71027.100047","75","75","75"
"71042.100325","99","99","99"
"71057.099852","95","95","95"
"71072.100213","95","95","95"
"71087.099802","89","89","89"
"71102.099948","96","96","96"
"71117.09992","99","99","99"
"71132.09931","66","66","66"
"71147.098705","68","68","68"
"71162.100539","67","67","67"
"71177.100778","58","58","58"
"71192.099151","68","68","68"
"71207.100226","99","99","99"
"71222.099125","95","95","95"
"71237.099942","84","84","84"
"71252.100007","60","60","60"
"71267.10041","99","99","99"
"71282.100328","60","60","60"
"71297.099234","76","76","76"
"71312.098471","99","99","99"
"71327.100096","99","99","99"
"71342.099323","99","99","99"
"71357.100624","95","95","95"
"71372.100238","94","94","94"
"71387.099284","65","65","65"
"71402.100218","81","81","81"
"71417.098615","99","99","99"
"71432.099801","59","59","59"
"71447.099893","59","59","59"
"71462.100301","84","84","84"
"71477.099244","85","85","85"
"71492.099025","99","99","99"
"71507.099703","99","99","99"
"71522.10024","95","95","95"
"71537.099871","95","95","95"
"71552.10077","95","95","95"
"71567.100541","95","95","95"
"71582.099862","98","98","98"
"71597.099345","95","95","95"
"71612.09917","95","95","95"
"71627.099983","95","95","95"
"71642.099507","79","79","79"
"71657.099456","60","60","60"
"71672.098605","99","99","99"
"71687.098316","99","99","99"
"71702.099777","95","95","95"
"71717.100349","91","91","91"
"71732.100311","96","96","96"
"71747.100073","60","60","60"
"71762.100541","99","99","99"
"71777.099944","99","99","99"
"71792.100602","90","90","90"
"71807.09873","99","99","99"
"71822.099743","99","99","99"
"71837.09982","95","95","95"
"71852.100289","96","96","96"
"71867.100055","85","85","85"
"71882.099563","60","60","60"
"71897.100098","60","60","60"
"71912.100121","98","98","98"
"71927.099137","99","99","99"
"71942.100067","99","99","99"
"71957.09988","95","95","95"
"71972.099734","98","98","98"
"71987.101081","61","61","61"
"72002.099654","76","76","76"
"72017.099587","99","99","99"
"72032.099062","99","99","99"
"72047.100331","95","95","95"
"72062.099358","81","81","81"
"72077.0999","74","74","74"
"72092.100238","69","69","69"
"72107.101778","92","92","92"
"72122.099627","61","61","61"
"72137.099272","99","99","99"
"72152.098868","96","96","96"
"72167.099365","99","99","99"
"72182.099984","60","60","60"
"72197.099916","99","99","99"
"72212.099642","99","99","99"
"72227.098806","99","99","99"
"72242.098318","95","95","95"
"72257.098691","96","96","96"
"72272.099941","99","99","99"
"72287.09861","95","95","95"
"72302.099933","99","99","99"
"72317.099446","70","70","70"
"72332.100374","99","99","99"
"72347.10084","97","97","97"
"72362.098351","96","96","96"
"72377.099251","96","96","96"
"72392.100236","98","98","98"
"72407.100178","67","67","67"
"72422.099641","60","60","60"
"72437.099149","95","95","95"
"72452.098959","96","96","96"
"72467.099426","95","95","95"
"72482.100438","60","60","60"
"72497.099772","60","60","60"
"72512.100293","99","99","99"
"72527.099964","99","99","99"
"72542.099905","99","99","99"
"72557.099892","95","95","95"
"72572.099258","95","95","95"
"72587.098544","96","96","96"
"72602.100021","99","99","99"
"72617.099128","96","96","96"
"72632.09938","95","95","95"
"72647.099553","78","78","78"
"72662.099868","56","56","56"
"72677.099184","82","82","82"
"72692.099072","99","99","99"
"72707.099386","95","95","95"
"72722.099564","83","83","83"
"72737.099169","64","64","64"
"72752.099782","61","61","61"
"72767.099287","82","82","82"
"72782.099859","99","99","99"
"72797.099833","81","81","81"
"72812.098536","60","60","60"
"72827.100418","95","95","95"
"72842.099792","99","99","99"
"72857.099722","99","99","99"
"72872.099425","95","95","95"
"72887.098936","58","58","58"
"72902.099782","83","83","83"
"72917.099361","58","58","58"
"72932.100955","98","98","98"
"72947.101094","99","99","99"
"72962.100177","99","99","99"
"72977.099844","95","95","95"
"72992.098961","95","95","95"
"73007.098599","62","62","62"
"73022.098542","66","66","66"
"73037.09888","58","58","58"
"73052.099868","81","81","81"
"73067.09976","99","99","99"
"73082.100091","93","93","93"
"73097.099953","95","95","95"
"73112.099217","99","99","99"
"73127.099392","86","86","86"
"73142.100355","72","72","72"
"73157.099946","84","84","84"
"73172.09933","74","74","74"
"73187.099197","60","60","60"
"73202.099298","81","81","81"
"73217.099515","99","99","99"
"73232.099748","99","99","99"
"73247.099634","96","96","96"
"73262.098603","60","60","60"
"73277.098964","95","95","95"
"73292.099181","74","74","74"
"73307.099724","72","72","72"
"73322.098574","60","60","60"
"73337.099771","72","72","72"
"73352.101639","88","88","88"
"73367.100766","99","99","99"
"73382.100289","99","99","99"
"73397.099918","99","99","99"
"73412.099632","61","61","61"
"73427.100101","80","80","80"
"73442.098856","60","60","60"
"73457.100093","82","82","82"
"73472.099348","99","99","99"
"73487.099861","99","99","99"
"73502.100164","99","99","99"
"73517.099607","99","99","99"
"73532.099414","91","91","91"
"73547.098548","96","96","96"
"73562.099065","95","95","95"
"73577.099754","58","58","58"
"73592.09902","65","65","65"
"73607.099762","78","78","78"
"73622.099602","99","99","99"
"73637.099734","95","95","95"
"73652.100377","95","95","95"
"73667.100044","95","95","95"
"73682.100275","98","98","98"
"73697.100471","70","70","70"
"73712.099985","60","60","60"
"73727.100085","59","59","59"
"73742.099384","60","60","60"
"73757.099447","88","88","88"
"73772.100144","60","60","60"
"73787.099396","99","99","99"
"73802.100309","99","99","99"
"73817.099123","95","95","95"
"73832.099936","95","95","95"
"73847.098832","98","98","98"
"73862.099195","99","99","99"
"73877.099574","99","99","99"
"73892.099749","96","96","96"
"73907.100218","95","95","95"
"73922.099827","66","66","66"
"73937.099405","61","61","61"
"73952.099037","97","97","97"
"73967.10034","76","76","76"
"73982.100069","96","96","96"
"73997.099739","96","96","96"
"74012.099614","96","96","96"
"74027.100056","92","92","92"
"74042.099973","80","80","80"
"74057.099549","61","61","61"
"74072.099204","74","74","74"
"74087.099119","76","76","76"
"74102.101286","82","82","82"
"74117.100169","54","54","54"
"74132.098714","92","92","92"
"74147.100046","99","99","99"
"74162.099122","99","99","99"
"74177.099689","76","76","76"
"74192.100291","60","60","60"
"74207.099237","88","88","88"
"74222.100033","56","56","56"
"74237.099912","68","68","68"
"74252.099659","57","57","57"
"74267.099274","88","88","88"
"74282.099214","95","95","95"
"74297.099841","85","85","85"
"74312.099782","60","60","60"
"74327.099127","85","85","85"
"74342.099764","99","99","99"
"74357.09982","99","99","99"
"74372.099553","69","69","69"
"74387.099153","77","77","77"
"74402.099044","92","92","92"
"74417.100715","99","99","99"
"74432.0992","99","99","99"
"74447.098432","88","88","88"
"74462.09941","57","57","57"
"74477.09973","71","71","71"
"74492.099907","60","60","60"
"74507.100485","67","67","67"
"74522.099654","99","99","99"
"74537.099282","95","95","95"
"74552.100275","60","60","60"
"74567.100191","66","66","66"
"74582.100117","76","76","76"
"74597.099463","99","99","99"
"74612.099503","60","60","60"
"74627.099959","99","99","99"
"74642.099779","99","99","99"
"74657.099136","95","95","95"
"74672.0996","95","95","95"
"74687.1001","98","98","98"
"74702.100773","75","75","75"
"74717.100121","60","60","60"
"74732.099557","99","99","99"
"74747.098724","98","98","98"
"74762.099731","95","95","95"
"74777.099226","95","95","95"
"74792.100026","95","95","95"
"74807.100535","85","85","85"
"74822.099705","62","62","62"
"74837.099813","89","89","89"
"74852.100674","99","99","99"
"74867.099941","99","99","99"
"74882.098609","95","95","95"
"74897.099641","95","95","95"
"74912.10082","60","60","60"
"74927.100058","75","75","75"
"74942.09998","77","77","77"
"74957.099438","61","61","61"
"74972.099884","88","88","88"
"74987.099617","99","99","99"
"75002.09826","95","95","95"
"75017.099387","95","95","95"
"75032.099401","77","77","77"
"75047.0996","78","78","78"
"75062.099994","99","99","99"
"75077.099158","98","98","98"
"75092.102716","81","81","81"
"75107.098539","95","95","95"
"75122.100079","61","61","61"
"75137.100541","57","57","57"
"75152.098797","99","99","99"
"75167.100121","99","99","99"
"75182.099827","99","99","99"
"75197.100391","91","91","91"
"75212.099852","77","77","77"
"75227.100501","77","77","77"
"75242.099663","93","93","93"
"75257.099255","99","99","99"
"75272.099393","57","57","57"
"75287.099821","99","99","99"
"75302.099406","99","99","99"
"75317.09968","99","99","99"
"75332.099788","99","99","99"
"75347.099767","95","95","95"
"75362.099152","99","99","99"
"75377.099696","80","80","80"
"75392.099936","60","60","60"
"75407.100411","60","60","60"
"75422.100511","54","54","54"
"75437.099619","83","83","83"
"75452.099989","52","52","52"
"75467.099388","95","95","95"
"75482.100475","95","95","95"
"75497.100062","96","96","96"
"75512.098686","63","63","63"
"75527.101472","62","62","62"
"75542.101395","99","99","99"
"75557.100082","99","99","99"
"75572.099528","95","95","95"
"75587.100102","95","95","95"
"75602.098839","78","78","78"
"75617.099728","95","95","95"
"75632.099486","99","99","99"
"75647.10035","94","94","94"
"75662.10012","99","99","99"
"75677.100266","95","95","95"
"75692.099952","96","96","96"
"75707.099912","96","96","96"
"75722.099822","97","97","97"
"75737.099359","80","80","80"
"75752.098948","61","61","61"
"75767.099393","71","71","71"
"75782.099399","65","65","65"
"75797.099163","60","60","60"
"75812.09991","71","71","71"
"75827.099751","99","99","99"
"75842.100331","99","99","99"
"75857.100595","96","96","96"
"75872.09987","95","95","95"
"75887.099423","95","95","95"
"75902.100695","95","95","95"
"75917.099739","99","99","99"
"75932.098859","60","60","60"
"75947.10069","95","95","95"
"75962.102012","95","95","95"
"75977.0999","78","78","78"
"75992.098689","60","60","60"
"76007.099563","84","84","84"
"76022.099102","99","99","99"
"76037.099997","99","99","99"
"76052.099204","99","99","99"
"76067.10101","95","95","95"
"76082.099603","95","95","95"
"76097.098638","60","60","60"
"76112.099893","95","95","95"
"76127.099395","99","99","99"
"76142.099921","95","95","95"
"76157.099257","95","95","95"
"76172.099783","99","99","99"
"76187.100057","95","95","95"
"76202.099463","82","82","82"
"76217.100193","99","99","99"
"76232.099597","99","99","99"
"76247.099865","95","95","95"
"76262.099883","95","95","95"
"76277.099743","99","99","99"
"76292.099947","99","99","99"
"76307.099899","99","99","99"
"76322.099579","99","99","99"
"76337.100438","95","95","95"
"76352.099359","95","95","95"
"76367.099613","95","95","95"
"76382.098705","60","60","60"
"76397.101017","81","81","81"
"76412.101165","99","99","99"
"76427.099419","95","95","95"
"76442.100303","99","99","99"
"76457.099667","95","95","95"
"76472.099929","95","95","95"
"76487.099729","76","76","76"
"76502.099709","61","61","61"
"76517.098895","88","88","88"
"76532.099969","99","99","99"
"76547.099915","99","99","99"
"76562.099589","95","95","95"
"76577.099551","91","91","91"
"76592.099603","58","58","58"
"76607.099028","58","58","58"
"76622.100252","98","98","98"
"76637.100032","74","74","74"
"76652.100271","60","60","60"
"76667.1","70","70","70"
"76682.099162","99","99","99"
"76697.099501","99","99","99"
"76712.101782","99","99","99"
"76727.100039","96","96","96"
"76742.099874","96","96","96"
"76757.099798","74","74","74"
"76772.100557","99","99","99"
"76787.098693","82","82","82"
"76802.09968","99","99","99"
"76817.099642","95","95","95"
"76832.100176","96","96","96"
"76847.099728","83","83","83"
"76862.099444","61","61","61"
"76877.099025","99","99","99"
"76892.099304","99","99","99"
"76907.100443","99","99","99"
"76922.100056","95","95","95"
"76937.099239","58","58","58"
"76952.099739","95","95","95"
"76967.100489","96","96","96"
"76982.099794","74","74","74"
"76997.09999","60","60","60"
"77012.098333","78","78","78"
"77027.099997","99","99","99"
"77042.099309","95","95","95"
"77057.099893","95","95","95"
"77072.099726","61","61","61"
"77087.099817","64","64","64"
"77102.099996","99","99","99"
"77117.100426","99","99","99"
"77132.09972","99","99","99"
"77147.099582","95","95","95"
"77162.100434","95","95","95"
"77177.099314","84","84","84"
"77192.100367","57","57","57"
"77207.099054","93","93","93"
"77222.09993","99","99","99"
"77237.099797","95","95","95"
"77252.099698","95","95","95"
"77267.099331","95","95","95"
"77282.100145","95","95","95"
"77297.099875","95","95","95"
"77312.099427","83","83","83"
"77327.09874","72","72","72"
"77342.098693","99","99","99"
"77357.099608","95","95","95"
"77372.099874","91","91","91"
"77387.100552","60","60","60"
"77402.09984","60","60","60"
"77417.099976","61","61","61"
"77432.10012","75","75","75"
"77447.099105","95","95","95"
"77462.099982","95","95","95"
"77477.100729","95","95","95"
"77492.099394","57","57","57"
"77507.100562","60","60","60"
"77522.099824","86","86","86"
"77537.098722","99","99","99"
"77552.099646","99","99","99"
"77567.100655","95","95","95"
"77582.09989","95","95","95"
"77597.099697","96","96","96"
"77612.100046","83","83","83"
"77627.099491","95","95","95"
"77642.099301","96","96","96"
"77657.099629","95","95","95"
"77672.099563","69","69","69"
"77687.099253","99","99","99"
"77702.100098","99","99","99"
"77717.099739","95","95","95"
"77732.099559","95","95","95"
"77747.100425","99","99","99"
"77762.099992","97","97","97"
"77777.100002","84","84","84"
"77792.100049","95","95","95"
"77807.099568","95","95","95"
"77822.099421","79","79","79"
"77837.099613","63","63","63"
"77852.100696","76","76","76"
"77867.099864","99","99","99"
"77882.100606","95","95","95"
"77897.099922","95","95","95"
"77912.099585","98","98","98"
"77927.099403","74","74","74"
"77942.099221","77","77","77"
"77957.100325","99","99","99"
"77972.099614","95","95","95"
"77987.100363","90","90","90"
"78002.10009","53","53","53"
"78017.09966","65","65","65"
"78032.099687","76","76","76"
"78047.100009","95","95","95"
"78062.099607","96","96","96"
"78077.09937","71","71","71"
"78092.099552","82","82","82"
"78107.098984","99","99","99"
"78122.099333","79","79","79"
"78137.099141","99","99","99"
"78152.099364","99","99","99"
"78167.099898","95","95","95"
"78182.098855","94","94","94"
"78197.100419","84","84","84"
"78212.099877","61","61","61"
"78227.100205","99","99","99"
"78242.099658","59","59","59"
"78257.099575","99","99","99"
"78272.099015","95","95","95"
"78287.099219","99","99","99"
"78302.099275","95","95","95"
"78317.099355","95","95","95"
"78332.099422","61","61","61"
"78347.099224","97","97","97"
"78362.099673","99","99","99"
"78377.098883","95","95","95"
"78392.099644","96","96","96"
"78407.099249","78","78","78"
"78422.099247","99","99","99"
"78437.099457","99","99","99"
"78452.099246","76","76","76"
"78467.100109","59","59","59"
"78482.099769","88","88","88"
"78497.099931","94","94","94"
"78512.099292","99","99","99"
"78527.099449","99","99","99"
"78542.099561","97","97","97"
"78557.099325","95","95","95"
"78572.099044","93","93","93"
"78587.099893","99","99","99"
"78602.100059","70","70","70"
"78617.099828","98","98","98"
"78632.100374","61","61","61"
"78647.100193","61","61","61"
"78662.099826","82","82","82"
"78677.100155","83","83","83"
"78692.100099","99","99","99"
"78707.100011","99","99","99"
"78722.099355","95","95","95"
"78737.098942","95","95","95"
"78752.098279","95","95","95"
"78767.098432","95","95","95"
"78782.099969","67","67","67"
"78797.098831","95","95","95"
"78812.103135","94","94","94"
"78827.099969","99","99","99"
"78842.099406","83","83","83"
"78857.100194","82","82","82"
"78872.099841","60","60","60"
"78887.099913","60","60","60"
"78902.100028","97","97","97"
"78917.10001","99","99","99"
"78932.099072","95","95","95"
"78947.099871","99","99","99"
"78962.099812","95","95","95"
"78977.099279","95","95","95"
"78992.099974","84","84","84"
"79007.098753","61","61","61"
"79022.100745","82","82","82"
"79037.100381","99","99","99"
"79052.099445","99","99","99"
"79067.099398","99","99","99"
"79082.101012","95","95","95"
"79097.100581","95","95","95"
"79112.100835","95","95","95"
"79127.099245","99","99","99"
"79142.09954","99","99","99"
"79157.100049","95","95","95"
"79172.099049","99","99","99"
"79187.100364","94","94","94"
"79202.099091","95","95","95"
"79217.098266","99","99","99"
"79232.099132","99","99","99"
"79247.099649","99","99","99"
"79262.098767","99","99","99"
"79277.099015","99","99","99"
"79292.099324","58","58","58"
"79307.099298","60","60","60"
"79322.100024","65","65","65"
"79337.098739","99","99","99"
"79352.099571","95","95","95"
"79367.099861","95","95","95"
"79382.099706","90","90","90"
"79397.09934","60","60","60"
"79412.100595","60","60","60"
"79427.099894","61","61","61"
"79442.09875","99","99","99"
"79457.099183","61","61","61"
"79472.100215","88","88","88"
"79487.099627","95","95","95"
"79502.10116","99","99","99"
"79517.101061","95","95","95"
"79532.101798","95","95","95"
"79547.099373","61","61","61"
"79562.099337","60","60","60"
"79577.099374","99","99","99"
"79592.098975","99","99","99"
"79607.099453","99","99","99"
"79622.099538","96","96","96"
"79637.098757","99","99","99"
"79652.099569","99","99","99"
"79667.099787","95","95","95"
"79682.099915","95","95","95"
"79697.099755","95","95","95"
"79712.099215","58","58","58"
"79727.099598","71","71","71"
"79742.099944","87","87","87"
"79757.098592","99","99","99"
"79772.098458","99","99","99"
"79787.100006","95","95","95"
"79802.0993","99","99","99"
"79817.1001","99","99","99"
"79832.099517","95","95","95"
"79847.099903","95","95","95"
"79862.099723","95","95","95"
"79877.09996","96","96","96"
"79892.099096","69","69","69"
"79907.099296","60","60","60"
"79922.100293","76","76","76"
"79937.099924","96","96","96"
"79952.099685","99","99","99"
"79967.099697","61","61","61"
"79982.099261","75","75","75"
"79997.098751","99","99","99"
"80012.098512","99","99","99"
"80027.099724","97","97","97"
"80042.100142","87","87","87"
"80057.099685","95","95","95"
"80072.100275","55","55","55"
"80087.099738","99","99","99"
"80102.099294","95","95","95"
"80117.098477","96","96","96"
"80132.100224","95","95","95"
"80147.098871","96","96","96"
"80162.100721","91","91","91"
"80177.101001","59","59","59"
"80192.101431","76","76","76"
"80207.10087","99","99","99"
"80222.10207","99","99","99"
"80237.098903","95","95","95"
"80252.101447","71","71","71"
"80267.100367","60","60","60"
"80282.100068","59","59","59"
"80297.098828","99","99","99"
"80312.100089","99","99","99"
"80327.098926","99","99","99"
"80342.099615","99","99","99"
"80357.099616","99","99","99"
"80372.098823","95","95","95"
"80387.099285","96","96","96"
"80402.100041","99","99","99"
"80417.100318","67","67","67"
"80432.099652","57","57","57"
"80447.099327","99","99","99"
"80462.099801","60","60","60"
"80477.099267","69","69","69"
"80492.099763","84","84","84"
"80507.099656","97","97","97"
"80522.099586","99","99","99"
"80537.099918","99","99","99"
"80552.098965","99","99","99"
"80567.100001","99","99","99"
"80582.098612","95","95","95"
"80597.09984","97","97","97"
"80612.100021","77","77","77"
"80627.099273","94","94","94"
"80642.09924","95","95","95"
"80657.099658","95","95","95"
"80672.099213","81","81","81"
"80687.099745","60","60","60"
"80702.099469","59","59","59"
"80717.099528","67","67","67"
"80732.09981","98","98","98"
"80747.099733","99","99","99"
"80762.099041","99","99","99"
"80777.099481","95","95","95"
"80792.099269","95","95","95"
"80807.098801","95","95","95"
"80822.100436","96","96","96"
"80837.100546","72","72","72"
"80852.09984","66","66","66"
"80867.100262","57","57","57"
"80882.099495","44","44","44"
"80897.100111","59","59","59"
"80912.100135","89","89","89"
"80927.100132","94","94","94"
"80942.09986","99","99","99"
"80957.100378","99","99","99"
"80972.10002","98","98","98"
"80987.098936","99","99","99"
"81002.098629","95","95","95"
"81017.100766","65","65","65"
"81032.099573","61","61","61"
"81047.099814","79","79","79"
"81062.100257","89","89","89"
"81077.099939","99","99","99"
"81092.099415","99","99","99"
"81107.099403","96","96","96"
"81122.098106","96","96","96"
"81137.099405","95","95","95"
"81152.098238","95","95","95"
"81167.099116","95","95","95"
"81182.099548","67","67","67"
"81197.099677","85","85","85"
"81212.099691","86","86","86"
"81227.100004","99","99","99"
"81242.099534","99","99","99"
"81257.099117","95","95","95"
"81272.099531","95","95","95"
"81287.098842","95","95","95"
"81302.099588","99","99","99"
"81317.099407","99","99","99"
"81332.099282","99","99","99"
"81347.099639","95","95","95"
"81362.098771","70","70","70"
"81377.09937","59","59","59"
"81392.09968","74","74","74"
"81407.100169","99","99","99"
"81422.098488","99","99","99"
"81437.10031","98","98","98"
"81452.09939","95","95","95"
"81467.099774","99","99","99"
"81482.099042","95","95","95"
"81497.100116","95","95","95"
"81512.099016","96","96","96"
"81527.098975","95","95","95"
"81542.099611","70","70","70"
"81557.09969","85","85","85"
"81572.100087","99","99","99"
"81587.099855","99","99","99"
"81602.098397","95","95","95"
"81617.099577","95","95","95"
"81632.099249","99","99","99"
"81647.099669","95","95","95"
"81662.099306","95","95","95"
"81677.098764","95","95","95"
"81692.098876","95","95","95"
"81707.099166","96","96","96"
"81722.101681","95","95","95"
"81737.101505","61","61","61"
"81752.099934","79","79","79"
"81767.099609","92","92","92"
"81782.099107","99","99","99"
"81797.098391","99","99","99"
"81812.099753","70","70","70"
"81827.100071","78","78","78"
"81842.100179","78","78","78"
"81857.099576","99","99","99"
"81872.10008","99","99","99"
"81887.098896","96","96","96"
"81902.098627","95","95","95"
"81917.09985","58","58","58"
"81932.099989","91","91","91"
"81947.100047","99","99","99"
"81962.099714","96","96","96"
"81977.09967","99","99","99"
"81992.100018","95","95","95"
"82007.099818","95","95","95"
"82022.099942","95","95","95"
"82037.099917","95","95","95"
"82052.099958","95","95","95"
"82067.099395","99","99","99"
"82082.09971","97","97","97"
"82097.099371","64","64","64"
"82112.099546","99","99","99"
"82127.099913","99","99","99"
"82142.09977","80","80","80"
"82157.099751","84","84","84"
"82172.099793","99","99","99"
"82187.10015","99","99","99"
"82202.100047","95","95","95"
"82217.100292","95","95","95"
"82232.098766","96","96","96"
"82247.099653","95","95","95"
"82262.100088","95","95","95"
"82277.099406","71","71","71"
"82292.099358","87","87","87"
"82307.099507","62","62","62"
"82322.100117","67","67","67"
"82337.100341","99","99","99"
"82352.099438","99","99","99"
"82367.099796","99","99","99"
"82382.09927","95","95","95"
"82397.099914","90","90","90"
"82412.098185","60","60","60"
"82427.099643","99","99","99"
"82442.099446","99","99","99"
"82457.099395","95","95","95"
"82472.099286","96","96","96"
"82487.099153","77","77","77"
"82502.098761","60","60","60"
"82517.100029","98","98","98"
"82532.10001","99","99","99"
"82547.099648","99","99","99"
"82562.099715","95","95","95"
"82577.100049","96","96","96"
"82592.099737","58","58","58"
"82607.098274","71","71","71"
"82622.099093","99","99","99"
"82637.098718","95","95","95"
"82652.100259","99","99","99"
"82667.099281","96","96","96"
"82682.099447","96","96","96"
"82697.100172","61","61","61"
"82712.098763","69","69","69"
"82727.099826","99","99","99"
"82742.099893","99","99","99"
"82757.099933","95","95","95"
"82772.09879","95","95","95"
"82787.101233","99","99","99"
"82802.098605","78","78","78"
"82817.099681","87","87","87"
"82832.098553","69","69","69"
"82847.099909","99","99","99"
"82862.099661","95","95","95"
"82877.100043","88","88","88"
"82892.099298","99","99","99"
"82907.099258","95","95","95"
"82922.100035","95","95","95"
"82937.099699","99","99","99"
"82952.10016","95","95","95"
"82967.099953","96","96","96"
"82982.099852","99","99","99"
"82997.099456","95","95","95"
"83012.10119","95","95","95"
"83027.099771","60","60","60"
"83042.09982","74","74","74"
"83057.100516","91","91","91"
"83072.098327","99","99","99"
"83087.099161","99","99","99"
"83102.099044","99","99","99"
"83117.10088","95","95","95"
"83132.102045","95","95","95"
"83147.099591","99","99","99"
"83162.099003","99","99","99"
"83177.09883","99","99","99"
"83192.100151","96","96","96"
"83207.099461","85","85","85"
"83222.099363","99","99","99"
"83237.099711","95","95","95"
"83252.099244","99","99","99"
"83267.099651","65","65","65"
"83282.099937","72","72","72"
"83297.09989","99","99","99"
"83312.09934","99","99","99"
"83327.099156","99","99","99"
"83342.098233","99","99","99"
"83357.099839","95","95","95"
"83372.099873","91","91","91"
"83387.09961","84","84","84"
"83402.099733","99","99","99"
"83417.09995","99","99","99"
"83432.099205","99","99","99"
"83447.099123","99","99","99"
"83462.099819","77","77","77"
"83477.100188","90","90","90"
"83492.099601","99","99","99"
"83507.099682","99","99","99"
"83522.0992","99","99","99"
"83537.099912","95","95","95"
"83552.099501","95","95","95"
"83567.099523","92","92","92"
"83582.100851","99","99","99"
"83597.099851","99","99","99"
"83612.099467","95","95","95"
"83627.100675","79","79","79"
"83642.09957","99","99","99"
"83657.098612","99","99","99"
"83672.0984","95","95","95"
"83687.100453","95","95","95"
"83702.100364","95","95","95"
"83717.099095","95","95","95"
"83732.099889","99","99","99"
"83747.100063","60","60","60"
"83762.099895","99","99","99"
"83777.099812","95","95","95"
"83792.099467","60","60","60"
"83807.099174","95","95","95"
"83822.099352","71","71","71"
"83837.10017","57","57","57"
"83852.099913","81","81","81"
"83867.099592","67","67","67"
"83882.099419","99","99","99"
"83897.099217","99","99","99"
"83912.0998","81","81","81"
"83927.100031","64","64","64"
"83942.099681","83","83","83"
"83957.099145","99","99","99"
"83972.100859","59","59","59"
"83987.100115","99","99","99"
"84002.098949","95","95","95"
"84017.099019","99","99","99"
"84032.100455","61","61","61"
"84047.09978","99","99","99"
"84062.099122","95","95","95"
"84077.099841","95","95","95"
"84092.099649","74","74","74"
"84107.099876","58","58","58"
"84122.099216","75","75","75"
"84137.099947","57","57","57"
"84152.099403","73","73","73"
"84167.100713","99","99","99"
"84182.10072","99","99","99"
"84197.099368","99","99","99"
"84212.10127","99","99","99"
"84227.101421","95","95","95"
"84242.099509","95","95","95"
"84257.099195","95","95","95"
"84272.099919","95","95","95"
"84287.099852","95","95","95"
"84302.099038","90","90","90"
"84317.100113","99","99","99"
"84332.09865","99","99","99"
"84347.100458","99","99","99"
"84362.09956","99","99","99"
"84377.099774","95","95","95"
"84392.099946","95","95","95"
"84407.098939","96","96","96"
"84422.099106","83","83","83"
"84437.100139","66","66","66"
"84452.099316","64","64","64"
"84467.100078","95","95","95"
"84482.099009","96","96","96"
"84497.099457","57","57","57"
"84512.099937","62","62","62"
"84527.099692","94","94","94"
"84542.099787","99","99","99"
"84557.100442","95","95","95"
"84572.100267","95","95","95"
"84587.098759","83","83","83"
"84602.099563","64","64","64"
"84617.099471","89","89","89"
"84632.099695","60","60","60"
"84647.100173","96","96","96"
"84662.09939","99","99","99"
"84677.099616","99","99","99"
"84692.100125","96","96","96"
"84707.100158","87","87","87"
"84722.099223","91","91","91"
"84737.099869","99","99","99"
"84752.099795","99","99","99"
"84767.100302","99","99","99"
"84782.101239","99","99","99"
"84797.099315","99","99","99"
"84812.099097","95","95","95"
"84827.099271","95","95","95"
"84842.099642","90","90","90"
"84857.098796","91","91","91"
"84872.099775","85","85","85"
"84887.100399","99","99","99"
"84902.09989","99","99","99"
"84917.099768","95","95","95"
"84932.099488","95","95","95"
"84947.098697","96","96","96"
"84962.098671","96","96","96"
"84977.100144","95","95","95"
"84992.099754","96","96","96"
"85007.099448","95","95","95"
"85022.098897","96","96","96"
"85037.099571","96","96","96"
"85052.1004","63","63","63"
"85067.100025","61","61","61"
"85082.099236","99","99","99"
"85097.099653","99","99","99"
"85112.099952","99","99","99"
"85127.099748","95","95","95"
"85142.100249","99","99","99"
"85157.099291","99","99","99"
"85172.099122","99","99","99"
"85187.100107","91","91","91"
"85202.099111","95","95","95"
"85217.099833","87","87","87"
"85232.099719","60","60","60"
"85247.099853","99","99","99"
"85262.099972","99","99","99"
"85277.099672","95","95","95"
"85292.098413","99","99","99"
"85307.099722","99","99","99"
"85322.099466","99","99","99"
"85337.099941","95","95","95"
"85352.098818","99","99","99"
"85367.100007","77","77","77"
"85382.099907","60","60","60"
"85397.099641","60","60","60"
"85412.099861","85","85","85"
"85427.099","99","99","99"
"85442.099385","95","95","95"
"85457.098767","95","95","95"
"85472.098922","95","95","95"
"85487.099443","95","95","95"
"85502.099492","95","95","95"
"85517.099819","95","95","95"
"85532.098911","93","93","93"
"85547.099718","57","57","57"
"85562.099943","56","56","56"
"85577.099413","89","89","89"
"85592.099864","99","99","99"
"85607.100045","95","95","95"
"85622.099878","95","95","95"
"85637.099294","95","95","95"
"85652.099792","92","92","92"
"85667.099258","64","64","64"
"85682.09972","67","67","67"
"85697.099716","75","75","75"
"85712.099495","95","95","95"
"85727.10051","99","99","99"
"85742.099277","99","99","99"
"85757.100089","99","99","99"
"85772.099668","99","99","99"
"85787.100414","95","95","95"
"85802.099862","83","83","83"
"85817.099681","95","95","95"
"85832.100217","95","95","95"
"85847.100308","95","95","95"
"85862.100747","99","99","99"
"85877.099838","72","72","72"
"85892.098773","72","72","72"
"85907.100915","91","91","91"
"85922.101477","99","99","99"
"85937.099737","99","99","99"
"85952.099391","95","95","95"
"85967.101279","93","93","93"
"85982.099792","95","95","95"
"85997.101037","99","99","99"
"86012.099328","61","61","61"
"86027.099469","86","86","86"
"86042.099879","99","99","99"
"86057.099768","99","99","99"
"86072.100017","95","95","95"
"86087.098982","95","95","95"
"86102.099723","95","95","95"
"86117.100044","99","99","99"
"86132.099888","95","95","95"
"86147.099913","88","88","88"
"86162.09948","99","99","99"
"86177.099755","99","99","99"
"86192.099556","95","95","95"
"86207.099538","84","84","84"
"86222.098861","57","57","57"
"86237.099621","99","99","99"
"86252.100199","99","99","99"
"86267.10045","95","95","95"
"86282.099396","94","94","94"
"86297.098239","61","61","61"
"86312.099153","60","60","60"
"86327.098624","60","60","60"
"86342.099768","99","99","99"
"86357.100242","95","95","95"
"86372.099591","96","96","96"
"86387.100328","90","90","90"
"86402.098603","60","60","60"
"86417.099795","99","99","99"
"86432.100078","99","99","99"
"86447.099706","95","95","95"
"86462.099358","95","95","95"
"86477.099567","95","95","95"
"86492.103352","95","95","95"
"86507.099765","80","80","80"
"86522.098845","60","60","60"
"86537.100219","99","99","99"
"86552.099964","87","87","87"
"86567.099351","57","57","57"
"86582.099667","69","69","69"
"86597.100216","94","94","94"
"86612.09916","99","99","99"
"86627.099145","99","99","99"
"86642.099505","99","99","99"
"86657.099288","99","99","99"
"86672.099336","95","95","95"
"86687.100147","96","96","96"
"86702.100374","99","99","99"
"86717.099492","94","94","94"
"86732.100302","99","99","99"
"86747.099263","99","99","99"
"86762.099511","95","95","95"
"86777.099988","95","95","95"
"86792.098883","60","60","60"
"86807.099371","81","81","81"
"86822.099114","90","90","90"
"86837.09895","69","69","69"
"86852.099983","95","95","95"
"86867.100119","55","55","55"
"86882.099082","75","75","75"
"86897.099923","95","95","95"
"86912.09943","95","95","95"
"86927.099962","66","66","66"
"86942.099048","68","68","68"
"86957.099552","99","99","99"
"86972.099561","73","73","73"
"86987.099434","99","99","99"
"87002.098463","95","95","95"
"87017.100749","99","99","99"
"87032.099098","63","63","63"
"87047.099481","76","76","76"
"87062.100582","99","99","99"
"87077.101241","96","96","96"
"87092.100019","61","61","61"
"87107.099634","99","99","99"
"87122.099456","99","99","99"
"87137.098605","95","95","95"
"87152.100082","99","99","99"
"87167.099446","99","99","99"
"87182.098486","95","95","95"
"87197.099999","96","96","96"
"87212.099846","80","80","80"
"87227.099997","60","60","60"
"87242.099918","99","99","99"
"87257.099553","99","99","99"
"87272.099722","99","99","99"
"87287.100829","70","70","70"
"87302.099827","61","61","61"
"87317.099921","88","88","88"
"87332.100251","61","61","61"
"87347.099933","73","73","73"
"87362.100003","99","99","99"
"87377.098977","99","99","99"
"87392.098741","92","92","92"
"87407.100057","96","96","96"
"87422.099483","74","74","74"
"87437.10057","60","60","60"
"87452.099453","99","99","99"
"87467.100063","96","96","96"
"87482.09896","95","95","95"
"87497.101128","71","71","71"
"87512.099306","60","60","60"
"87527.099187","96","96","96"
"87542.100132","99","99","99"
"87557.100666","95","95","95"
"87572.100141","95","95","95"
"87587.09982","95","95","95"
"87602.098823","84","84","84"
"87617.100433","60","60","60"
"87632.099549","99","99","99"
"87647.099691","95","95","95"
"87662.099575","84","84","84"
"87677.099669","61","61","61"
"87692.099528","99","99","99"
"87707.099561","99","99","99"
"87722.100212","95","95","95"
"87737.100169","69","69","69"
"87752.098598","73","73","73"
"87767.099173","99","99","99"
"87782.099246","99","99","99"
"87797.100202","95","95","95"
"87812.099837","99","99","99"
"87827.099171","95","95","95"
"87842.101743","91","91","91"
"87857.099614","95","95","95"
"87872.10012","63","63","63"
"87887.099936","60","60","60"
"87902.099188","95","95","95"
"87917.098778","99","99","99"
"87932.099627","95","95","95"
"87947.100527","96","96","96"
"87962.099163","71","71","71"
"87977.099442","95","95","95"
"87992.098976","96","96","96"
"88007.100248","99","99","99"
"88022.099796","99","99","99"
"88037.100155","95","95","95"
"88052.099414","96","96","96"
"88067.099658","68","68","68"
"88082.09969","67","67","67"
"88097.099413","99","99","99"
"88112.09985","95","95","95"
"88127.0995","96","96","96"
"88142.099396","74","74","74"
"88157.099083","96","96","96"
"88172.098786","90","90","90"
"88187.098598","87","87","87"
"88202.099848","99","99","99"
"88217.100574","99","99","99"
"88232.100118","96","96","96"
"88247.09965","60","60","60"
"88262.098662","61","61","61"
"88277.09971","99","99","99"
"88292.099785","98","98","98"
"88307.101099","96","96","96"
"88322.099765","96","96","96"
"88337.09985","91","91","91"
"88352.098959","61","61","61"
"88367.099458","99","99","99"
"88382.099638","95","95","95"
"88397.099736","95","95","95"
"88412.098851","96","96","96"
"88427.098794","99","99","99"
"88442.100219","99","99","99"
"88457.099426","96","96","96"
"88472.09873","76","76","76"
"88487.10036","95","95","95"
"88502.099319","76","76","76"
"88517.099641","86","86","86"
"88532.098532","99","99","99"
"88547.099645","95","95","95"
"88562.099475","61","61","61"
"88577.100146","78","78","78"
"88592.099005","99","99","99"
"88607.099312","99","99","99"
"88622.099312","95","95","95"
"88637.100262","96","96","96"
"88652.099988","99","99","99"
"88667.099205","95","95","95"
"88682.099731","96","96","96"
"88697.100087","90","90","90"
"88712.100507","75","75","75"
"88727.099771","65","65","65"
"88742.098729","99","99","99"
"88757.10005","91","91","91"
"88772.099044","95","95","95"
"88787.099958","61","61","61"
"88802.099556","62","62","62"
"88817.100279","87","87","87"
"88832.10007","61","61","61"
"88847.09937","90","90","90"
"88862.098978","99","99","99"
"88877.09894","99","99","99"
"88892.099391","95","95","95"
"88907.099194","95","95","95"
"88922.100519","99","99","99"
"88937.099588","98","98","98"
"88952.100998","95","95","95"
"88967.098909","57","57","57"
"88982.099992","96","96","96"
"88997.099855","61","61","61"
"89012.100159","90","90","90"
"89027.099586","99","99","99"
"89042.100111","95","95","95"
"89057.100156","95","95","95"
"89072.099712","60","60","60"
"89087.098961","92","92","92"
"89102.099734","99","99","99"
"89117.099995","84","84","84"
"89132.099339","59","59","59"
"89147.100082","68","68","68"
"89162.099597","60","60","60"
"89177.099349","76","76","76"
"89192.099779","99","99","99"
"89207.098976","97","97","97"
"89222.099338","96","96","96"
"89237.09929","60","60","60"
"89252.101904","94","94","94"
"89267.099691","99","99","99"
"89282.100137","95","95","95"
"89297.099735","61","61","61"
"89312.100043","99","99","99"
"89327.099561","96","96","96"
"89342.098854","95","95","95"
"89357.099912","88","88","88"
"89372.10047","67","67","67"
"89387.099634","99","99","99"
"89402.099852","95","95","95"
"89417.09986","98","98","98"
"89432.099899","69","69","69"
"89447.099928","99","99","99"
"89462.099917","95","95","95"
"89477.099921","75","75","75"
"89492.099195","60","60","60"
"89507.100237","93","93","93"
"89522.098619","99","99","99"
"89537.099752","95","95","95"
"89552.098318","96","96","96"
"89567.099334","61","61","61"
"89582.09973","99","99","99"
"89597.099369","99","99","99"
"89612.099223","96","96","96"
"89627.098718","92","92","92"
"89642.099933","60","60","60"
"89657.103201","61","61","61"
"89672.099871","99","99","99"
"89687.099807","95","95","95"
"89702.099529","95","95","95"
"89717.098744","85","85","85"
"89732.099921","74","74","74"
"89747.099448","99","99","99"
"89762.099549","95","95","95"
"89777.099372","64","64","64"
"89792.100108","90","90","90"
"89807.09991","99","99","99"
"89822.100479","95","95","95"
"89837.100083","99","99","99"
"89852.101023","96","96","96"
"89867.100898","63","63","63"
"89882.099595","67","67","67"
"89897.100365","99","99","99"
"89912.099384","95","95","95"
"89927.098235","96","96","96"
"89942.099274","79","79","79"
"89957.099663","79","79","79"
"89972.099501","99","99","99"
"89987.099871","98","98","98"
"90002.100243","99","99","99"
"90017.099126","96","96","96"
"90032.100094","56","56","56"
"90047.100145","99","99","99"
"90062.09954","99","99","99"
"90077.099362","95","95","95"
"90092.099251","91","91","91"
"90107.100245","60","60","60"
"90122.100196","99","99","99"
"90137.099745","96","96","96"
"90152.100401","99","99","99"
"90167.100132","95","95","95"
"90182.098557","97","97","97"
"90197.100108","60","60","60"
"90212.099564","99","99","99"
"90227.099781","95","95","95"
"90242.09943","95","95","95"
"90257.098628","95","95","95"
"90272.100179","97","97","97"
"90287.099989","99","99","99"
"90302.100346","95","95","95"
"90317.099403","99","99","99"
"90332.09938","95","95","95"
"90347.099723","85","85","85"
"90362.099768","55","55","55"
"90377.099491","99","99","99"
"90392.099345","95","95","95"
"90407.100588","72","72","72"
"90422.099471","60","60","60"
"90437.100373","94","94","94"
"90452.099914","99","99","99"
"90467.099867","95","95","95"
"90482.10003","95","95","95"
"90497.100024","95","95","95"
"90512.099605","85","85","85"
"90527.098266","63","63","63"
"90542.099011","99","99","99"
"90557.099555","95","95","95"
"90572.09864","99","99","99"
"90587.099209","88","88","88"
"90602.099511","99","99","99"
"90617.09931","96","96","96"
"90632.099673","80","80","80"
"90647.098841","69","69","69"
"90662.099823","85","85","85"
"90677.099904","60","60","60"
"90692.098967","94","94","94"
"90707.099967","99","99","99"
"90722.099716","95","95","95"
"90737.099818","96","96","96"
"90752.100105","56","56","56"
"90767.100387","99","99","99"
"90782.099204","95","95","95"
"90797.099975","95","95","95"
"90812.099602","79","79","79"
"90827.100092","95","95","95"
"90842.099924","99","99","99"
"90857.100343","61","61","61"
"90872.10012","99","99","99"
"90887.100124","99","99","99"
"90902.100102","96","96","96"
"90917.101118","94","94","94"
"90932.099766","61","61","61"
"90947.099994","95","95","95"
"90962.100063","96","96","96"
"90977.099015","66","66","66"
"90992.100061","85","85","85"
"91007.099369","68","68","68"
"91022.099863","99","99","99"
"91037.100148","95","95","95"
"91052.099587","99","99","99"
"91067.098743","60","60","60"
"91082.099282","99","99","99"
"91097.09948","95","95","95"
"91112.099499","96","96","96"
"91127.098515","67","67","67"
"91142.099742","99","99","99"
"91157.09859","73","73","73"
"91172.100085","95","95","95"
"91187.10005","84","84","84"
"91202.099967","61","61","61"
"91217.099321","89","89","89"
"91232.099763","99","99","99"
"91247.100086","96","96","96"
"91262.099511","77","77","77"
"91277.09971","76","76","76"
"91292.099974","99","99","99"
"91307.102225","96","96","96"
"91322.099873","95","95","95"
"91337.099687","89","89","89"
"91352.100292","63","63","63"
"91367.098262","99","99","99"
"91382.099222","95","95","95"
"91397.099611","98","98","98"
"91412.09941","55","55","55"
"91427.099296","99","99","99"
"91442.100215","99","99","99"
"91457.100084","95","95","95"
"91472.099377","71","71","71"
"91487.100024","95","95","95"
"91502.099398","93","93","93"
"91517.100305","99","99","99"
"91532.099859","96","96","96"
"91547.099427","95","95","95"
"91562.099813","96","96","96"
"91577.099872","60","60","60"
"91592.100004","96","96","96"
"91607.099928","99","99","99"
"91622.09926","96","96","96"
"91637.099226","54","54","54"
"91652.099726","85","85","85"
"91667.099582","82","82","82"
"91682.100109","95","95","95"
"91697.100169","96","96","96"
"91712.099813","60","60","60"
"91727.100375","90","90","90"
"91742.099143","99","99","99"
"91757.100236","95","95","95"
"91772.09994","95","95","95"
"91787.099079","66","66","66"
"91802.099268","78","78","78"
"91817.098468","99","99","99"
"91832.099385","74","74","74"
"91847.100236","99","99","99"
"91862.100375","96","96","96"
"91877.099748","55","55","55"
"91892.099104","92","92","92"
"91907.09934","99","99","99"
"91922.100002","95","95","95"
"91937.099264","96","96","96"
"91952.099706","61","61","61"
"91967.098382","67","67","67"
"91982.099768","99","99","99"
"91997.098219","82","82","82"
"92012.100226","99","99","99"
"92027.10038","96","96","96"
"92042.100671","95","95","95"
"92057.09843","61","61","61"
"92072.100837","99","99","99"
"92087.10093","99","99","99"
"92102.099953","61","61","61"
"92117.100217","99","99","99"
"92132.098746","99","99","99"
"92147.100101","95","95","95"
"92162.099261","99","99","99"
"92177.101374","95","95","95"
"92192.099204","96","96","96"
"92207.099761","93","93","93"
"92222.09944","60","60","60"
"92237.098859","99","99","99"
"92252.100954","95","95","95"
"92267.100363","99","99","99"
"92282.099237","60","60","60"
"92297.099902","99","99","99"
"92312.098782","99","99","99"
"92327.100023","99","99","99"
"92342.098833","99","99","99"
"92357.100068","95","95","95"
"92372.099423","95","95","95"
"92387.099385","99","99","99"
"92402.099927","61","61","61"