"Relative Time (Process)","final_final-v0 - system/gpu.0.gpu","final_final-v0 - system/gpu.0.gpu__MIN","final_final-v0 - system/gpu.0.gpu__MAX"
"16.856053503","97","97","97"
"21.312798497","99","99","99"
"31.857150154","77","77","77"
"36.313089393","89","89","89"
"46.856426998","89","89","89"
"51.312355326","64","64","64"
"61.855404246","99","99","99"
"66.31352261","80","80","80"
"76.854892586","68","68","68"
"81.312853604","97","97","97"
"91.855143609","98","98","98"
"96.312755925","97","97","97"
"106.855672776","65","65","65"
"111.313378406","97","97","97"
"121.855317221","96","96","96"
"126.312962525","96","96","96"
"136.855870757","79","79","79"
"141.311417783","99","99","99"
"151.854612831","98","98","98"
"156.312946141","97","97","97"
"166.854291914","65","65","65"
"171.313404035","99","99","99"
"181.85678533","79","79","79"
"186.314037155","97","97","97"
"196.854505626","68","68","68"
"201.31384836","99","99","99"
"211.854676531","98","98","98"
"216.313297552","99","99","99"
"226.855172314","79","79","79"
"231.312985436","85","85","85"
"241.855883198","96","96","96"
"246.313656274","63","63","63"
"256.856531578","97","97","97"
"261.312240407","85","85","85"
"271.855188477","67","67","67"
"276.3129097","96","96","96"
"286.854833548","96","96","96"
"291.312722121","99","99","99"
"301.85571119","66","66","66"
"306.311704895","99","99","99"
"316.856251973","98","98","98"
"321.313405646","70","70","70"
"331.854947587","82","82","82"
"336.311709662","79","79","79"
"346.854982882","84","84","84"
"351.31218478","97","97","97"
"361.855933721","80","80","80"
"366.312816337","99","99","99"
"376.854229891","99","99","99"
"381.312813001","62","62","62"
"391.855419708","68","68","68"
"396.313072411","69","69","69"
"406.85529973","98","98","98"
"411.313125268","89","89","89"
"421.855388701","77","77","77"
"426.312691594","79","79","79"
"436.855400757","98","98","98"
"441.312432954","63","63","63"
"451.854481791","99","99","99"
"456.313188775","91","91","91"
"466.854665988","68","68","68"
"471.313769756","97","97","97"
"481.856000819","98","98","98"
"486.312463926","97","97","97"
"496.85615862","75","75","75"
"501.313283688","99","99","99"
"511.856133121","93","93","93"
"516.312754494","99","99","99"
"526.855433602","99","99","99"
"531.312848073","81","81","81"
"541.856062589","68","68","68"
"546.31276948","63","63","63"
"556.855267035","98","98","98"
"561.313483927","69","69","69"
"571.855796699","89","89","89"
"576.313735617","99","99","99"
"586.856731798","98","98","98"
"591.312961563","99","99","99"
"601.855840942","99","99","99"
"606.312824586","87","87","87"
"616.855427237","73","73","73"
"621.313863634","63","63","63"
"631.854223506","99","99","99"
"636.312882616","80","80","80"
"646.854601186","83","83","83"
"651.31356328","99","99","99"
"661.854263579","99","99","99"
"666.312437291","67","67","67"
"676.855592133","67","67","67"
"681.313970745","97","97","97"
"691.854757753","99","99","99"
"696.313200478","97","97","97"
"706.855409135","83","83","83"
"711.31476453","90","90","90"
"721.85649724","99","99","99"
"726.312295954","98","98","98"
"736.855260545","69","69","69"
"741.313395603","97","97","97"
"751.85584324","97","97","97"
"756.312527467","84","84","84"
"766.856129372","98","98","98"
"771.312739549","72","72","72"
"781.855472046","68","68","68"
"786.313006828","97","97","97"
"796.855951976","99","99","99"
"801.313285884","99","99","99"
"811.856274623","71","71","71"
"816.312780838","62","62","62"
"826.855574564","99","99","99"
"831.31270545","97","97","97"
"841.855232769","86","86","86"
"846.31263633","65","65","65"
"856.854271553","99","99","99"
"861.313230054","66","66","66"
"871.854958522","87","87","87"
"876.312971049","93","93","93"
"886.854949768","99","99","99"
"891.313091314","96","96","96"
"901.856745681","93","93","93"
"906.312075328","97","97","97"
"916.855676704","99","99","99"
"921.313527011","99","99","99"
"931.856556996","95","95","95"
"936.312458885","84","84","84"
"946.855085863","99","99","99"
"951.312737878","69","69","69"
"961.855393445","97","97","97"
"966.314494821","98","98","98"
"976.856396083","83","83","83"
"981.315313249","97","97","97"
"991.855961621","98","98","98"
"996.313416962","97","97","97"
"1006.855689836","68","68","68"
"1011.312305418","64","64","64"
"1021.855718924","72","72","72"
"1026.312826394","71","71","71"
"1036.855140178","99","99","99"
"1041.313474815","63","63","63"
"1051.855932627","77","77","77"
"1056.31324933","97","97","97"
"1066.854682918","99","99","99"
"1071.313290919","96","96","96"
"1081.856136137","67","67","67"
"1086.313386453","97","97","97"
"1096.855011161","98","98","98"
"1101.313115379","99","99","99"
"1111.8568966","59","59","59"
"1116.313077505","99","99","99"
"1126.856257918","98","98","98"
"1131.31345415","70","70","70"
"1141.85608869","82","82","82"
"1146.312615839","84","84","84"
"1156.855351943","99","99","99"
"1161.313730963","99","99","99"
"1171.855686633","99","99","99"
"1176.312570297","96","96","96"
"1186.854042808","99","99","99"
"1191.31307919","82","82","82"
"1201.855164168","99","99","99"
"1206.313063753","94","94","94"
"1216.855100483","68","68","68"
"1221.312787329","74","74","74"
"1231.855728463","97","97","97"
"1236.312545698","97","97","97"
"1246.855282702","97","97","97"
"1251.313464206","99","99","99"
"1261.855443738","98","98","98"
"1266.312549597","97","97","97"
"1276.855246374","99","99","99"
"1281.313158754","99","99","99"
"1291.855186843","75","75","75"
"1296.313061355","99","99","99"
"1306.855988912","99","99","99"
"1311.312665845","99","99","99"
"1321.854805737","74","74","74"
"1326.31260393","64","64","64"
"1336.855560488","98","98","98"
"1341.313808107","64","64","64"
"1351.85540953","75","75","75"
"1356.311231932","73","73","73"
"1366.855120697","98","98","98"
"1371.312285932","86","86","86"
"1381.854225138","99","99","99"
"1386.311892749","99","99","99"
"1396.855398901","94","94","94"
"1401.312610248","97","97","97"
"1411.855132671","99","99","99"
"1416.313613996","97","97","97"
"1426.856165516","68","68","68"
"1431.313783687","63","63","63"
"1441.857048001","73","73","73"
"1446.31295389","64","64","64"
"1456.855688733","98","98","98"
"1461.314492927","64","64","64"
"1471.855049621","70","70","70"
"1476.314849968","97","97","97"
"1486.855274851","99","99","99"
"1491.312640314","98","98","98"
"1501.855813134","68","68","68"
"1506.313190269","99","99","99"
"1516.855498392","97","97","97"
"1521.313737564","99","99","99"
"1531.85616589","71","71","71"
"1536.313546585","94","94","94"
"1546.85470496","98","98","98"
"1551.313202857","66","66","66"
"1561.855353323","90","90","90"
"1566.312030421","86","86","86"
"1576.854894801","98","98","98"
"1581.313373085","98","98","98"
"1591.85624672","99","99","99"
"1596.312858897","97","97","97"
"1606.855313734","98","98","98"
"1611.313585381","99","99","99"
"1621.855504541","68","68","68"
"1626.313138545","77","77","77"
"1636.855208874","98","98","98"
"1641.312418505","63","63","63"
"1651.855158287","99","99","99"
"1656.312361728","97","97","97"
"1666.855191789","68","68","68"
"1671.312665672","97","97","97"
"1681.855007425","98","98","98"
"1686.312889742","79","79","79"
"1696.856347291","99","99","99"
"1701.312689834","64","64","64"
"1711.855553681","76","76","76"
"1716.312115491","95","95","95"
"1726.855959139","97","97","97"
"1731.312766587","97","97","97"
"1741.855819416","83","83","83"
"1746.313798701","97","97","97"
"1756.855072331","98","98","98"
"1761.312483022","99","99","99"
"1771.854199361","99","99","99"
"1776.312876973","98","98","98"
"1786.854797389","69","69","69"
"1791.313137915","64","64","64"
"1801.854980565","97","97","97"
"1806.313174716","93","93","93"
"1816.855544368","91","91","91"
"1821.312916744","98","98","98"
"1831.855654903","80","80","80"
"1836.313311289","98","98","98"
"1846.855198197","98","98","98"
"1851.314727111","63","63","63"
"1861.854594226","98","98","98"
"1866.315005622","62","62","62"
"1876.855563368","86","86","86"
"1881.312443627","64","64","64"
"1891.855058677","93","93","93"
"1896.311502424","74","74","74"
"1906.856165847","82","82","82"
"1911.312258718","98","98","98"
"1921.856215174","98","98","98"
"1926.312789205","97","97","97"
"1936.85579147","68","68","68"
"1941.313525496","99","99","99"
"1951.85491101","98","98","98"
"1956.313597275","93","93","93"
"1966.856266983","64","64","64"
"1971.312080049","75","75","75"
"1981.855061726","98","98","98"
"1986.313480842","88","88","88"
"1996.85491953","69","69","69"
"2001.312786258","96","96","96"
"2011.854554447","99","99","99"
"2016.313092819","97","97","97"
"2026.855998089","78","78","78"
"2031.313439596","99","99","99"
"2041.855147619","98","98","98"
"2046.312596344","99","99","99"
"2056.855552837","73","73","73"
"2061.312571493","99","99","99"
"2071.854847355","99","99","99"
"2076.313225528","87","87","87"
"2086.855401924","68","68","68"
"2091.312977718","63","63","63"
"2101.85574829","97","97","97"
"2106.313762955","48","48","48"
"2116.85537682","80","80","80"
"2121.313582792","99","99","99"
"2131.856101951","69","69","69"
"2136.312268313","77","77","77"
"2146.855278274","99","99","99"
"2151.312313354","82","82","82"
"2161.856340812","70","70","70"
"2166.312709671","97","97","97"
"2176.855925881","97","97","97"
"2181.314246435","96","96","96"
"2191.855448804","68","68","68"
"2196.31252073","97","97","97"
"2206.85602155","98","98","98"
"2211.313397239","97","97","97"
"2221.855734382","86","86","86"
"2226.312810843","99","99","99"
"2236.854218672","98","98","98"
"2241.311675263","74","74","74"
"2251.855107015","99","99","99"
"2256.312270195","63","63","63"
"2266.85515979","98","98","98"
"2271.31333583","99","99","99"
"2281.854631656","67","67","67"
"2286.313773523","95","95","95"
"2296.855130093","97","97","97"
"2301.313669064","86","86","86"
"2311.85658587","73","73","73"
"2316.311824033","64","64","64"
"2326.854327922","98","98","98"
"2331.312447375","97","97","97"
"2341.855684046","99","99","99"
"2346.313488125","97","97","97"
"2356.856290717","97","97","97"
"2361.312435376","97","97","97"
"2371.854791764","97","97","97"
"2376.312510758","97","97","97"
"2386.854995524","98","98","98"
"2391.31355159","99","99","99"
"2401.854920934","96","96","96"
"2406.313879968","98","98","98"
"2416.854111387","97","97","97"
"2421.31210598","64","64","64"
"2431.856070237","99","99","99"
"2436.312746514","64","64","64"
"2446.856270546","97","97","97"
"2451.312651018","90","90","90"
"2461.855291398","98","98","98"
"2466.312858687","97","97","97"
"2476.855599089","96","96","96"
"2481.31412549","99","99","99"
"2491.855102649","97","97","97"
"2496.313304481","99","99","99"
"2506.854547863","99","99","99"
"2511.31205411","74","74","74"
"2521.855741344","64","64","64"
"2526.312095346","63","63","63"
"2536.855860215","67","67","67"
"2541.31352819","68","68","68"
"2551.855289388","64","64","64"
"2556.312790885","97","97","97"
"2566.856721963","92","92","92"
"2571.313119347","99","99","99"
"2581.855074131","99","99","99"
"2586.313550023","99","99","99"
"2596.855436634","99","99","99"
"2601.311456334","82","82","82"
"2611.855487122","98","98","98"
"2616.312097609","64","64","64"
"2626.855128647","97","97","97"
"2631.313072221","64","64","64"
"2641.854235282","99","99","99"
"2646.313868421","92","92","92"
"2656.855498649","63","63","63"
"2661.311960688","97","97","97"
"2671.855745324","98","98","98"
"2676.313247091","97","97","97"
"2686.853953415","98","98","98"
"2691.313036346","96","96","96"
"2701.855508148","97","97","97"
"2706.312770551","76","76","76"
"2716.855038978","97","97","97"
"2721.313164303","64","64","64"
"2731.854524337","96","96","96"
"2736.313862244","99","99","99"
"2746.855809801","83","83","83"
"2751.313538063","97","97","97"
"2761.856977161","77","77","77"
"2766.312753781","97","97","97"
"2776.854787311","99","99","99"
"2781.312969807","99","99","99"
"2791.856046445","71","71","71"
"2796.311911212","66","66","66"
"2806.855773933","64","64","64"
"2811.3127655","68","68","68"
"2821.856325425","69","69","69"
"2826.312990122","97","97","97"
"2836.856593166","99","99","99"
"2841.313345903","97","97","97"
"2851.855000546","97","97","97"
"2856.312552665","99","99","99"
"2866.854628073","97","97","97"
"2871.312526897","99","99","99"
"2881.855674687","79","79","79"
"2886.313121282","99","99","99"
"2896.856001154","85","85","85"
"2901.311400515","91","91","91"
"2911.856505428","64","64","64"
"2916.311426988","67","67","67"
"2926.855776784","65","65","65"
"2931.31288042","63","63","63"
"2941.855419872","67","67","67"
"2946.313020676","83","83","83"
"2956.855662359","99","99","99"
"2961.313115553","99","99","99"
"2971.855106709","99","99","99"
"2976.312373366","69","69","69"
"2986.855038852","97","97","97"
"2991.31271779","63","63","63"
"3001.854547697","91","91","91"
"3006.315276148","74","74","74"
"3016.856018194","89","89","89"
"3021.311584636","97","97","97"
"3031.854667506","94","94","94"
"3036.31212338","97","97","97"
"3046.8551835","65","65","65"
"3051.31200215","97","97","97"
"3061.856166209","63","63","63"
"3066.313060169","99","99","99"
"3076.855046723","99","99","99"
"3081.312802334","99","99","99"
"3091.856420099","97","97","97"
"3096.312115576","97","97","97"
"3106.855037167","99","99","99"
"3111.312122298","99","99","99"
"3121.855906839","99","99","99"
"3126.312474001","88","88","88"
"3136.855803931","97","97","97"
"3141.312975259","99","99","99"
"3151.856236024","96","96","96"
"3156.312821179","97","97","97"
"3166.855593558","77","77","77"
"3171.311920054","97","97","97"
"3181.856563587","80","80","80"
"3186.311865699","99","99","99"
"3196.855590616","99","99","99"
"3201.312903359","99","99","99"
"3211.855534073","99","99","99"
"3216.313237595","99","99","99"
"3226.855315786","97","97","97"
"3231.313055022","69","69","69"
"3241.855539493","98","98","98"
"3246.312975737","64","64","64"
"3256.855069837","93","93","93"
"3261.313286845","93","93","93"
"3271.855335413","97","97","97"
"3276.313979747","97","97","97"
"3286.855409572","97","97","97"
"3291.312769328","99","99","99"
"3301.854852184","97","97","97"
"3306.31307126","99","99","99"
"3316.854959103","88","88","88"
"3321.312681248","61","61","61"
"3331.856184569","65","65","65"
"3336.312865672","64","64","64"
"3346.855216055","95","95","95"
"3351.313484406","97","97","97"
"3361.856409617","99","99","99"
"3366.312338024","99","99","99"
"3376.855178904","96","96","96"
"3381.31239849","82","82","82"
"3391.856135442","97","97","97"
"3396.312580813","96","96","96"
"3406.854757167","96","96","96"
"3411.312442027","97","97","97"
"3421.856413419","99","99","99"
"3426.31306242","99","99","99"
"3436.8561222","88","88","88"
"3441.313326664","99","99","99"
"3451.855779362","61","61","61"
"3456.312856829","63","63","63"
"3466.854674996","64","64","64"
"3471.312602952","81","81","81"
"3481.854393052","68","68","68"
"3486.313175027","98","98","98"
"3496.856244086","99","99","99"
"3501.31174198","96","96","96"
"3511.854617382","96","96","96"
"3516.312480639","99","99","99"
"3526.854849129","72","72","72"
"3531.313152799","80","80","80"
"3541.85468014","99","99","99"
"3546.311818342","96","96","96"
"3556.854586488","97","97","97"
"3561.312121342","97","97","97"
"3571.856391763","92","92","92"
"3576.312046607","99","99","99"
"3586.854945644","61","61","61"
"3591.313051513","78","78","78"
"3601.857294435","99","99","99"
"3606.313193171","73","73","73"
"3616.856154001","99","99","99"
"3621.314467734","97","97","97"
"3631.855810889","97","97","97"
"3636.313444937","96","96","96"
"3646.856622997","97","97","97"
"3651.314459155","99","99","99"
"3661.855880015","93","93","93"
"3666.313000377","99","99","99"
"3676.854250714","93","93","93"
"3681.311969281","69","69","69"
"3691.85547864","72","72","72"
"3696.31213448","64","64","64"
"3706.855629946","99","99","99"
"3711.312852101","85","85","85"
"3721.854467212","96","96","96"
"3726.312959743","76","76","76"
"3736.8560457519998","99","99","99"
"3741.313003932","98","98","98"
"3751.856089102","99","99","99"
"3756.312887378","97","97","97"
"3766.855139293","99","99","99"
"3771.311494843","97","97","97"
"3781.855161758","78","78","78"
"3786.313085018","99","99","99"
"3796.856227882","99","99","99"
"3801.313399449","98","98","98"
"3811.856082563","67","67","67"
"3816.311847194","97","97","97"
"3826.855458501","98","98","98"
"3831.313380056","99","99","99"
"3841.856628328","99","99","99"
"3846.313164646","99","99","99"
"3856.857662282","69","69","69"
"3861.312340455","84","84","84"
"3871.855004436","98","98","98"
"3876.312878224","63","63","63"
"3886.854955135","99","99","99"
"3891.313072209","61","61","61"
"3901.855554838","68","68","68"
"3906.313778922","93","93","93"
"3916.855516775","98","98","98"
"3921.311492879","97","97","97"
"3931.855341094","99","99","99"
"3936.312546783","99","99","99"
"3946.856225192","97","97","97"
"3951.312745149","71","71","71"
"3961.856060061","68","68","68"
"3966.312010853","97","97","97"
"3976.85525413","95","95","95"
"3981.312783685","99","99","99"
"3991.855540527","99","99","99"
"3996.312734217","80","80","80"
"4006.85502947","68","68","68"
"4011.313172693","94","94","94"
"4021.856017484","98","98","98"
"4026.313473518","97","97","97"
"4036.855051345","98","98","98"
"4041.311691526","97","97","97"
"4051.854540825","69","69","69"
"4056.312959222","97","97","97"
"4066.854832903","98","98","98"
"4071.311978127","99","99","99"
"4081.854584058","99","99","99"
"4086.313129152","99","99","99"
"4096.855046908","76","76","76"
"4101.312344368","65","65","65"
"4111.854906885","95","95","95"
"4116.311545149","87","87","87"
"4126.8552798","90","90","90"
"4131.313084504","97","97","97"
"4141.856169557","99","99","99"
"4146.313100892","97","97","97"
"4156.856604292","68","68","68"
"4161.313972885","99","99","99"
"4171.85645334","76","76","76"
"4176.313249077","69","69","69"
"4186.855662121","99","99","99"
"4191.311735604","69","69","69"
"4201.854153751","75","75","75"
"4206.312929854","97","97","97"
"4216.854890938","98","98","98"
"4221.313503931","48","48","48"
"4231.85571761","99","99","99"
"4236.315685777","63","63","63"
"4246.854496202","68","68","68"
"4251.313188608","97","97","97"
"4261.856652706","97","97","97"
"4266.313189034","98","98","98"
"4276.855590969","96","96","96"
"4281.312618667","99","99","99"
"4291.855110445","69","69","69"
"4296.313280234","73","73","73"
"4306.855513972","98","98","98"
"4311.312411328","83","83","83"
"4321.855869415","99","99","99"
"4326.313148824","97","97","97"
"4336.855414117","88","88","88"
"4341.312504938","99","99","99"
"4351.855527062","84","84","84"
"4356.313925318","76","76","76"
"4366.856289094","69","69","69"
"4371.313366821","60","60","60"
"4381.856357189","98","98","98"
"4386.312640388","99","99","99"
"4396.856056045","99","99","99"
"4401.313893186","94","94","94"
"4411.855676786","69","69","69"
"4416.313377754","66","66","66"
"4426.855336216","98","98","98"
"4431.31222297","70","70","70"
"4441.855999353","99","99","99"
"4446.312004466","97","97","97"
"4456.855903621","68","68","68"
"4461.312993033","97","97","97"
"4471.85602272","99","99","99"
"4476.31347709","99","99","99"
"4486.854893874","79","79","79"
"4491.312462941","63","63","63"
"4501.854324544","97","97","97"
"4506.312940655","99","99","99"
"4516.85559273","94","94","94"
"4521.313583338","97","97","97"
"4531.855781594","99","99","99"
"4536.312971426","99","99","99"
"4546.85494869","69","69","69"
"4551.31249715","99","99","99"
"4561.854594462","98","98","98"
"4566.312533235","98","98","98"
"4576.856031867","76","76","76"
"4581.311936719","63","63","63"
"4591.855242201","97","97","97"
"4596.311715798","89","89","89"
"4606.856959813","82","82","82"
"4611.312932056","97","97","97"
"4621.856021968","99","99","99"
"4626.312438875","99","99","99"
"4636.855264044","97","97","97"
"4641.312480526","79","79","79"
"4651.856533464","74","74","74"
"4656.313431063","96","96","96"
"4666.857048436","98","98","98"
"4671.313243494","81","81","81"
"4681.854323955","98","98","98"
"4686.312147903","75","75","75"
"4696.854937723","74","74","74"
"4701.313032263","94","94","94"
"4711.855584186","97","97","97"
"4716.312801801","97","97","97"
"4726.855177734","96","96","96"
"4731.312809612","95","95","95"
"4741.854381406","97","97","97"
"4746.312875515","87","87","87"
"4756.85568064","96","96","96"
"4761.314108581","63","63","63"
"4771.855816999","74","74","74"
"4776.313220436","97","97","97"
"4786.855924323","97","97","97"
"4791.312444843","99","99","99"
"4801.854654546","97","97","97"
"4806.314077195","62","62","62"
"4816.855038816","97","97","97"
"4821.313763478","99","99","99"
"4831.85557158","64","64","64"
"4836.312423373","64","64","64"
"4846.855923007","99","99","99"
"4851.311623256","80","80","80"
"4861.854897273","99","99","99"
"4866.312605826","97","97","97"
"4876.855370654","99","99","99"
"4881.312990484","94","94","94"
"4891.853888409","97","97","97"
"4896.313386752","99","99","99"
"4906.856685275","66","66","66"
"4911.314832861","79","79","79"
"4921.855539565","67","67","67"
"4926.312272243","91","91","91"
"4936.855712319","98","98","98"
"4941.31296676","97","97","97"
"4951.855044126","90","90","90"
"4956.312953211","99","99","99"
"4966.855958174","99","99","99"
"4971.313903122","88","88","88"
"4981.855334232","97","97","97"
"4986.312212478","63","63","63"
"4996.855868774","97","97","97"
"5001.312608035","80","80","80"
"5011.855040748","68","68","68"
"5016.312990505","68","68","68"
"5026.855289974","64","64","64"
"5031.313128852","93","93","93"
"5041.855178223","99","99","99"
"5046.313043595","97","97","97"
"5056.855987304","99","99","99"
"5061.313523653","99","99","99"
"5071.854870098","97","97","97"
"5076.312573735","83","83","83"
"5086.855784647","98","98","98"
"5091.313081216","97","97","97"
"5101.856001516","99","99","99"
"5106.313187322","99","99","99"
"5116.855192758","64","64","64"
"5121.312648883","99","99","99"
"5131.856821482","99","99","99"
"5136.312200347","78","78","78"
"5146.855010681","98","98","98"
"5151.312600355","94","94","94"
"5161.854047705","97","97","97"
"5166.312120187","99","99","99"
"5176.855706212","99","99","99"
"5181.313098382","94","94","94"
"5191.854278367","65","65","65"
"5196.312956903","63","63","63"
"5206.854787916","97","97","97"
"5211.312350629","98","98","98"
"5221.855342012","97","97","97"
"5226.313850218","97","97","97"
"5236.857010514","98","98","98"
"5241.313236658","63","63","63"
"5251.854595589","81","81","81"
"5256.313067083","99","99","99"
"5266.855709399","67","67","67"
"5271.312924387","97","97","97"
"5281.855604069","99","99","99"
"5286.312571889","99","99","99"
"5296.85552633","99","99","99"
"5301.312444901","83","83","83"
"5311.855065633","94","94","94"
"5316.311503646","65","65","65"
"5326.854425194","97","97","97"
"5331.313206233","92","92","92"
"5341.856027039","64","64","64"
"5346.313019784","96","96","96"
"5356.856123274","99","99","99"
"5361.313478782","99","99","99"
"5371.85528215","64","64","64"
"5376.311760896","79","79","79"
"5386.85574696","68","68","68"
"5391.313380308","75","75","75"
"5401.855928202","85","85","85"
"5406.312981911","98","98","98"
"5416.856275874","99","99","99"
"5421.311854615","97","97","97"
"5431.855005097","99","99","99"
"5436.313025705","99","99","99"
"5446.853852488","97","97","97"
"5451.31264921","99","99","99"
"5461.854887176","91","91","91"
"5466.311271762","63","63","63"
"5476.854584218","71","71","71"
"5481.312360681","97","97","97"
"5491.855253288","64","64","64"
"5496.312029553","64","64","64"
"5506.855630495","99","99","99"
"5511.31287281","63","63","63"
"5521.855787802","97","97","97"
"5526.313241276","97","97","97"
"5536.855742195","84","84","84"
"5541.313324813","99","99","99"
"5551.855402384","63","63","63"
"5556.313749198","99","99","99"
"5566.855877959","83","83","83"
"5571.312274884","62","62","62"
"5581.85666422","99","99","99"
"5586.313049984","63","63","63"
"5596.855878198","97","97","97"
"5601.312943421","91","91","91"
"5611.855425677","97","97","97"
"5616.313446182","97","97","97"
"5626.855593378","97","97","97"
"5631.312773306","99","99","99"
"5641.854754319","97","97","97"
"5646.312784754","99","99","99"
"5656.857861506","65","65","65"
"5661.313030099","97","97","97"
"5671.855533563","71","71","71"
"5676.312783013","99","99","99"
"5686.855292151","99","99","99"
"5691.313719335","99","99","99"
"5701.855128031","96","96","96"
"5706.311881103","47","47","47"
"5716.855680204","77","77","77"
"5721.313706929","97","97","97"
"5731.855525534","69","69","69"
"5736.313042149","97","97","97"
"5746.855561323","99","99","99"
"5751.31340338","99","99","99"
"5761.85506883","96","96","96"
"5766.312981624","63","63","63"
"5776.854954371","65","65","65"
"5781.31340977","99","99","99"
"5791.85599187","83","83","83"
"5796.313256126","78","78","78"
"5806.854642735","99","99","99"
"5811.313028931","69","69","69"
"5821.855678666","97","97","97"
"5826.312911319","99","99","99"
"5836.855566647","74","74","74"
"5841.312729758","97","97","97"
"5851.855256078","99","99","99"
"5856.313216313","99","99","99"
"5866.855777622","96","96","96"
"5871.312170592","98","98","98"
"5881.855639789","65","65","65"
"5886.313123063","72","72","72"
"5896.855464739","99","99","99"
"5901.312949324","79","79","79"
"5911.855441815","99","99","99"
"5916.312448808","98","98","98"
"5926.856475647","97","97","97"
"5931.312671041","99","99","99"
"5941.854918527","79","79","79"
"5946.313379016","99","99","99"
"5956.855536903","62","62","62"
"5961.313202003","64","64","64"
"5971.855566288","99","99","99"
"5976.312930135","64","64","64"
"5986.856413775","97","97","97"
"5991.312392001","99","99","99"
"6001.855118238","83","83","83"
"6006.313038787","96","96","96"
"6016.854767891","71","71","71"
"6021.313600499","99","99","99"
"6031.85578757","99","99","99"
"6036.313386254","70","70","70"
"6046.855375715","64","64","64"
"6051.312511069","83","83","83"
"6061.854327835","77","77","77"
"6066.312828079","98","98","98"
"6076.854496289","69","69","69"
"6081.314500383","67","67","67"
"6091.856402066","99","99","99"
"6096.312682289","59","59","59"
"6106.85539612","97","97","97"
"6111.312225679","80","80","80"
"6121.855140518","97","97","97"
"6126.313586311","97","97","97"
"6136.855070916","62","62","62"
"6141.312511681","99","99","99"
"6151.854059389","94","94","94"
"6156.313453096","78","78","78"
"6166.855591689","99","99","99"
"6171.312702938","66","66","66"
"6181.854168807","97","97","97"
"6186.313189348","97","97","97"
"6196.854909166","99","99","99"
"6201.31199483","99","99","99"
"6211.855626566","99","99","99"
"6216.312057726","99","99","99"
"6226.855976866","96","96","96"
"6231.313544067","62","62","62"
"6241.855777471","98","98","98"
"6246.313268653","97","97","97"
"6256.855451181","66","66","66"
"6261.312860366","98","98","98"
"6271.855822837","64","64","64"
"6276.312689362","94","94","94"
"6286.855045117","82","82","82"
"6291.312048922","99","99","99"
"6301.855626586","99","99","99"
"6306.312015423","95","95","95"
"6316.85589884","99","99","99"
"6321.312969439","59","59","59"
"6331.855150917","99","99","99"
"6336.313829299","99","99","99"
"6346.854861027","74","74","74"
"6351.313322329","83","83","83"
"6361.854834236","66","66","66"
"6366.312907931","68","68","68"
"6376.855496239","82","82","82"
"6381.312453576","97","97","97"
"6391.855893558","98","98","98"
"6396.314004404","96","96","96"
"6406.855004308","98","98","98"
"6411.31173678","99","99","99"
"6421.855130235","68","68","68"
"6426.313218972","77","77","77"
"6436.854917855","98","98","98"
"6441.313440062","64","64","64"
"6451.856242555","98","98","98"
"6456.313367119","97","97","97"
"6466.857570731","99","99","99"
"6471.311447304","99","99","99"
"6481.855631807","73","73","73"
"6486.312793886","66","66","66"
"6496.855671286","98","98","98"
"6501.312720571","98","98","98"
"6511.854912104","99","99","99"
"6516.312098547","99","99","99"
"6526.855157844","72","72","72"
"6531.313326582","82","82","82"
"6541.855266495","97","97","97"
"6546.313287781","63","63","63"
"6556.856151346","87","87","87"
"6561.312951178","78","78","78"
"6571.855463156","92","92","92"
"6576.312478234","97","97","97"
"6586.856121008","97","97","97"
"6591.312524771","97","97","97"
"6601.854974097","82","82","82"
"6606.311931578","99","99","99"
"6616.855419702","99","99","99"
"6621.312815199","79","79","79"
"6631.855828753","91","91","91"
"6636.313225761","59","59","59"
"6646.855234804","98","98","98"
"6651.313548081","65","65","65"
"6661.856590256","81","81","81"
"6666.313533167","99","99","99"
"6676.855931585","89","89","89"
"6681.312844832","98","98","98"
"6691.855012164","97","97","97"
"6696.313377371","99","99","99"
"6706.855208694","68","68","68"
"6711.313345013","95","95","95"
"6721.855432731","98","98","98"
"6726.313444113","72","72","72"
"6736.854935741","99","99","99"
"6741.313169374","77","77","77"
"6751.854808539","82","82","82"
"6756.312634048","97","97","97"
"6766.854843257","97","97","97"
"6771.313889054","73","73","73"
"6781.855241974","73","73","73"
"6786.31231645","70","70","70"
"6796.855027625","98","98","98"
"6801.31274368","97","97","97"
"6811.853947706","97","97","97"
"6816.313001141","97","97","97"
"6826.854834228","91","91","91"
"6831.312173314","99","99","99"
"6841.858181609","92","92","92"
"6846.313295893","63","63","63"
"6856.857549354","99","99","99"
"6861.312966875","98","98","98"
"6871.854996574","98","98","98"
"6876.312546433","96","96","96"
"6886.855293399","66","66","66"
"6891.313730187","98","98","98"
"6901.8546771","96","96","96"
"6906.313120029","99","99","99"
"6916.854724197","96","96","96"
"6921.312881718","62","62","62"
"6931.855105627","99","99","99"
"6936.312646905","63","63","63"
"6946.855487363","99","99","99"
"6951.312009761","97","97","97"
"6961.856051362","68","68","68"
"6966.312453001","97","97","97"
"6976.855113748","98","98","98"
"6981.313536542","99","99","99"
"6991.855331016","99","99","99"
"6996.313964736","63","63","63"
"7006.855532092","68","68","68"
"7011.312958836","64","64","64"
"7021.854228563","98","98","98"
"7026.31189204","97","97","97"
"7036.855441083","90","90","90"
"7041.313603897","97","97","97"
"7051.854909086","97","97","97"
"7056.313397272","99","99","99"
"7066.855224173","66","66","66"
"7071.312214796","99","99","99"
"7081.855783117","99","99","99"
"7086.313269837","69","69","69"
"7096.856120339","69","69","69"
"7101.313117619","79","79","79"
"7111.85418982","96","96","96"
"7116.312941274","60","60","60"
"7126.854628938","95","95","95"
"7131.312489567","92","92","92"
"7141.85549398","82","82","82"
"7146.312107719","97","97","97"
"7156.85532951","99","99","99"
"7161.312466175","99","99","99"
"7171.854758728","69","69","69"
"7176.313376134","78","78","78"
"7186.856079897","93","93","93"
"7191.312176006","97","97","97"
"7201.856291016","99","99","99"
"7206.312609856","99","99","99"
"7216.854420107","71","71","71"
"7221.312190677","99","99","99"
"7231.856123656","97","97","97"
"7236.312781218","64","64","64"
"7246.85682283","69","69","69"
"7251.313099569","64","64","64"
"7261.854462541","98","98","98"
"7266.312250507","99","99","99"
"7276.854296617","99","99","99"
"7281.311684775","97","97","97"
"7291.855006164","99","99","99"
"7296.31212265","97","97","97"
"7306.855321453","73","73","73"
"7311.312877996","99","99","99"
"7321.854568786","97","97","97"
"7326.313458847","79","79","79"
"7336.855245046","99","99","99"
"7341.313277916","64","64","64"
"7351.855543493","88","88","88"
"7356.31279737","95","95","95"
"7366.855831628","98","98","98"
"7371.312180644","99","99","99"
"7381.856065284","96","96","96"
"7386.313876495","99","99","99"
"7396.854555876","69","69","69"
"7401.313928322","81","81","81"
"7411.854278152","98","98","98"
"7416.312249722","79","79","79"
"7426.855252925","99","99","99"
"7431.312624193","96","96","96"
"7441.855138344","92","92","92"
"7446.313650115","97","97","97"
"7456.854983018","75","75","75"
"7461.312624467","92","92","92"
"7471.855354224","97","97","97"
"7476.312235069","65","65","65"
"7486.855691348","77","77","77"
"7491.311655624","88","88","88"
"7501.855150822","94","94","94"
"7506.313063042","97","97","97"
"7516.85551481","98","98","98"
"7521.313871904","98","98","98"
"7531.85679477","76","76","76"
"7536.312653011","62","62","62"
"7546.854988193","98","98","98"
"7551.311538407","96","96","96"
"7561.855582329","84","84","84"
"7566.313086037","97","97","97"
"7576.854961119","98","98","98"
"7581.312276939","97","97","97"
"7591.855521195","98","98","98"
"7596.313116672","99","99","99"
"7606.855734005","64","64","64"
"7611.313599378","97","97","97"
"7621.855639613","98","98","98"
"7626.313923172","97","97","97"
"7636.854884223","65","65","65"
"7641.313017154","99","99","99"
"7651.855623957","99","99","99"
"7656.313102811","99","99","99"
"7666.855179621","98","98","98"
"7671.313686401","69","69","69"
"7681.855844156","99","99","99"
"7686.313098699","63","63","63"
"7696.855824025","76","76","76"
"7701.31251594","98","98","98"
"7711.855125405","88","88","88"
"7716.313158405","97","97","97"
"7726.855683212","99","99","99"
"7731.312221087","99","99","99"
"7741.85547969","99","99","99"
"7746.313879397","57","57","57"
"7756.856759285","98","98","98"
"7761.315309219","65","65","65"
"7771.854936103","99","99","99"
"7776.31520542","99","99","99"
"7786.855468336","92","92","92"
"7791.313116569","99","99","99"
"7801.856206116","99","99","99"
"7806.313411585","95","95","95"
"7816.854123415","68","68","68"
"7821.312223031","99","99","99"
"7831.905719595","97","97","97"
"7836.311754311","96","96","96"
"7846.854990294","69","69","69"
"7851.311358879","74","74","74"
"7861.85563762","99","99","99"
"7866.313743522","64","64","64"
"7876.855816391","98","98","98"
"7881.31214719","97","97","97"
"7891.855613456","90","90","90"
"7896.313036175","97","97","97"
"7906.855905744","88","88","88"
"7911.313055411","97","97","97"
"7921.855088987","99","99","99"
"7926.312476647","99","99","99"
"7936.855734586","93","93","93"
"7941.312374932","99","99","99"
"7951.854979455","97","97","97"
"7956.312819873","99","99","99"
"7966.855247861","68","68","68"
"7971.311499335","95","95","95"
"7981.855524372","97","97","97"
"7986.313183908","63","63","63"
"7996.855757035","73","73","73"
"8001.312831345","65","65","65"
"8011.855477864","95","95","95"
"8016.3124823","97","97","97"
"8026.855545011","92","92","92"
"8031.313356092","59","59","59"
"8041.85577625","99","99","99"
"8046.312851114","63","63","63"
"8056.856540608","96","96","96"
"8061.31253273","86","86","86"
"8071.855167534","97","97","97"
"8076.31204287","97","97","97"
"8086.856397632","99","99","99"
"8091.312954939","97","97","97"
"8101.855319761","97","97","97"
"8106.312732794","99","99","99"
"8116.855583925","98","98","98"
"8121.313855002","99","99","99"
"8131.855640148","99","99","99"
"8136.313544917","99","99","99"
"8146.854807135","80","80","80"
"8151.311880202","86","86","86"
"8161.856301044","82","82","82"
"8166.312379131","63","63","63"
"8176.855499733","88","88","88"
"8181.312197886","99","99","99"
"8191.854987318","99","99","99"
"8196.313167119","99","99","99"
"8206.854685263","68","68","68"
"8211.312255107","89","89","89"
"8221.855084775","98","98","98"
"8226.31310871","64","64","64"
"8236.855513861","68","68","68"
"8241.313841161","64","64","64"
"8251.855203687","93","93","93"
"8256.312609629","92","92","92"
"8266.856400122","99","99","99"
"8271.313591648","97","97","97"
"8281.85550475","99","99","99"
"8286.31293012","98","98","98"
"8296.854663981","67","67","67"
"8301.314823211","96","96","96"
"8311.85490184","97","97","97"
"8316.31512024","99","99","99"
"8326.855560243","96","96","96"
"8331.315146126","99","99","99"
"8341.855171445","99","99","99"
"8346.312074046","80","80","80"
"8356.855738548","97","97","97"
"8361.31262126","61","61","61"
"8371.855771323","98","98","98"
"8376.312383688","64","64","64"
"8386.85566077","95","95","95"
"8391.313293872","84","84","84"
"8401.85545188","65","65","65"
"8406.312234257","98","98","98"
"8416.85540536","73","73","73"
"8421.313057219","98","98","98"
"8431.855345226","90","90","90"
"8436.31311177","97","97","97"
"8446.854794498","99","99","99"
"8451.312213843","61","61","61"
"8461.854170846","97","97","97"
"8466.311904808","86","86","86"
"8476.855050397","97","97","97"
"8481.313048251","63","63","63"
"8491.854286172","64","64","64"
"8496.312281049","98","98","98"
"8506.855144806","99","99","99"
"8511.312894461","97","97","97"
"8521.854464488","65","65","65"
"8526.312909327","97","97","97"
"8536.85573072","86","86","86"
"8541.312906734","99","99","99"
"8551.856062555","99","99","99"
"8556.312624361","99","99","99"
"8566.854654528","98","98","98"
"8571.313764487","99","99","99"
"8581.85467037","97","97","97"
"8586.312889536","63","63","63"
"8596.85590333","82","82","82"
"8601.313400024","69","69","69"
"8611.855226061","65","65","65"
"8616.313575412","73","73","73"
"8626.856113352","99","99","99"
"8631.312891037","64","64","64"
"8641.85582411","98","98","98"
"8646.314008761","97","97","97"
"8656.855122782","97","97","97"
"8661.31339645","97","97","97"
"8671.85545038","27","27","27"
"8676.313061931","59","59","59"
"8686.855590917","97","97","97"
"8691.311740363","83","83","83"
"8701.855410871","97","97","97"
"8706.313278553","97","97","97"
"8716.855952935","63","63","63"
"8721.312372895","97","97","97"
"8731.855314555","82","82","82"
"8736.313940014","99","99","99"
"8746.85385742","99","99","99"
"8751.312905013","69","69","69"
"8761.85527456","95","95","95"
"8766.312471251","63","63","63"
"8776.85621441","97","97","97"
"8781.313319315","97","97","97"
"8791.855075047","98","98","98"
"8796.313066603","99","99","99"
"8806.855519025","73","73","73"
"8811.313188048","91","91","91"
"8821.855286729","78","78","78"
"8826.314549504","63","63","63"
"8836.855029352","65","65","65"
"8841.311617854","97","97","97"
"8851.85587881","99","99","99"
"8856.313691803","99","99","99"
"8866.854686556","99","99","99"
"8871.31339866","84","84","84"
"8881.855597666","97","97","97"
"8886.312773546","64","64","64"
"8896.856092181","92","92","92"
"8901.312548502","82","82","82"
"8911.854878265","65","65","65"
"8916.313185743","97","97","97"
"8926.854334969","64","64","64"
"8931.312752956","99","99","99"
"8941.855564575","97","97","97"
"8946.313561883","99","99","99"
"8956.856222381","99","99","99"
"8961.313424642","99","99","99"
"8971.855705767","84","84","84"
"8976.313380289","64","64","64"
"8986.854529379","65","65","65"
"8991.312147623","63","63","63"
"9001.855455095","76","76","76"
"9006.313306755","78","78","78"
"9016.855269543","99","99","99"
"9021.312508764","99","99","99"
"9031.855069856","97","97","97"
"9036.312923533","98","98","98"
"9046.855823347","97","97","97"
"9051.312180613","99","99","99"
"9061.854938362","67","67","67"
"9066.312714177","99","99","99"
"9076.855470061","90","90","90"
"9081.31292649","79","79","79"
"9091.855715759","99","99","99"
"9096.311261585","97","97","97"
"9106.855245453","73","73","73"
"9111.313641051","99","99","99"
"9121.855252844","87","87","87"
"9126.312228258","82","82","82"
"9136.85562721","99","99","99"
"9141.313613895","99","99","99"
"9151.857417987","97","97","97"
"9156.313253661","64","64","64"
"9166.854984499","98","98","98"
"9171.31284027","64","64","64"
"9181.854660033","55","55","55"
"9186.313074882","85","85","85"
"9196.855945374","73","73","73"
"9201.312625889","98","98","98"
"9211.858630623","97","97","97"
"9216.31314913","97","97","97"
"9226.855747385","99","99","99"
"9231.312468856","96","96","96"
"9241.855823525","97","97","97"
"9246.313520114","99","99","99"
"9256.855766536","74","74","74"
"9261.313525938","99","99","99"
"9271.854482676","60","60","60"
"9276.312647686","98","98","98"
"9286.855451598","99","99","99"
"9291.312089411","97","97","97"
"9301.855824226","97","97","97"
"9306.312669899","96","96","96"
"9316.854875202","97","97","97"
"9321.313086397","99","99","99"
"9331.855520927","58","58","58"
"9336.312952442","99","99","99"
"9346.856215033","99","99","99"
"9351.312751976","74","74","74"
"9361.855512164","82","82","82"
"9366.313259639","66","66","66"
"9376.855372942","64","64","64"
"9381.313878688","84","84","84"
"9391.855275754","98","98","98"
"9396.312826075","97","97","97"
"9406.855453309","99","99","99"
"9411.31272206","97","97","97"
"9421.855516318","99","99","99"
"9426.312038887","99","99","99"
"9436.85489597","97","97","97"
"9441.313745531","94","94","94"
"9451.856795049","97","97","97"
"9456.314613639","64","64","64"
"9466.855420377","97","97","97"
"9471.31271993","64","64","64"
"9481.854895715","64","64","64"
"9486.312741612","85","85","85"
"9496.854669659","64","64","64"
"9501.312672227","98","98","98"
"9511.856123085","99","99","99"
"9516.313336444","97","97","97"
"9526.854591753","73","73","73"
"9531.31245668","71","71","71"
"9541.855072977","93","93","93"
"9546.312651173","99","99","99"
"9556.855333045","96","96","96"
"9561.313366168","97","97","97"
"9571.855682367","97","97","97"
"9576.312854672","99","99","99"
"9586.855744187","98","98","98"
"9591.312417862","99","99","99"
"9601.855098099","67","67","67"
"9606.311570068","87","87","87"
"9616.856240608","97","97","97"
"9621.312248113","64","64","64"
"9631.857184306","96","96","96"
"9636.312288698","79","79","79"
"9646.856037606","97","97","97"
"9651.312218207","88","88","88"
"9661.855643761","77","77","77"
"9666.313132167","95","95","95"
"9676.855478819","99","99","99"
"9681.313007154","97","97","97"
"9691.855131179","98","98","98"
"9696.312445971","70","70","70"
"9706.85551777","97","97","97"
"9711.313051273","99","99","99"
"9721.855615611","74","74","74"
"9726.313113362","64","64","64"
"9736.855083758","67","67","67"
"9741.3129052","61","61","61"
"9751.855343168","99","99","99"
"9756.314070897","80","80","80"
"9766.854351244","99","99","99"
"9771.312834028","98","98","98"
"9781.855054503","64","64","64"
"9786.311531725","98","98","98"
"9796.854516773","99","99","99"
"9801.311717771","97","97","97"
"9811.855973895","97","97","97"
"9816.312268252","99","99","99"
"9826.855885872","97","97","97"
"9831.313082497","96","96","96"
"9841.855063585","96","96","96"
"9846.312322144","78","78","78"
"9856.856220776","71","71","71"
"9861.312008178","64","64","64"
"9871.854968573","99","99","99"
"9876.313269333","85","85","85"
"9886.856147294","96","96","96"
"9891.312601374","98","98","98"
"9901.855441523","65","65","65"
"9906.313072285","97","97","97"
"9916.855497987","98","98","98"
"9921.311733331","97","97","97"
"9931.855506193","99","99","99"
"9936.31299531","99","99","99"
"9946.855662","98","98","98"
"9951.313677884","96","96","96"
"9961.855594048","91","91","91"
"9966.313658332","97","97","97"
"9976.854629027","68","68","68"
"9981.312320416","96","96","96"
"9991.854578874","98","98","98"
"9996.313413744","99","99","99"
"10006.854932957","67","67","67"
"10011.312281682","99","99","99"
"10021.85616653","99","99","99"
"10026.313313967","99","99","99"
"10036.854448092","99","99","99"
"10041.312124265","60","60","60"
"10051.855881896","68","68","68"
"10056.313380073","98","98","98"
"10066.856512617","97","97","97"
"10071.311671365","98","98","98"
"10081.855335903","81","81","81"
"10086.313167808","99","99","99"
"10096.85466278","99","99","99"
"10101.312956089","91","91","91"
"10111.854587026","99","99","99"
"10116.314206259","98","98","98"
"10126.855553929","71","71","71"
"10131.311590304","97","97","97"
"10141.857868888","98","98","98"
"10146.312452759","99","99","99"
"10156.855624153","99","99","99"
"10161.314362825","99","99","99"
"10171.856107037","66","66","66"
"10176.312304268","86","86","86"
"10186.855138406","78","78","78"
"10191.314535929","64","64","64"
"10201.856401722","89","89","89"
"10206.314534535","91","91","91"
"10216.854220402","99","99","99"
"10221.3140994","97","97","97"
"10231.854267212","68","68","68"
"10236.31298939","97","97","97"
"10246.855612721","98","98","98"
"10251.313801921","99","99","99"
"10261.854468431","99","99","99"
"10266.312349341","99","99","99"
"10276.855913011","65","65","65"
"10281.315187417","74","74","74"
"10291.856126972","98","98","98"
"10296.313131221","64","64","64"
"10306.855596073","95","95","95"
"10311.31364892","63","63","63"
"10321.855006679","98","98","98"
"10326.312679667","78","78","78"
"10336.855977068","99","99","99"
"10341.313513253","97","97","97"
"10351.856229006","98","98","98"
"10356.312340008","97","97","97"
"10366.855546448","95","95","95"
"10371.313254676","85","85","85"
"10381.856353543","88","88","88"
"10386.312668445","97","97","97"
"10396.855027307","99","99","99"
"10401.312319265","97","97","97"
"10411.855441217","68","68","68"
"10416.312571015","99","99","99"
"10426.855511478","98","98","98"
"10431.313059785","60","60","60"
"10441.855318232","99","99","99"
"10446.312885395","75","75","75"
"10456.855755538","68","68","68"
"10461.312530797","97","97","97"
"10471.855233143","98","98","98"
"10476.312253926","94","94","94"
"10486.855525457","95","95","95"
"10491.312291818","97","97","97"
"10501.855213337","99","99","99"
"10506.314498931","99","99","99"
"10516.854700418","99","99","99"
"10521.312050701","87","87","87"
"10531.856096609","68","68","68"
"10536.313660778","96","96","96"
"10546.855075584","98","98","98"
"10551.313007664","96","96","96"
"10561.855364392","93","93","93"
"10566.312026677","97","97","97"
"10576.856180338","80","80","80"
"10581.313660213","99","99","99"
"10591.855734855","98","98","98"
"10596.31149803","87","87","87"
"10606.854864638","92","92","92"
"10611.312208101","63","63","63"
"10621.856710697","97","97","97"
"10626.312988092","89","89","89"
"10636.855495397","65","65","65"
"10641.313462227","95","95","95"
"10651.855984812","93","93","93"
"10656.313156373","97","97","97"
"10666.855885","99","99","99"
"10671.312230288","97","97","97"
"10681.855539206","68","68","68"
"10686.312732918","96","96","96"
"10696.855744732","98","98","98"
"10701.312441549","97","97","97"
"10711.855863294","75","75","75"
"10716.313200807","99","99","99"
"10726.855877683","97","97","97"
"10731.312579634","99","99","99"
"10741.855664543","91","91","91"
"10746.313400433","96","96","96"
"10756.854805903","73","73","73"
"10761.313008778","68","68","68"
"10771.855562589","73","73","73"
"10776.312380355","64","64","64"
"10786.855387242","96","96","96"
"10791.312741466","97","97","97"
"10801.855411628","99","99","99"
"10806.313394103","99","99","99"
"10816.85485161","73","73","73"
"10821.31221221","99","99","99"
"10831.855442852","98","98","98"
"10836.31243829","89","89","89"
"10846.855647003","99","99","99"
"10851.312946714","64","64","64"
"10861.855349924","68","68","68"
"10866.31205912","90","90","90"
"10876.855298468","98","98","98"
"10881.313311289","98","98","98"
"10891.854892552","99","99","99"
"10896.312436403","97","97","97"
"10906.85484573","81","81","81"
"10911.313166846","99","99","99"
"10921.85535215","99","99","99"
"10926.313306026","99","99","99"
"10936.855081362","75","75","75"
"10941.31269148","89","89","89"
"10951.855065855","98","98","98"
"10956.312564304","97","97","97"
"10966.854916432","99","99","99"
"10971.312952255","97","97","97"
"10981.85478575","68","68","68"
"10986.312894551","96","96","96"
"10996.855316817","97","97","97"
"11001.312932222","98","98","98"
"11011.855991731","99","99","99"
"11016.314057946","99","99","99"
"11026.855466369","98","98","98"
"11031.312810927","99","99","99"
"11041.855263639","68","68","68"
"11046.312653197","65","65","65"
"11056.854864218","98","98","98"
"11061.313479548","64","64","64"
"11071.855601334","99","99","99"
"11076.311721062","61","61","61"
"11086.854406868","76","76","76"
"11091.313546337","96","96","96"
"11101.855132337","99","99","99"
"11106.312947096","97","97","97"
"11116.856274412","68","68","68"
"11121.313708037","97","97","97"
"11131.855435114","98","98","98"
"11136.313158959","99","99","99"
"11146.855796607","99","99","99"
"11151.313272735","99","99","99"
"11161.854078162","68","68","68"
"11166.314076203","99","99","99"
"11176.855330012","98","98","98"
"11181.312268113","99","99","99"
"11191.854874546","68","68","68"
"11196.313836993","64","64","64"
"11206.855746576","98","98","98"
"11211.31267082","97","97","97"
"11221.856132423","99","99","99"
"11226.313707673","99","99","99"
"11236.855184082","69","69","69"
"11241.31218673","89","89","89"
"11251.855814425","98","98","98"
"11256.313279792","69","69","69"
"11266.854864762","87","87","87"
"11271.313241991","70","70","70"
"11281.856324535","98","98","98"
"11286.312885895","97","97","97"
"11296.855393692","99","99","99"
"11301.312437781","97","97","97"
"11311.856659642","72","72","72"
"11316.3125734","99","99","99"
"11326.855858151","97","97","97"
"11331.313631147","99","99","99"
"11341.856308271","99","99","99"
"11346.312839773","99","99","99"
"11356.854646995","68","68","68"
"11361.312308445","63","63","63"
"11371.856600277","98","98","98"
"11376.313585973","99","99","99"
"11386.856736737","99","99","99"
"11391.315957189","99","99","99"
"11401.854650986","67","67","67"
"11406.312967057","84","84","84"
"11416.855124692","98","98","98"
"11421.314427663","64","64","64"
"11431.855365676","99","99","99"
"11436.313210461","88","88","88"
"11446.855199711","98","98","98"
"11451.313644723","97","97","97"
"11461.855326996","75","75","75"
"11466.314210588","97","97","97"
"11476.85563607","86","86","86"
"11481.312651292","99","99","99"
"11491.855807575","99","99","99"
"11496.312673912","99","99","99"
"11506.855438859","68","68","68"
"11511.31267479","83","83","83"
"11521.855068535","98","98","98"
"11526.312152311","64","64","64"
"11536.855466049","99","99","99"
"11541.313082913","64","64","64"
"11551.854806942","99","99","99"
"11556.312894044","96","96","96"
"11566.855763817","65","65","65"
"11571.312415996","98","98","98"
"11581.85520758","98","98","98"
"11586.313795027","97","97","97"
"11596.855930985","97","97","97"
"11601.313198803","99","99","99"
"11611.855994094","99","99","99"
"11616.313303305","95","95","95"
"11626.855276928","66","66","66"
"11631.313398374","99","99","99"
"11641.855254758","98","98","98"
"11646.312679523","76","76","76"
"11656.855430327","83","83","83"
"11661.314215595","96","96","96"
"11671.854928172","74","74","74"
"11676.314223754","98","98","98"
"11686.855291019","97","97","97"
"11691.312587581","96","96","96"
"11701.856115468","84","84","84"
"11706.31239634","99","99","99"
"11716.855609432","99","99","99"
"11721.3121515","99","99","99"
"11731.856087147","99","99","99"
"11736.313252652","71","71","71"
"11746.856160699","66","66","66"
"11751.31361889","71","71","71"
"11761.856563254","98","98","98"
"11766.315128348","99","99","99"
"11776.856116098","76","76","76"
"11781.3150304","97","97","97"
"11791.855155149","84","84","84"
"11796.312488775","99","99","99"
"11806.855773583","99","99","99"
"11811.315934766","98","98","98"
"11821.85655276","69","69","69"
"11826.313388246","98","98","98"
"11836.856194587","87","87","87"
"11841.312889179","96","96","96"
"11851.85687566","68","68","68"
"11856.311866315","99","99","99"
"11866.85508786","93","93","93"
"11871.313712897","99","99","99"
"11881.855252648","99","99","99"
"11886.312234305","83","83","83"
"11896.855294497","74","74","74"
"11901.312382752","64","64","64"
"11911.854553068","98","98","98"
"11916.312901085","62","62","62"
"11926.855499142","90","90","90"
"11931.313208856","98","98","98"
"11941.854863925","96","96","96"
"11946.312680581","96","96","96"
"11956.854513655","99","99","99"
"11961.312896099","97","97","97"
"11971.855459089","68","68","68"
"11976.311648067","99","99","99"
"11986.855692586","98","98","98"
"11991.313176004","88","88","88"
"12001.854061407","99","99","99"
"12006.312523835","99","99","99"
"12016.855421502","96","96","96"
"12021.313334931","63","63","63"
"12031.855268777","79","79","79"
"12036.313419887","64","64","64"
"12046.855058902","97","97","97"
"12051.31275916","72","72","72"
"12061.854399262","99","99","99"
"12066.313007005","99","99","99"
"12076.855181283","75","75","75"
"12081.312825407","69","69","69"
"12091.855608294","99","99","99"
"12096.312108904","64","64","64"
"12106.855912615","72","72","72"
"12111.313070712","81","81","81"
"12121.855940771","98","98","98"
"12126.31313726","97","97","97"
"12136.855291393","83","83","83"
"12141.31307573","97","97","97"
"12151.854900077","87","87","87"
"12156.311838716","99","99","99"
"12166.854961652","97","97","97"
"12171.313139848","99","99","99"
"12181.855809122","94","94","94"
"12186.312990295","69","69","69"
"12196.854708675","69","69","69"
"12201.313105292","64","64","64"
"12211.855287201","97","97","97"
"12216.31347576","85","85","85"
"12226.854974065","68","68","68"
"12231.313461994","99","99","99"
"12241.855556733","99","99","99"
"12246.313041361","99","99","99"
"12256.854119878","99","99","99"
"12261.314640426","72","72","72"
"12271.855460712","97","97","97"
"12276.313089104","64","64","64"
"12286.856531975","98","98","98"
"12291.312651947","64","64","64"
"12301.856374084","93","93","93"
"12306.313742471","98","98","98"
"12316.855830519","98","98","98"
"12321.312876591","98","98","98"
"12331.856234115","99","99","99"
"12336.313868242","97","97","97"
"12346.856169061","98","98","98"
"12351.312619704","97","97","97"
"12361.856081896","99","99","99"
"12366.312743326","99","99","99"
"12376.854979035","68","68","68"
"12381.312370082","97","97","97"
"12391.855193929","97","97","97"
"12396.313018709","63","63","63"
"12406.855868241","90","90","90"
"12411.312224984","71","71","71"
"12421.855709312","99","99","99"
"12426.312700896","98","98","98"
"12436.85560028","74","74","74"
"12441.312898766","98","98","98"
"12451.855622477","99","99","99"
"12456.312422314","97","97","97"
"12466.855577617","68","68","68"
"12471.312115634","99","99","99"
"12481.855072094","77","77","77"
"12486.313142668","88","88","88"
"12496.854828891","99","99","99"
"12501.312618864","96","96","96"
"12511.855823726","90","90","90"
"12516.312599685","98","98","98"
"12526.855191652","94","94","94"
"12531.311818185","98","98","98"
"12541.855093208","99","99","99"
"12546.313173125","97","97","97"
"12556.854886241","72","72","72"
"12561.312541002","99","99","99"
"12571.85551837","98","98","98"
"12576.314020413","99","99","99"
"12586.854441807","99","99","99"
"12591.313809201","86","86","86"
"12601.855630824","68","68","68"
"12606.313837174","68","68","68"
"12616.856263748","97","97","97"
"12621.311953015","94","94","94"
"12631.85569579","84","84","84"
"12636.313052535","97","97","97"
"12646.856333509","78","78","78"
"12651.312068342","64","64","64"
"12661.855652783","99","99","99"
"12666.312305485","64","64","64"
"12676.855729381","66","66","66"
"12681.312870074","64","64","64"
"12691.854511464","99","99","99"
"12696.312297791","76","76","76"
"12706.854878789","79","79","79"
"12711.312209549","96","96","96"
"12721.855341465","99","99","99"
"12726.312647099","97","97","97"
"12736.855158295","68","68","68"
"12741.312373747","99","99","99"
"12751.854846708","98","98","98"
"12756.313248233","99","99","99"
"12766.856207752","99","99","99"
"12771.313487605","57","57","57"
"12781.855488689","68","68","68"
"12786.312744132","79","79","79"
"12796.854998037","97","97","97"
"12801.311557517","96","96","96"
"12811.85464929","75","75","75"
"12816.314847778","97","97","97"
"12826.855012296","92","92","92"
"12831.313965942","97","97","97"
"12841.856739337","97","97","97"
"12846.312382523","99","99","99"
"12856.857413162","98","98","98"
"12861.315348611","93","93","93"
"12871.855082735","99","99","99"
"12876.312456652","64","64","64"
"12886.855479994","67","67","67"
"12891.312141897","80","80","80"
"12901.854716489","98","98","98"
"12906.313208964","99","99","99"
"12916.854609379","93","93","93"
"12921.313318958","77","77","77"
"12931.854794255","99","99","99"
"12936.313584656","64","64","64"
"12946.855941149","99","99","99"
"12951.312611501","79","79","79"
"12961.854779393","80","80","80"
"12966.311727903","97","97","97"
"12976.855084688","94","94","94"
"12981.31301873","96","96","96"
"12991.85685205","99","99","99"
"12996.312802887","99","99","99"
"13006.854936737","68","68","68"
"13011.31263363","99","99","99"
"13021.854843313","98","98","98"
"13026.3129984","76","76","76"
"13036.854750285","99","99","99"
"13041.313556804","64","64","64"
"13051.855757699","66","66","66"
"13056.3138063","79","79","79"
"13066.855945971","98","98","98"
"13071.3127838","99","99","99"
"13081.855062686","75","75","75"
"13086.313615477","98","98","98"
"13096.855667448","84","84","84"
"13101.312190852","69","69","69"
"13111.855100242","68","68","68"
"13116.312107238","63","63","63"
"13126.855820127","98","98","98"
"13131.312493628","91","91","91"
"13141.855057871","96","96","96"
"13146.313075009","97","97","97"
"13156.855428975","97","97","97"
"13161.312678896","98","98","98"
"13171.855779586","97","97","97"
"13176.313295796","97","97","97"
"13186.854872165","91","91","91"
"13191.311594636","99","99","99"
"13201.854762624","96","96","96"
"13206.312277342","99","99","99"
"13216.854937188","99","99","99"
"13221.312251533","59","59","59"
"13231.854382936","87","87","87"
"13236.312933663","70","70","70"
"13246.856303577","99","99","99"
"13251.312550511","97","97","97"
"13261.855516989","99","99","99"
"13266.313328281","97","97","97"
"13276.854874736","85","85","85"
"13281.311824394","99","99","99"
"13291.855590437","97","97","97"
"13296.312438498","89","89","89"
"13306.855655235","99","99","99"
"13311.3135427","63","63","63"
"13321.855285873","68","68","68"
"13326.313736634","64","64","64"
"13336.855523437","98","98","98"
"13341.312129721","97","97","97"
"13351.854599782","99","99","99"
"13356.312464905","99","99","99"
"13366.855778564","70","70","70"
"13371.312804175","99","99","99"
"13381.854739757","98","98","98"
"13386.312687538","94","94","94"
"13396.855113318","74","74","74"
"13401.311882793","68","68","68"
"13411.854839577","98","98","98"
"13416.313216092","89","89","89"
"13426.855035371","95","95","95"
"13431.312247037","63","63","63"
"13441.854743127","97","97","97"
"13446.312567419","90","90","90"
"13456.855701857","68","68","68"
"13461.312196405","98","98","98"
"13471.855155998","97","97","97"
"13476.312821444","98","98","98"
"13486.855835324","68","68","68"
"13491.313328428","99","99","99"
"13501.85538514","98","98","98"
"13506.311699382","98","98","98"
"13516.854658518","97","97","97"
"13521.313796604","97","97","97"
"13531.855977839","66","66","66"
"13536.312836633","99","99","99"
"13546.856113084","97","97","97"
"13551.312271253","99","99","99"
"13561.856229634","99","99","99"
"13566.312592894","99","99","99"
"13576.855112578","99","99","99"
"13581.313120066","81","81","81"
"13591.855455098","99","99","99"
"13596.312246091","62","62","62"
"13606.855288572","74","74","74"
"13611.312246379","68","68","68"
"13621.855418445","99","99","99"
"13626.312745132","98","98","98"
"13636.855089104","84","84","84"
"13641.313032548","98","98","98"
"13651.857369322","99","99","99"
"13656.314720883","99","99","99"
"13666.857053695","68","68","68"
"13671.313151161","99","99","99"
"13681.856091665","68","68","68"
"13686.312955689","99","99","99"
"13696.85552764","97","97","97"
"13701.313956897","99","99","99"
"13711.856192325","68","68","68"
"13716.312694257","67","67","67"
"13726.854770442","97","97","97"
"13731.312256064","68","68","68"
"13741.855580247","72","72","72"
"13746.313422869","95","95","95"
"13756.855635574","98","98","98"
"13761.312695388","98","98","98"
"13771.855031168","99","99","99"
"13776.312577748","67","67","67"
"13786.855377157","69","69","69"
"13791.312845029","64","64","64"
"13801.855093049","95","95","95"
"13806.313171551","75","75","75"
"13816.855309356","73","73","73"
"13821.312730985","99","99","99"
"13831.856249138","91","91","91"
"13836.311552675","97","97","97"
"13846.856196046","99","99","99"
"13851.311183903","98","98","98"
"13861.856380767","66","66","66"
"13866.312180939","97","97","97"
"13876.854263249","97","97","97"
"13881.312128669","99","99","99"
"13891.855215956","88","88","88"
"13896.31212397","99","99","99"
"13906.855835937","99","99","99"
"13911.312470052","72","72","72"
"13921.855643762","99","99","99"
"13926.313284541","97","97","97"
"13936.855862651","99","99","99"
"13941.312502936","96","96","96"
"13951.856195567","68","68","68"
"13956.312355455","99","99","99"
"13966.85459144","98","98","98"
"13971.313384696","91","91","91"
"13981.85588704","84","84","84"
"13986.313182519","63","63","63"
"13996.8545458","98","98","98"
"14001.313094052","79","79","79"
"14011.855796161","99","99","99"
"14016.312525412","97","97","97"
"14026.855969623","66","66","66"
"14031.312169496","97","97","97"
"14041.855279928","97","97","97"
"14046.312489876","98","98","98"
"14056.854574547","68","68","68"
"14061.312453928","97","97","97"
"14071.855514094","98","98","98"
"14076.312251779","63","63","63"
"14086.856013756","68","68","68"
"14091.312800625","64","64","64"
"14101.854507669","99","99","99"
"14106.313237921","96","96","96"
"14116.854984813","96","96","96"
"14121.312440098","98","98","98"
"14131.855901643","99","99","99"
"14136.312192426","97","97","97"
"14146.855651131","81","81","81"
"14151.31240521","99","99","99"
"14161.855524037","99","99","99"
"14166.312155863","99","99","99"
"14176.855624698","77","77","77"
"14181.313360191","96","96","96"
"14191.855259358","96","96","96"
"14196.311650378","97","97","97"
"14206.85507787","76","76","76"
"14211.31265097","96","96","96"
"14221.854419564","98","98","98"
"14226.312341992","99","99","99"
"14236.855696344","99","99","99"
"14241.313091265","88","88","88"
"14251.8546319","97","97","97"
"14256.312783803","64","64","64"
"14266.85602831","99","99","99"
"14271.312579936","68","68","68"
"14281.855220644","71","71","71"
"14286.313399635","95","95","95"
"14296.855856505","99","99","99"
"14301.312256701","97","97","97"
"14311.85575973","99","99","99"
"14316.313981764","99","99","99"
"14326.855139115","64","64","64"
"14331.312194066","63","63","63"
"14341.855757338","97","97","97"
"14346.313716054","99","99","99"
"14356.855335117","97","97","97"
"14361.312993461","99","99","99"
"14371.856072709","99","99","99"
"14376.312923545","97","97","97"
"14386.855297666","98","98","98"
"14391.31191048","62","62","62"
"14401.856103577","99","99","99"
"14406.313243077","99","99","99"
"14416.854793938","68","68","68"
"14421.312843259","96","96","96"
"14431.856077161","98","98","98"
"14436.313614831","89","89","89"
"14446.855358447","88","88","88"
"14451.311658193","63","63","63"
"14461.856028448","92","92","92"
"14466.312940263","96","96","96"
"14476.855489241","99","99","99"
"14481.31303187","99","99","99"
"14491.854737827","68","68","68"
"14496.31377509","99","99","99"
"14506.856601755","97","97","97"
"14511.313619936","61","61","61"
"14521.857234574","99","99","99"
"14526.312354313","95","95","95"
"14536.857562617","99","99","99"
"14541.312766049","97","97","97"
"14551.855754077","76","76","76"
"14556.312962104","99","99","99"
"14566.855507595","99","99","99"
"14571.31341317","64","64","64"
"14581.855011179","88","88","88"
"14586.312797264","97","97","97"
"14596.855200013","97","97","97"
"14601.312569477","63","63","63"
"14611.85670646","72","72","72"
"14616.312922617","97","97","97"
"14626.855328584","95","95","95"
"14631.313237409","98","98","98"
"14641.856394831","99","99","99"
"14646.31230182","59","59","59"
"14656.854470521","68","68","68"
"14661.313177167","97","97","97"
"14671.855458245","96","96","96"
"14676.312571308","97","97","97"
"14686.856244839","66","66","66"
"14691.312397283","81","81","81"
"14701.856565837","98","98","98"
"14706.312090621","63","63","63"
"14716.854662649","99","99","99"
"14721.313381653","97","97","97"
"14731.855365819","68","68","68"
"14736.313856415","97","97","97"
"14746.855627709","98","98","98"
"14751.313088819","98","98","98"
"14761.854358875","68","68","68"
"14766.314110662","99","99","99"
"14776.854897765","82","82","82"
"14781.312340884","79","79","79"
"14791.855220103","97","97","97"
"14796.311749635","68","68","68"
"14806.856251288","68","68","68"
"14811.312568846","97","97","97"
"14821.854991374","98","98","98"
"14826.313003532","99","99","99"
"14836.855547253","99","99","99"
"14841.313272812","64","64","64"
"14851.85565845","99","99","99"
"14856.313296875","97","97","97"
"14866.855375676","99","99","99"
"14871.311404534","97","97","97"
"14881.854336005","67","67","67"
"14886.313016373","99","99","99"
"14896.855714969","97","97","97"
"14901.312044417","59","59","59"
"14911.856710874","89","89","89"
"14916.31305569","98","98","98"
"14926.85383103","96","96","96"
"14931.31309019","97","97","97"
"14941.856783384","99","99","99"
"14946.314434372","99","99","99"
"14956.855323243","99","99","99"
"14961.312679786","68","68","68"
"14971.85416097","68","68","68"
"14976.312174258","64","64","64"
"14986.854129228","97","97","97"
"14991.31274512","97","97","97"
"15001.855762168","93","93","93"
"15006.313493571","97","97","97"
"15016.855709645","99","99","99"
"15021.312861049","99","99","99"
"15031.854978852","99","99","99"
"15036.312727654","97","97","97"
"15046.854106683","69","69","69"
"15051.313497662","97","97","97"
"15061.855214249","98","98","98"
"15066.313240124","99","99","99"
"15076.856027988","76","76","76"
"15081.311893018","59","59","59"
"15091.855029127","98","98","98"
"15096.313063578","97","97","97"
"15106.855485167","99","99","99"
"15111.312436131","97","97","97"
"15121.856087066","72","72","72"
"15126.312331553","99","99","99"
"15136.856431437","98","98","98"
"15141.31333723","63","63","63"
"15151.854891334","73","73","73"
"15156.313364042","99","99","99"
"15166.855309625","98","98","98"
"15171.312591448","97","97","97"
"15181.855916553","3","3","3"
"15186.313516197","99","99","99"
"15196.855532296","99","99","99"
"15201.312383529","87","87","87"
"15211.854548139","67","67","67"
"15216.312727658","97","97","97"
"15226.854741014","97","97","97"
"15231.312694198","79","79","79"
"15241.856590469","95","95","95"
"15246.313300748","82","82","82"
"15256.856140866","70","70","70"
"15261.312634204","99","99","99"
"15271.855751537","98","98","98"
"15276.312885003","58","58","58"
"15286.855065518","99","99","99"
"15291.313534106","98","98","98"
"15301.855548791","76","76","76"
"15306.312475731","97","97","97"
"15316.855393614","97","97","97"
"15321.313328564","97","97","97"
"15331.855263676","99","99","99"
"15336.312299281","99","99","99"
"15346.855236555","98","98","98"
"15351.312960101","90","90","90"
"15361.855416617","68","68","68"
"15366.313521235","64","64","64"
"15376.855240335","97","97","97"
"15381.313352473","80","80","80"
"15391.855690653","99","99","99"
"15396.312462303","97","97","97"
"15406.855412336","85","85","85"
"15411.311531867","97","97","97"
"15421.855038604","99","99","99"
"15426.312920521","57","57","57"
"15436.855865099","60","60","60"
"15441.313080518","98","98","98"
"15451.854593648","98","98","98"
"15456.313198466","59","59","59"
"15466.856032866","99","99","99"
"15471.312478313","97","97","97"
"15481.855448875","77","77","77"
"15486.311759441","96","96","96"
"15496.855521372","98","98","98"
"15501.313334698","99","99","99"
"15511.854801639","99","99","99"
"15516.313060793","61","61","61"
"15526.854970423","75","75","75"
"15531.313139707","97","97","97"
"15541.854487779","99","99","99"
"15546.311452412","97","97","97"
"15556.85578548","70","70","70"
"15561.313157275","99","99","99"
"15571.856010296","98","98","98"
"15576.312409196","60","60","60"
"15586.855968677","99","99","99"
"15591.313041066","97","97","97"
"15601.854790124","99","99","99"
"15606.313643129","99","99","99"
"15616.856055942","78","78","78"
"15621.313503513","97","97","97"
"15631.855053943","98","98","98"
"15636.313217966","99","99","99"
"15646.856036116","89","89","89"
"15651.312758588","59","59","59"
"15661.856148888","75","75","75"
"15666.313121205","97","97","97"
"15676.856726832","98","98","98"
"15681.312056104","97","97","97"
"15691.855558143","74","74","74"
"15696.312463589","81","81","81"
"15706.856173055","97","97","97"
"15711.31535114","71","71","71"
"15721.855403742","99","99","99"
"15726.313662209","94","94","94"
"15736.854563014","72","72","72"
"15741.313049511","99","99","99"
"15751.854208141","98","98","98"
"15756.312821774","59","59","59"
"15766.855953688","98","98","98"
"15771.31416215","97","97","97"
"15781.855551658","99","99","99"
"15786.31202199","99","99","99"
"15796.856164576","91","91","91"
"15801.312287157","63","63","63"
"15811.855634359","99","99","99"
"15816.311875925","97","97","97"
"15826.855319671","66","66","66"
"15831.313458153","99","99","99"
"15841.855659284","96","96","96"
"15846.313010067","67","67","67"
"15856.856886527","81","81","81"
"15861.312993647","97","97","97"
"15871.857105541","99","99","99"
"15876.31282847","63","63","63"
"15886.854688938","99","99","99"
"15891.312906804","62","62","62"
"15901.855280143","68","68","68"
"15906.313652514","92","92","92"
"15916.85590849","98","98","98"
"15921.312790435","97","97","97"
"15931.855513153","83","83","83"
"15936.313481765","99","99","99"
"15946.854967991","96","96","96"
"15951.312834149","84","84","84"
"15961.854593824","99","99","99"
"15966.312457242","64","64","64"
"15976.855367247","68","68","68"
"15981.314163245","99","99","99"
"15991.855896252","98","98","98"
"15996.312219324","97","97","97"
"16006.854136294","99","99","99"
"16011.312756997","99","99","99"
"16021.855808245","96","96","96"
"16026.313656748","83","83","83"
"16036.85496045","96","96","96"
"16041.313303917","97","97","97"
"16051.855813659","79","79","79"
"16056.312596106","97","97","97"
"16066.856576337","97","97","97"
"16071.312333819","99","99","99"
"16081.855965621","87","87","87"
"16086.313472078","64","64","64"
"16096.855121502","90","90","90"
"16101.311780261","97","97","97"
"16111.855462901","99","99","99"
"16116.313410718","97","97","97"
"16126.855706374","66","66","66"
"16131.312599896","99","99","99"
"16141.854601933","97","97","97"
"16146.312636915","63","63","63"
"16156.855644195","99","99","99"
"16161.312391692","97","97","97"
"16171.855856646","77","77","77"
"16176.312896748","99","99","99"
"16186.854709813","71","71","71"
"16191.313089793","61","61","61"
"16201.854714865","66","66","66"
"16206.313135959","76","76","76"
"16216.854913829","97","97","97"
"16221.313260284","97","97","97"
"16231.855548336","88","88","88"
"16236.31192918","97","97","97"
"16246.855313108","98","98","98"
"16251.313315444","99","99","99"
"16261.855611521","99","99","99"
"16266.312940656","62","62","62"
"16276.854636619","68","68","68"
"16281.312604934","97","97","97"
"16291.855571409","98","98","98"
"16296.311990959","22","22","22"
"16306.855597953","89","89","89"
"16311.312604537","98","98","98"
"16321.855465109","74","74","74"
"16326.313358598","99","99","99"
"16336.855653876","98","98","98"
"16341.312468774","67","67","67"
"16351.855588001","68","68","68"
"16356.312299711","72","72","72"
"16366.856712032","98","98","98"
"16371.313277241","99","99","99"
"16381.856415348","99","99","99"
"16386.312593628","98","98","98"
"16396.857059182","76","76","76"
"16401.313515737","75","75","75"
"16411.854238267","96","96","96"
"16416.312790677","75","75","75"
"16426.854655898","66","66","66"
"16431.312900131","96","96","96"
"16441.855980106","94","94","94"
"16446.315044968","99","99","99"
"16456.855160573","82","82","82"
"16461.312262384","51","51","51"
"16471.855159247","99","99","99"
"16476.312861698","99","99","99"
"16486.855141758","72","72","72"
"16491.312931951","99","99","99"
"16501.855846662","99","99","99"
"16506.313897241","89","89","89"
"16516.854312287","99","99","99"
"16521.313324928","79","79","79"
"16531.855738999","68","68","68"
"16536.313204662","97","97","97"
"16546.854465349","98","98","98"
"16551.312179928","99","99","99"
"16561.855464402","98","98","98"
"16566.314083931","88","88","88"
"16576.856156831","99","99","99"
"16581.312361495","64","64","64"
"16591.855484732","99","99","99"
"16596.312969859","99","99","99"
"16606.856182294","96","96","96"
"16611.312864816","99","99","99"
"16621.854307246","73","73","73"
"16626.312814938","99","99","99"
"16636.855384701","98","98","98"
"16641.313190918","72","72","72"
"16651.855552006","99","99","99"
"16656.312428717","68","68","68"
"16666.855747545","99","99","99"
"16671.313463758","99","99","99"
"16681.854738618","73","73","73"
"16686.31349843","97","97","97"
"16696.854520642","99","99","99"
"16701.313055263","99","99","99"
"16711.855651171","68","68","68"
"16716.31353906","64","64","64"
"16726.854738778","97","97","97"
"16731.312092448","96","96","96"
"16741.855542034","68","68","68"
"16746.312947236","99","99","99"
"16756.855616802","97","97","97"
"16761.313334138","61","61","61"
"16771.855718948","98","98","98"
"16776.313236601","64","64","64"
"16786.856152924","99","99","99"
"16791.312166873","97","97","97"
"16801.855856019","68","68","68"
"16806.3130074","99","99","99"
"16816.855595733","98","98","98"
"16821.312991965","87","87","87"
"16831.855995081","99","99","99"
"16836.312359686","85","85","85"
"16846.857091962","69","69","69"
"16851.312469081","96","96","96"
"16861.855307807","97","97","97"
"16866.312714151","99","99","99"
"16876.855325915","68","68","68"
"16881.313355451","60","60","60"
"16891.854370272","98","98","98"
"16896.31236507","82","82","82"
"16906.855835722","99","99","99"
"16911.314401688","97","97","97"
"16921.85518397","70","70","70"
"16926.312719405","99","99","99"
"16936.855817872","99","99","99"
"16941.314500169","70","70","70"
"16951.856347489","68","68","68"
"16956.31279889","64","64","64"
"16966.854019458","97","97","97"
"16971.313327899","99","99","99"
"16981.854915009","99","99","99"
"16986.312973207","99","99","99"
"16996.857828777","70","70","70"
"17001.312334925","95","95","95"
"17011.855358136","97","97","97"
"17016.313114654","63","63","63"
"17026.855541669","98","98","98"
"17031.312825464","97","97","97"
"17041.854815613","99","99","99"
"17046.313051192","63","63","63"
"17056.854992085","68","68","68"
"17061.312335555","81","81","81"
"17071.854961301","98","98","98"
"17076.31307742","97","97","97"
"17086.856048332","68","68","68"
"17091.313275491","99","99","99"
"17101.854370286","92","92","92"
"17106.312629406","87","87","87"
"17116.85542873","99","99","99"
"17121.312733759","74","74","74"
"17131.854986456","84","84","84"
"17136.312904552","97","97","97"
"17146.854617821","71","71","71"
"17151.313130196","99","99","99"
"17161.855146647","96","96","96"
"17166.312170877","84","84","84"
"17176.856497599","67","67","67"
"17181.312206476","87","87","87"
"17191.855767649","99","99","99"
"17196.313903382","64","64","64"
"17206.854725223","99","99","99"
"17211.31373911","97","97","97"
"17221.856962471","99","99","99"
"17226.312306941","97","97","97"
"17236.854472724","68","68","68"
"17241.3128897","64","64","64"
"17251.855289323","98","98","98"
"17256.313348506","97","97","97"
"17266.855036424","91","91","91"
"17271.313306742","97","97","97"
"17281.855400958","85","85","85"
"17286.31223879","99","99","99"
"17296.855769065","99","99","99"
"17301.313184302","65","65","65"
"17311.854117856","68","68","68"
"17316.31264912","99","99","99"
"17326.855014973","96","96","96"
"17331.312984486","85","85","85"
"17341.854733289","97","97","97"
"17346.313063165","64","64","64"
"17356.856593516","98","98","98"
"17361.313314425","97","97","97"
"17371.855139304","99","99","99"
"17376.313978673","97","97","97"
"17386.856040377","72","72","72"
"17391.312772078","99","99","99"
"17401.855531649","99","99","99"
"17406.312303119","78","78","78"
"17416.854256855","67","67","67"
"17421.31361556","84","84","84"
"17431.855864099","98","98","98"
"17436.312965849","97","97","97"
"17446.854740234","97","97","97"
"17451.312483418","99","99","99"
"17461.85559748","88","88","88"
"17466.311768901","75","75","75"
"17476.857002039","97","97","97"
"17481.313554998","97","97","97"
"17491.856695631","99","99","99"
"17496.312018688","99","99","99"
"17506.854135708","68","68","68"
"17511.313125332","62","62","62"
"17521.855518489","96","96","96"
"17526.313098708","70","70","70"
"17536.855234005","68","68","68"
"17541.313265397","97","97","97"
"17551.855661555","97","97","97"
"17556.313170488","97","97","97"
"17566.856426325","84","84","84"
"17571.313096051","99","99","99"
"17581.855058888","98","98","98"
"17586.311460421","99","99","99"
"17596.855065496","75","75","75"
"17601.313340234","64","64","64"
"17611.855673187","97","97","97"
"17616.31321135","89","89","89"
"17626.854198215","68","68","68"
"17631.312797965","97","97","97"
"17641.855215984","98","98","98"
"17646.313676488","99","99","99"
"17656.855796121","99","99","99"
"17661.312911714","63","63","63"
"17671.854789738","68","68","68"
"17676.313736679","67","67","67"
"17686.855845833","98","98","98"
"17691.31466925","97","97","97"
"17701.854677082","68","68","68"
"17706.312431333","99","99","99"
"17716.855647227","98","98","98"
"17721.312186243","99","99","99"
"17731.854879615","69","69","69"
"17736.313955459","99","99","99"
"17746.855274621","97","97","97"
"17751.31351319","77","77","77"
"17761.85525753","99","99","99"
"17766.312458996","64","64","64"
"17776.855359345","98","98","98"
"17781.313492006","97","97","97"
"17791.855552238","99","99","99"
"17796.312927082","97","97","97"
"17806.856445687","71","71","71"
"17811.311497434","99","99","99"
"17821.855228973","97","97","97"
"17826.312589459","90","90","90"
"17836.857404221","99","99","99"
"17841.312926299","65","65","65"
"17851.855370454","99","99","99"
"17856.313404703","98","98","98"
"17866.856301981","67","67","67"
"17871.31247812","99","99","99"
"17881.85520822","97","97","97"
"17886.313524005","84","84","84"
"17896.855377726","68","68","68"
"17901.314345407","98","98","98"
"17911.855910348","98","98","98"
"17916.31218995","99","99","99"
"17926.856414285","99","99","99"
"17931.312731956","61","61","61"
"17941.856016445","98","98","98"
"17946.312263425","97","97","97"
"17956.855284027","99","99","99"
"17961.312804653","99","99","99"
"17971.855359543","68","68","68"
"17976.31358731","83","83","83"
"17986.85513715","98","98","98"
"17991.312873668","76","76","76"
"18001.85610841","99","99","99"
"18006.312365407","99","99","99"
"18016.855925606","99","99","99"
"18021.313291679","99","99","99"
"18031.854708501","99","99","99"
"18036.315150916","70","70","70"
"18046.855004063","68","68","68"
"18051.314912713","97","97","97"
"18061.855390005","98","98","98"
"18066.312579317","99","99","99"
"18076.854990758","92","92","92"
"18081.313108132","92","92","92"
"18091.855191982","97","97","97"
"18096.343333196","99","99","99"
"18106.854942073","99","99","99"
"18111.31286477","92","92","92"
"18121.855109009","77","77","77"
"18126.311934294","99","99","99"
"18136.855329958","99","99","99"
"18141.312456988","99","99","99"
"18151.856567372","91","91","91"
"18156.311632879","97","97","97"
"18166.85639394","94","94","94"
"18171.312297479","97","97","97"
"18181.855858552","99","99","99"
"18186.313167987","99","99","99"
"18196.855071327","68","68","68"
"18201.313397756","64","64","64"
"18211.855156453","97","97","97"
"18216.311937532","97","97","97"
"18226.855160519","98","98","98"
"18231.313042224","99","99","99"
"18241.855282998","98","98","98"
"18246.312259022","84","84","84"
"18256.855105942","99","99","99"
"18261.31371491","63","63","63"
"18271.854938071","97","97","97"
"18276.31306614","78","78","78"
"18286.855387077","69","69","69"
"18291.311540711","97","97","97"
"18301.854599385","98","98","98"
"18306.312780915","99","99","99"
"18316.856056444","99","99","99"
"18321.313200952","90","90","90"
"18331.855251492","81","81","81"
"18336.312641928","97","97","97"
"18346.854298319","99","99","99"
"18351.313236923","99","99","99"
"18361.854657713","68","68","68"
"18366.313065778","76","76","76"
"18376.853948622","98","98","98"
"18381.312610151","74","74","74"
"18391.855965297","88","88","88"
"18396.313356765","97","97","97"
"18406.855393064","97","97","97"
"18411.312832044","96","96","96"
"18421.856333765","98","98","98"
"18426.313479674","91","91","91"
"18436.854965903","99","99","99"
"18441.313523295","98","98","98"
"18451.854445128","67","67","67"
"18456.312745936","99","99","99"
"18466.85458212","97","97","97"
"18471.312940136","99","99","99"
"18481.856079492","99","99","99"
"18486.312282328","60","60","60"
"18496.855229391","82","82","82"
"18501.311735219","99","99","99"
"18511.854650096","98","98","98"
"18516.31369018","97","97","97"
"18526.856243312","99","99","99"
"18531.312936546","99","99","99"
"18541.855766499","68","68","68"
"18546.312872285","80","80","80"
"18556.854555337","98","98","98"
"18561.312084447","97","97","97"
"18571.854707955","99","99","99"
"18576.312047651","99","99","99"
"18586.855503331","68","68","68"
"18591.313890716","97","97","97"
"18601.8565812","98","98","98"
"18606.313010922","99","99","99"
"18616.855305723","99","99","99"
"18621.312795582","99","99","99"
"18631.85517116","97","97","97"
"18636.313396456","75","75","75"
"18646.854855025","73","73","73"
"18651.313248163","97","97","97"
"18661.856320798","98","98","98"
"18666.313297571","99","99","99"
"18676.855455635","99","99","99"
"18681.312140684","64","64","64"
"18691.855622769","97","97","97"
"18696.311587651","99","99","99"
"18706.856446556","66","66","66"
"18711.313414893","97","97","97"
"18721.855308923","99","99","99"
"18726.312254503","99","99","99"
"18736.855568646","99","99","99"
"18741.313166688","99","99","99"
"18751.855438342","84","84","84"
"18756.312582114","99","99","99"
"18766.85547478","97","97","97"
"18771.312901522","71","71","71"
"18781.854988838","78","78","78"
"18786.312293895","98","98","98"
"18796.855875421","99","99","99"
"18801.313313223","97","97","97"
"18811.855554491","98","98","98"
"18816.312806633","85","85","85"
"18826.855170345","87","87","87"
"18831.312431022","71","71","71"
"18841.854678277","97","97","97"
"18846.312371789","97","97","97"
"18856.855620241","97","97","97"
"18861.311600378","99","99","99"
"18871.854837369","69","69","69"
"18876.312421094","91","91","91"
"18886.853814532","99","99","99"
"18891.31345993","63","63","63"
"18901.855429338","97","97","97"
"18906.312017651","93","93","93"
"18916.856169678","71","71","71"
"18921.313197559","97","97","97"
"18931.856574604","97","97","97"
"18936.313298775","99","99","99"
"18946.854503714","99","99","99"
"18951.313142032","62","62","62"
"18961.85448201","97","97","97"
"18966.313206656","98","98","98"
"18976.855602082","99","99","99"
"18981.313163719","99","99","99"
"18991.855884025","68","68","68"
"18996.313194598","94","94","94"
"19006.85526858","98","98","98"
"19011.312595081","97","97","97"
"19021.855262267","99","99","99"
"19026.312493886","99","99","99"
"19036.856561222","70","70","70"
"19041.3135062","85","85","85"
"19051.854936506","98","98","98"
"19056.312641398","61","61","61"
"19066.855012447","80","80","80"
"19071.313058661","97","97","97"
"19081.855823741","99","99","99"
"19086.312127806","99","99","99"
"19096.855997167","93","93","93"
"19101.315953433","99","99","99"
"19111.856275458","97","97","97"
"19116.313713056","85","85","85"
"19126.855679328","92","92","92"
"19131.313346178","64","64","64"
"19141.855973779","93","93","93"
"19146.312828659","97","97","97"
"19156.855629656","99","99","99"
"19161.314117254","99","99","99"
"19171.855708607","93","93","93"
"19176.312927637","97","97","97"
"19186.855748132","99","99","99"
"19191.312657883","99","99","99"
"19201.855907356","97","97","97"
"19206.312442695","92","92","92"
"19216.855397208","87","87","87"
"19221.312362701","63","63","63"
"19231.855585352","97","97","97"
"19236.313202173","97","97","97"
"19246.856080118","74","74","74"
"19251.313102668","99","99","99"
"19261.854282718","99","99","99"
"19266.31263768","99","99","99"
"19276.856074696","99","99","99"
"19281.312794739","99","99","99"
"19291.855334624","92","92","92"
"19296.311657306","64","64","64"
"19306.857949966","97","97","97"
"19311.314087495","84","84","84"
"19321.857318247","74","74","74"
"19326.311871597","97","97","97"
"19336.857810576","98","98","98"
"19341.31355624","99","99","99"
"19351.855708204","99","99","99"
"19356.313856239","72","72","72"
"19366.856294079","95","95","95"
"19371.312275963","64","64","64"
"19381.854581404","99","99","99"
"19386.312896748","98","98","98"
"19396.854551858","90","90","90"
"19401.314966818","99","99","99"
"19411.855549666","99","99","99"
"19416.312543126","99","99","99"
"19426.855895428","96","96","96"
"19431.313105525","98","98","98"
"19441.856545398","75","75","75"
"19446.312332363","99","99","99"
"19456.855642871","96","96","96"
"19461.312752655","99","99","99"
"19471.855631019","67","67","67"
"19476.312580985","63","63","63"
"19486.856024033","97","97","97"
"19491.313180387","93","93","93"
"19501.854911272","67","67","67"
"19506.312866129","97","97","97"
"19516.853895206","99","99","99"
"19521.313420759","99","99","99"
"19531.854512592","99","99","99"
"19536.312460999","71","71","71"
"19546.855658781","76","76","76"
"19551.31207987","65","65","65"
"19561.856151212","68","68","68"
"19566.31292923","97","97","97"
"19576.855735763","66","66","66"
"19581.313292262","99","99","99"
"19591.855382163","71","71","71"
"19596.312788102","97","97","97"
"19606.856098339","91","91","91"
"19611.312119718","96","96","96"
"19621.855563275","91","91","91"
"19626.312611233","97","97","97"
"19636.853877083","99","99","99"
"19641.313098578","75","75","75"
"19651.855837965","97","97","97"
"19656.312115874","63","63","63"
"19666.856141484","97","97","97"
"19671.312799324","97","97","97"
"19681.855465136","98","98","98"
"19686.312664351","99","99","99"
"19696.855784227","99","99","99"
"19701.312930292","95","95","95"
"19711.855445268","99","99","99"
"19716.312915235","95","95","95"
"19726.856062956","99","99","99"
"19731.312989202","97","97","97"
"19741.855748553","97","97","97"
"19746.313474579","99","99","99"
"19756.854418273","97","97","97"
"19761.312060081","74","74","74"
"19771.854725102","97","97","97"
"19776.3117595","63","63","63"
"19786.854460415","97","97","97"
"19791.312192594","63","63","63"
"19801.855630975","97","97","97"
"19806.312896662","97","97","97"
"19816.85504571","96","96","96"
"19821.31303681","99","99","99"
"19831.855478414","99","99","99"
"19836.312777684","94","94","94"
"19846.855550483","66","66","66"
"19851.31273584","99","99","99"
"19861.855764315","79","79","79"
"19866.313189943","63","63","63"
"19876.855594937","97","97","97"
"19881.312941131","82","82","82"
"19891.856818284","88","88","88"
"19896.314571512","98","98","98"
"19906.855757173","96","96","96"
"19911.312152219","86","86","86"
"19921.855461371","77","77","77"
"19926.312458122","62","62","62"
"19936.855693025","97","97","97"
"19941.31465125","77","77","77"
"19951.854439221","93","93","93"
"19956.312346473","97","97","97"
"19966.854837143","97","97","97"
"19971.313071094","99","99","99"
"19981.855992854","98","98","98"
"19986.315222304","72","72","72"
"19996.855509862","53","53","53"
"20001.311947999","65","65","65"
"20011.854993449","81","81","81"
"20016.31265889","99","99","99"
"20026.855592485","93","93","93"
"20031.315002959","99","99","99"
"20041.854048973","97","97","97"
"20046.313039688","72","72","72"
"20056.855179828","97","97","97"
"20061.313319676","94","94","94"
"20071.857301451","62","62","62"
"20076.315345557","97","97","97"
"20086.854331627","72","72","72"
"20091.312346792","99","99","99"
"20101.856521002","96","96","96"
"20106.311983688","70","70","70"
"20116.855022136","63","63","63"
"20121.312093149","96","96","96"
"20131.855350071","64","64","64"
"20136.315123259","65","65","65"
"20146.854581988","66","66","66"
"20151.314741631","92","92","92"
"20161.855978885","96","96","96"
"20166.312982054","97","97","97"
"20176.855229701","99","99","99"
"20181.31339616","82","82","82"
"20191.855933811","95","95","95"
"20196.313002772","97","97","97"
"20206.854747052","99","99","99"
"20211.312425867","99","99","99"
"20221.854826727","99","99","99"
"20226.311724351","88","88","88"
"20236.855202749","99","99","99"
"20241.312402833","81","81","81"
"20251.855001594","65","65","65"
"20256.312535234","97","97","97"
"20266.855406836","62","62","62"
"20271.313389106","99","99","99"
"20281.85512411","82","82","82"
"20286.312513756","97","97","97"
"20296.855271496","99","99","99"
"20301.312996626","99","99","99"
"20311.855690083","97","97","97"
"20316.313355518","95","95","95"
"20326.855128496","99","99","99"
"20331.312904636","75","75","75"
"20341.855372402","97","97","97"
"20346.313248235","98","98","98"
"20356.856043986","98","98","98"
"20361.312852942","97","97","97"
"20371.858013781","62","62","62"
"20376.312894466","94","94","94"
"20386.857795691","60","60","60"
"20391.313342291","64","64","64"
"20401.854246833","99","99","99"
"20406.31249706","64","64","64"
"20416.856650216","98","98","98"
"20421.312926414","99","99","99"
"20431.85531141","97","97","97"
"20436.312844352","97","97","97"
"20446.855196592","99","99","99"
"20451.311782142","64","64","64"
"20461.856137667","99","99","99"
"20466.313080951","81","81","81"
"20476.854885663","83","83","83"
"20481.313000766","98","98","98"
"20491.855353116","95","95","95"
"20496.312080147","97","97","97"
"20506.855414692","78","78","78"
"20511.311974122","66","66","66"
"20521.855609451","63","63","63"
"20526.312283313","84","84","84"
"20536.855647508","63","63","63"
"20541.31343494","98","98","98"
"20551.855122789","97","97","97"
"20556.313259462","97","97","97"
"20566.855997341","60","60","60"
"20571.312664165","99","99","99"
"20581.855908501","96","96","96"
"20586.312702705","64","64","64"
"20596.85529295","60","60","60"
"20601.31230298","92","92","92"
"20611.855351072","99","99","99"
"20616.312655688","97","97","97"
"20626.854586631","90","90","90"
"20631.312971392","99","99","99"
"20641.854783044","99","99","99"
"20646.313655459","99","99","99"
"20656.856447003","63","63","63"
"20661.312322405","61","61","61"
"20671.855401872","99","99","99"
"20676.312640952","97","97","97"
"20686.854899892","76","76","76"
"20691.313087261","97","97","97"
"20701.855212183","99","99","99"
"20706.313330929","97","97","97"
"20716.854621556","99","99","99"
"20721.313638732","97","97","97"
"20731.855358048","99","99","99"
"20736.312991127","99","99","99"
"20746.85538427","97","97","97"
"20751.313070776","82","82","82"
"20761.855685866","69","69","69"
"20766.313809559","67","67","67"
"20776.856160659","97","97","97"
"20781.312977482","98","98","98"
"20791.855909545","97","97","97"
"20796.313375003","97","97","97"
"20806.855097079","60","60","60"
"20811.311858515","64","64","64"
"20821.855087564","59","59","59"
"20826.312729216","64","64","64"
"20836.856344776","99","99","99"
"20841.315245026","97","97","97"
"20851.855155075","97","97","97"
"20856.312209242","99","99","99"
"20866.856540763","99","99","99"
"20871.312427715","98","98","98"
"20881.855440483","97","97","97"
"20886.313803898","97","97","97"
"20896.855757781","58","58","58"
"20901.314765578","99","99","99"
"20911.856053866","97","97","97"
"20916.31204484","64","64","64"
"20926.855893725","77","77","77"
"20931.314876293","91","91","91"
"20941.855777588","99","99","99"
"20946.312757125","90","90","90"
"20956.855072088","86","86","86"
"20961.312810319","97","97","97"
"20971.856422146","97","97","97"
"20976.313356155","97","97","97"
"20986.854594691","81","81","81"
"20991.313804367","99","99","99"
"21001.856212116","97","97","97"
"21006.313504086","75","75","75"
"21016.855165534","99","99","99"
"21021.313493221","64","64","64"
"21031.855426719","85","85","85"
"21036.313737462","97","97","97"
"21046.856100181","99","99","99"
"21051.312443865","99","99","99"
"21061.855495162","61","61","61"
"21066.313083074","96","96","96"
"21076.854561763","99","99","99"
"21081.312264195","80","80","80"
"21091.856018073","78","78","78"
"21096.313283479","97","97","97"
"21106.855201456","93","93","93"
"21111.312611355","97","97","97"
"21121.854049624","96","96","96"
"21126.312107776","99","99","99"
"21136.854954147","82","82","82"
"21141.312390426","63","63","63"
"21151.854805914","97","97","97"
"21156.313584639","98","98","98"
"21166.854231013","59","59","59"
"21171.31154779","99","99","99"
"21181.856531864","97","97","97"
"21186.313198543","62","62","62"
"21196.854365418","66","66","66"
"21201.312786883","93","93","93"
"21211.85572107","97","97","97"
"21216.312916619","97","97","97"
"21226.855999424","96","96","96"
"21231.314270692","84","84","84"
"21241.856324128","97","97","97"
"21246.313047241","64","64","64"
"21256.855569935","96","96","96"
"21261.313360238","97","97","97"
"21271.858545551","93","93","93"
"21276.313262546","99","99","99"
"21286.854777433","97","97","97"
"21291.312537289","98","98","98"
"21301.855448911","86","86","86"
"21306.312067406","96","96","96"
"21316.856250864","99","99","99"
"21321.312454722","99","99","99"
"21331.856028815","67","67","67"
"21336.312582549","64","64","64"
"21346.855743293","95","95","95"
"21351.312955156","98","98","98"
"21361.855847167","99","99","99"
"21366.312136143","98","98","98"
"21376.854940172","60","60","60"
"21381.312709469","99","99","99"
"21391.855218826","61","61","61"
"21396.312888873","98","98","98"
"21406.855031863","97","97","97"
"21411.313018615","64","64","64"
"21421.855077648","60","60","60"
"21426.313622344","99","99","99"
"21436.855707253","97","97","97"
"21441.313029797","97","97","97"
"21451.855415041","59","59","59"
"21456.31426774","99","99","99"
"21466.856289383","99","99","99"
"21471.314432327","99","99","99"
"21481.855173749","90","90","90"
"21486.312322623002","99","99","99"
"21496.857910869","99","99","99"
"21501.314155431","81","81","81"
"21511.855669911","61","61","61"
"21516.31424265","84","84","84"
"21526.854773593","99","99","99"
"21531.312813512","97","97","97"
"21541.856438547","99","99","99"
"21546.312356822","99","99","99"
"21556.854227947","78","78","78"
"21561.312827305","97","97","97"
"21571.854371732","96","96","96"
"21576.312194019","99","99","99"
"21586.854639109","65","65","65"
"21591.313819093","99","99","99"
"21601.855357294","97","97","97"
"21606.313439797","62","62","62"
"21616.854550253","60","60","60"
"21621.312757981","98","98","98"
"21631.855113951","96","96","96"
"21636.313220398","98","98","98"
"21646.855729045","97","97","97"
"21651.312812423","99","99","99"
"21661.854241479","60","60","60"
"21666.312744305","90","90","90"
"21676.855804892","97","97","97"
"21681.312219673","69","69","69"
"21691.85611987","82","82","82"
"21696.313351507","97","97","97"
"21706.854868083","96","96","96"
"21711.312903587","99","99","99"
"21721.855264569","60","60","60"
"21726.312920528","98","98","98"
"21736.855799741","83","83","83"
"21741.312808636","99","99","99"
"21751.855724471","97","97","97"
"21756.312301261","60","60","60"
"21766.854661308","99","99","99"
"21771.313201936","99","99","99"
"21781.856516295","99","99","99"
"21786.313098466","99","99","99"
"21796.855514773","99","99","99"
"21801.312069177","79","79","79"
"21811.855397819","94","94","94"
"21816.313051071","99","99","99"
"21826.856020096","97","97","97"
"21831.313434336","99","99","99"
"21841.855017828","99","99","99"
"21846.312104925","86","86","86"
"21856.85550584","61","61","61"
"21861.311785571","62","62","62"
"21871.856154692","97","97","97"
"21876.312891904","97","97","97"
"21886.85531398","94","94","94"
"21891.313809959","99","99","99"
"21901.855480762","97","97","97"
"21906.313628738","99","99","99"
"21916.854798693","90","90","90"
"21921.313494384","64","64","64"
"21931.85779659","97","97","97"
"21936.312909885","97","97","97"
"21946.855880723","99","99","99"
"21951.312900051","97","97","97"
"21961.855757392","91","91","91"
"21966.313318501","69","69","69"
"21976.85505235","97","97","97"
"21981.311713434","74","74","74"
"21991.855063283","53","53","53"
"21996.312293688","97","97","97"
"22006.854420997","99","99","99"
"22011.313605317","99","99","99"
"22021.855223206","68","68","68"
"22026.31220746","86","86","86"
"22036.856267085","97","97","97"
"22041.31252407","99","99","99"
"22051.855587701","58","58","58"
"22056.312539475","76","76","76"
"22066.854697592","97","97","97"
"22071.312578651","98","98","98"
"22081.854373335","97","97","97"
"22086.31313679","99","99","99"
"22096.855597385","61","61","61"
"22101.313034753","70","70","70"
"22111.855342815","97","97","97"
"22116.312704172","95","95","95"
"22126.855524228","69","69","69"
"22131.312670949","99","99","99"
"22141.855868415","98","98","98"
"22146.311977463","92","92","92"
"22156.855987042","97","97","97"
"22161.312809607","99","99","99"
"22171.854963536","57","57","57"
"22176.313177162","80","80","80"
"22186.85451968","97","97","97"
"22191.311647793","65","65","65"
"22201.855747399","60","60","60"
"22206.313078725","98","98","98"
"22216.857557962","97","97","97"
"22221.312875053","89","89","89"
"22231.856901255","59","59","59"
"22236.312677036","62","62","62"
"22246.855203914","70","70","70"
"22251.312649969","98","98","98"
"22261.855246814","99","99","99"
"22266.312744919","97","97","97"
"22276.855321098","98","98","98"
"22281.313141849","99","99","99"
"22291.855876251","90","90","90"
"22296.313634139","79","79","79"
"22306.85549645","97","97","97"
"22311.314214833","63","63","63"
"22321.855664618","63","63","63"
"22326.314596208","99","99","99"
"22336.856109672","97","97","97"
"22341.312428127","97","97","97"
"22351.855627763","80","80","80"
"22356.314075078","78","78","78"
"22366.855118505","76","76","76"
"22371.312283659","79","79","79"
"22381.855332168","78","78","78"
"22386.312851999","97","97","97"
"22396.855088093","97","97","97"
"22401.312773408","64","64","64"
"22411.855890099","96","96","96"
"22416.312330295","97","97","97"
"22426.855327501","82","82","82"
"22431.312342536","98","98","98"
"22441.855422532","99","99","99"
"22446.313597809","81","81","81"
"22456.856695039","74","74","74"
"22461.313444045","97","97","97"
"22471.854886955","99","99","99"
"22476.312328273","95","95","95"
"22486.855182401","60","60","60"
"22491.313059991","97","97","97"
"22501.855083838","59","59","59"
"22506.312814033","99","99","99"
"22516.855298526","97","97","97"
"22521.312887276","64","64","64"
"22531.855062502","99","99","99"
"22536.313662284","93","93","93"
"22546.855727498","99","99","99"
"22551.312360378","99","99","99"
"22561.855648768","93","93","93"
"22566.312901148","97","97","97"
"22576.85530215","82","82","82"
"22581.312662643","99","99","99"
"22591.85494251","99","99","99"
"22596.313442265","98","98","98"
"22606.855924333","87","87","87"
"22611.313427212","99","99","99"
"22621.854435736","99","99","99"
"22626.31280029","90","90","90"
"22636.855419113","60","60","60"
"22641.312372522","80","80","80"
"22651.854512564","97","97","97"
"22656.312937428","99","99","99"
"22666.854547842","97","97","97"
"22671.31280229","98","98","98"
"22681.855060253","99","99","99"
"22686.314022996","75","75","75"
"22696.85485738","65","65","65"
"22701.312684603","88","88","88"
"22711.855370725","97","97","97"
"22716.312580977","99","99","99"
"22726.855001646","96","96","96"
"22731.313501835","72","72","72"
"22741.854555261","97","97","97"
"22746.312956569","79","79","79"
"22756.856200967","62","62","62"
"22761.312991227","98","98","98"
"22771.855227052","99","99","99"
"22776.311993565","97","97","97"
"22786.854731157","97","97","97"
"22791.313509516","99","99","99"
"22801.855183492","52","52","52"
"22806.314869107","63","63","63"
"22816.855150034","96","96","96"
"22821.312056749","99","99","99"
"22831.854904759","84","84","84"
"22836.313548348","97","97","97"
"22846.854444189","99","99","99"
"22851.312635902","99","99","99"
"22861.854504594","83","83","83"
"22866.312907639","68","68","68"
"22876.855035084","97","97","97"
"22881.313451272","74","74","74"
"22891.85470389","97","97","97"
"22896.313046692","95","95","95"
"22906.855563699","99","99","99"
"22911.312673573","97","97","97"
"22921.855860627","69","69","69"
"22926.31145116","99","99","99"
"22936.857020457","57","57","57"
"22941.312835695","78","78","78"
"22951.855828957","98","98","98"
"22956.312256775","86","86","86"
"22966.854378279","77","77","77"
"22971.312835919","97","97","97"
"22981.856958743","98","98","98"
"22986.312581921","98","98","98"
"22996.856733435","60","60","60"
"23001.312598763","82","82","82"
"23011.856592934","97","97","97"
"23016.31234081","97","97","97"
"23026.854636055","97","97","97"
"23031.31388632","99","99","99"
"23041.857469967","99","99","99"
"23046.312794695","79","79","79"
"23056.855179625","99","99","99"
"23061.312862051","83","83","83"
"23071.854364153","99","99","99"
"23076.312343685","97","97","97"
"23086.855312463","88","88","88"
"23091.314303339","99","99","99"
"23101.856089061","88","88","88"
"23106.313459406","62","62","62"
"23116.855412756","99","99","99"
"23121.312809932","99","99","99"
"23131.855135196","93","93","93"
"23136.312906439","97","97","97"
"23146.856691757","62","62","62"
"23151.31333048","96","96","96"
"23161.855675123","97","97","97"
"23166.311426345","99","99","99"
"23176.854570783","98","98","98"
"23181.313062462","77","77","77"
"23191.855066926","99","99","99"
"23196.312927603","65","65","65"
"23206.854839049","99","99","99"
"23211.312180545","96","96","96"
"23221.855222917","85","85","85"
"23226.312222873","97","97","97"
"23236.855052967","99","99","99"
"23241.312282088","99","99","99"
"23251.854796035","75","75","75"
"23256.312924596","97","97","97"
"23266.855540952","97","97","97"
"23271.312369501","97","97","97"
"23281.855526069","60","60","60"
"23286.312653231","99","99","99"
"23296.855412274","97","97","97"
"23301.313067351","62","62","62"
"23311.854983093","77","77","77"
"23316.313472988","97","97","97"
"23326.855265009","96","96","96"
"23331.314158652","97","97","97"
"23341.85535181","79","79","79"
"23346.313794903","99","99","99"
"23356.855282069","82","82","82"
"23361.312655619","69","69","69"
"23371.85566315","63","63","63"
"23376.312806008","70","70","70"
"23386.855648796","75","75","75"
"23391.312505542","97","97","97"
"23401.85429948","90","90","90"
"23406.313271282","99","99","99"
"23416.855689077","97","97","97"
"23421.311578962","87","87","87"
"23431.8562046","99","99","99"
"23436.31247091","97","97","97"
"23446.855498052","59","59","59"
"23451.311724493","84","84","84"
"23461.854692518","97","97","97"
"23466.312732438","63","63","63"
"23476.855154477","94","94","94"
"23481.313175848","99","99","99"
"23491.854275478","91","91","91"
"23496.312981331","98","98","98"
"23506.854802453","99","99","99"
"23511.31345743","99","99","99"
"23521.855631047","99","99","99"
"23526.312799272","67","67","67"
"23536.855137279","61","61","61"
"23541.313073434","97","97","97"
"23551.854201031","97","97","97"
"23556.313023258","97","97","97"
"23566.85683264","84","84","84"
"23571.313823416","99","99","99"
"23581.854962827","61","61","61"
"23586.312042036","64","64","64"
"23596.856252124","97","97","97"
"23601.313327992","97","97","97"
"23611.856000039","89","89","89"
"23616.312524221","99","99","99"
"23626.855335833","97","97","97"
"23631.312709953","61","61","61"
"23641.85455273","77","77","77"
"23646.312993629","89","89","89"
"23656.85586542","96","96","96"
"23661.313701904","97","97","97"
"23671.854691682","70","70","70"
"23676.312808999","61","61","61"
"23686.855932619","96","96","96"
"23691.312464843","97","97","97"
"23701.856284166","78","78","78"
"23706.312507661","97","97","97"
"23716.85555087","84","84","84"
"23721.311913929","90","90","90"
"23731.854543704","99","99","99"
"23736.312863688","73","73","73"
"23746.856347612","97","97","97"
"23751.312884198","97","97","97"
"23761.855413149","74","74","74"
"23766.313576847","97","97","97"
"23776.855611909","3","3","3"
"23781.312507768","98","98","98"
"23791.855903692","99","99","99"
"23796.312855575","79","79","79"
"23806.85558242","97","97","97"
"23811.312435117","61","61","61"
"23821.854483366","61","61","61"
"23826.312933285","97","97","97"
"23836.856158726","99","99","99"
"23841.313644789","70","70","70"
"23851.855684418","78","78","78"
"23856.311965712","78","78","78"
"23866.856097659","99","99","99"
"23871.312580045","96","96","96"
"23881.855466973","60","60","60"
"23886.312144297","99","99","99"
"23896.855167907","97","97","97"
"23901.313078707","62","62","62"
"23911.854204979","62","62","62"
"23916.312944667","97","97","97"
"23926.855734865","97","97","97"
"23931.312093841","99","99","99"
"23941.854502127","79","79","79"
"23946.312620864","61","61","61"
"23956.855423301","96","96","96"
"23961.313314161","97","97","97"
"23971.85556233","95","95","95"
"23976.311449681","99","99","99"
"23986.85464475","65","65","65"
"23991.312852252","62","62","62"
"24001.857339122","97","97","97"
"24006.312339648","95","95","95"
"24016.857628513","61","61","61"
"24021.313404333","97","97","97"
"24031.855580181","97","97","97"
"24036.313473929","99","99","99"
"24046.85479436","76","76","76"
"24051.31236651","57","57","57"
"24061.856557627","97","97","97"
"24066.312381812","98","98","98"
"24076.855553269","75","75","75"
"24081.312001176","99","99","99"
"24091.855755532","97","97","97"
"24096.313371851","97","97","97"
"24106.854266063","64","64","64"
"24111.312277164","99","99","99"
"24121.855258301","99","99","99"
"24126.313556387","63","63","63"
"24136.854871669","88","88","88"
"24141.314129371","97","97","97"
"24151.854170992","62","62","62"
"24156.311751818","99","99","99"
"24166.854785856","99","99","99"
"24171.314055826","99","99","99"
"24181.854551026","96","96","96"
"24186.313380573","72","72","72"
"24196.85558394","57","57","57"
"24201.31231268","97","97","97"
"24211.854253485","97","97","97"
"24216.313705062","97","97","97"
"24226.855356983","99","99","99"
"24231.313243622","58","58","58"
"24241.855031621","96","96","96"
"24246.312643364","98","98","98"
"24256.85563501","61","61","61"
"24261.314026801","72","72","72"
"24271.855405164","97","97","97"
"24276.313577931","99","99","99"
"24286.854982869","64","64","64"
"24291.313001851","99","99","99"
"24301.855996189","97","97","97"
"24306.31331309","64","64","64"
"24316.854405655","61","61","61"
"24321.312891412","97","97","97"
"24331.855527214","97","97","97"
"24336.312533833","97","97","97"
"24346.854968127","80","80","80"
"24351.312147356","99","99","99"
"24361.854911745","97","97","97"
"24366.312547119","80","80","80"
"24376.855316541","99","99","99"
"24381.312731223","99","99","99"
"24391.85546167","99","99","99"
"24396.312868854","94","94","94"
"24406.855642128","93","93","93"
"24411.312960942","64","64","64"
"24421.855215828","99","99","99"
"24426.312989512","97","97","97"
"24436.854607636","97","97","97"
"24441.313735638","97","97","97"
"24451.854509598","94","94","94"
"24456.311658601","99","99","99"
"24466.855139932","96","96","96"
"24471.313578973","62","62","62"
"24481.85520966","84","84","84"
"24486.31322686","97","97","97"
"24496.855011377","97","97","97"
"24501.31356099","99","99","99"
"24511.854682961","86","86","86"
"24516.311859496","95","95","95"
"24526.854193103","59","59","59"
"24531.31172355","99","99","99"
"24541.857808256","96","96","96"
"24546.312273455","79","79","79"
"24556.857325087","61","61","61"
"24561.313892284","87","87","87"
"24571.855517327","97","97","97"
"24576.312594063","96","96","96"
"24586.856693688","62","62","62"
"24591.312242024","99","99","99"
"24601.856426559","97","97","97"
"24606.313658426","64","64","64"
"24616.855290884","97","97","97"
"24621.312631294","94","94","94"
"24631.855640498","60","60","60"
"24636.313149971","99","99","99"
"24646.856058531","96","96","96"
"24651.312917262","99","99","99"
"24661.855282901","74","74","74"
"24666.313210024","64","64","64"
"24676.855188618","97","97","97"
"24681.313012954","66","66","66"
"24691.855944583","99","99","99"
"24696.312428649","97","97","97"
"24706.855122628","95","95","95"
"24711.31244614","97","97","97"
"24721.85486144","65","65","65"
"24726.313416438","99","99","99"
"24736.855040429","82","82","82"
"24741.312318511","59","59","59"
"24751.855084334","77","77","77"
"24756.312706143","97","97","97"
"24766.854899549","97","97","97"
"24771.31270874","99","99","99"
"24781.855479525","64","64","64"
"24786.314758766","66","66","66"
"24796.85448797","88","88","88"
"24801.312769615","97","97","97"
"24811.85488969","99","99","99"
"24816.313368058","97","97","97"
"24826.854484278","61","61","61"
"24831.312726373","99","99","99"
"24841.855434369","99","99","99"
"24846.312177491","63","63","63"
"24856.856122859","97","97","97"
"24861.312625717","97","97","97"
"24871.85523741","99","99","99"
"24876.312982596","99","99","99"
"24886.856043076","75","75","75"
"24891.313095507","98","98","98"
"24901.855108016","99","99","99"
"24906.312819526","70","70","70"
"24916.854930203","88","88","88"
"24921.313492168","97","97","97"
"24931.855303416","97","97","97"
"24936.311693939","96","96","96"
"24946.8564498","99","99","99"
"24951.314144188","98","98","98"
"24961.856462949","62","62","62"
"24966.311672382","97","97","97"
"24976.854798401","99","99","99"
"24981.31298168","99","99","99"
"24991.855107634","61","61","61"
"24996.31295683","61","61","61"
"25006.856019201","97","97","97"
"25011.312765526","62","62","62"
"25021.856012073","61","61","61"
"25026.312729176","97","97","97"
"25036.859145236","97","97","97"
"25041.312484443","97","97","97"
"25051.855660378","82","82","82"
"25056.3126052","99","99","99"
"25066.855274084","68","68","68"
"25071.313249249","64","64","64"
"25081.855645807","60","60","60"
"25086.314074309","99","99","99"
"25096.856853539","97","97","97"
"25101.311861802","97","97","97"
"25111.854468921","61","61","61"
"25116.31234526","71","71","71"
"25126.853962898","96","96","96"
"25131.313296","99","99","99"
"25141.854656046","59","59","59"
"25146.313151286","97","97","97"
"25156.854125619","96","96","96"
"25161.313723598","64","64","64"
"25171.855387345","87","87","87"
"25176.312272607","97","97","97"
"25186.855315515","99","99","99"
"25191.313434137","97","97","97"
"25201.855008186","96","96","96"
"25206.315337514","99","99","99"
"25216.85493701","60","60","60"
"25221.312522564","79","79","79"
"25231.854738379","99","99","99"
"25236.313680823","70","70","70"
"25246.856571861","60","60","60"
"25251.312911084","96","96","96"
"25261.856005528","94","94","94"
"25266.313261722","99","99","99"
"25276.855303895","97","97","97"
"25281.31238371","94","94","94"
"25291.856272548","74","74","74"
"25296.314083424","63","63","63"
"25306.855924416","70","70","70"
"25311.312994148","97","97","97"
"25321.855874019","99","99","99"
"25326.312175342","99","99","99"
"25336.854886944","96","96","96"
"25341.313103409","99","99","99"
"25351.855245926","60","60","60"
"25356.312517978","99","99","99"
"25366.85502153","99","99","99"
"25371.312229495","97","97","97"
"25381.855842967","65","65","65"
"25386.313552618","99","99","99"
"25396.855169709","99","99","99"
"25401.314461134","64","64","64"
"25411.8557144","74","74","74"
"25416.312129262","97","97","97"
"25426.854836105","97","97","97"
"25431.313163582","99","99","99"
"25441.85620249","61","61","61"
"25446.313022059","62","62","62"
"25456.855479465","96","96","96"
"25461.312382947","96","96","96"
"25471.855747196","97","97","97"
"25476.312074005","99","99","99"
"25486.855730914","97","97","97"
"25491.312790776","64","64","64"
"25501.85529825","63","63","63"
"25506.311782353","98","98","98"
"25516.854211981","97","97","97"
"25521.312762922","97","97","97"
"25531.855769371","90","90","90"
"25536.313071416","99","99","99"
"25546.857072206","96","96","96"
"25551.312840121","83","83","83"
"25561.855628792","58","58","58"
"25566.311691013","99","99","99"
"25576.85596588","97","97","97"
"25581.31269876","97","97","97"
"25591.855623615","87","87","87"
"25596.313794862","99","99","99"
"25606.854499578","97","97","97"
"25611.312283856","61","61","61"
"25621.856865071","99","99","99"
"25626.312608138","99","99","99"
"25636.855675706","65","65","65"
"25641.313438153","81","81","81"
"25651.855860417","96","96","96"
"25656.311663803","73","73","73"
"25666.854835035","65","65","65"
"25671.313004224","64","64","64"
"25681.856443944","98","98","98"
"25686.313026787","97","97","97"
"25696.855127211","64","64","64"
"25701.312600472","97","97","97"
"25711.856029628","99","99","99"
"25716.312924381","99","99","99"
"25726.854881474","99","99","99"
"25731.312869176","62","62","62"
"25741.855975022","88","88","88"
"25746.312416411","97","97","97"
"25756.854654089","61","61","61"
"25761.313084195","99","99","99"
"25771.85509277","99","99","99"
"25776.311752064","76","76","76"
"25786.856288221","60","60","60"
"25791.313050796","99","99","99"
"25801.856788017","99","99","99"
"25806.312997235","78","78","78"
"25816.856715908","56","56","56"
"25821.312882172","97","97","97"
"25831.856321147","97","97","97"
"25836.313192122","99","99","99"
"25846.855353179","61","61","61"
"25851.311582375","64","64","64"
"25861.854488887","97","97","97"
"25866.313617657","66","66","66"
"25876.855248039","64","64","64"
"25881.313749617","97","97","97"
"25891.855475456","61","61","61"
"25896.31425647","99","99","99"
"25906.854584875","98","98","98"
"25911.311604235","63","63","63"
"25921.857316846","78","78","78"
"25926.312638277","97","97","97"
"25936.856027593","99","99","99"
"25941.312041458","99","99","99"
"25951.855394911","89","89","89"
"25956.312388364","83","83","83"
"25966.855856595","96","96","96"
"25971.313934155","80","80","80"
"25981.855542142","63","63","63"
"25986.312817674","97","97","97"
"25996.856284056","97","97","97"
"26001.313017023","97","97","97"
"26011.854691219","60","60","60"
"26016.312149418","99","99","99"
"26026.855245256","99","99","99"
"26031.312602353","63","63","63"
"26041.854596137","75","75","75"
"26046.312118957","95","95","95"
"26056.855432417","99","99","99"
"26061.313473535","64","64","64"
"26071.854108796","87","87","87"
"26076.313140811","96","96","96"
"26086.85557573","99","99","99"
"26091.313324649","96","96","96"
"26101.854062868","66","66","66"
"26106.315023873","99","99","99"
"26116.855807655","99","99","99"
"26121.315524919","67","67","67"
"26131.855676097","97","97","97"
"26136.31199798","98","98","98"
"26146.854551906","90","90","90"
"26151.313319759","99","99","99"
"26161.854939558","73","73","73"
"26166.312003003","87","87","87"
"26176.855934487","97","97","97"
"26181.31344946","95","95","95"
"26191.855645987","95","95","95"
"26196.313003811","97","97","97"
"26206.855045347","59","59","59"
"26211.312770464","59","59","59"
"26221.854987459","99","99","99"
"26226.312410956","99","99","99"
"26236.855814562","96","96","96"
"26241.31319735","97","97","97"
"26251.856326904","60","60","60"
"26256.31361717","99","99","99"
"26266.855495274","94","94","94"
"26271.312219167","61","61","61"
"26281.855388994","69","69","69"
"26286.312713699","94","94","94"
"26296.856121153","97","97","97"
"26301.312482094","99","99","99"
"26311.855644568","60","60","60"
"26316.312287536","99","99","99"
"26326.854315708","70","70","70"
"26331.312199708","79","79","79"
"26341.855091605","99","99","99"
"26346.312745804","80","80","80"
"26356.858713464","97","97","97"
"26361.313710278","97","97","97"
"26371.854781289","79","79","79"
"26376.312988433","99","99","99"
"26386.855716799","96","96","96"
"26391.31290097","63","63","63"
"26401.855830963","97","97","97"
"26406.312841484","97","97","97"
"26416.855446011","60","60","60"
"26421.312620829","99","99","99"
"26431.859883727","97","97","97"
"26436.312489489","99","99","99"
"26446.857064331","69","69","69"
"26451.312862209","62","62","62"
"26461.855321433","97","97","97"
"26466.313187156","99","99","99"
"26476.858637114","60","60","60"
"26481.312343039","75","75","75"
"26491.854808569","86","86","86"
"26496.313116215","83","83","83"
"26506.856478522","96","96","96"
"26511.313691837","96","96","96"
"26521.855527381","61","61","61"
"26526.312204952","97","97","97"
"26536.855720399","97","97","97"
"26541.312695653","97","97","97"
"26551.8565814","99","99","99"
"26556.312216596","84","84","84"
"26566.856964609","68","68","68"
"26571.313246232","59","59","59"
"26581.856375919","52","52","52"
"26586.31213478","69","69","69"
"26596.85624399","97","97","97"
"26601.313064613","97","97","97"
"26611.855802412","99","99","99"
"26616.312601158","99","99","99"
"26626.856483821","65","65","65"
"26631.312124266","99","99","99"
"26641.855518526","99","99","99"
"26646.312259153","62","62","62"
"26656.854733853","73","73","73"
"26661.312984184","97","97","97"
"26671.855275001","97","97","97"
"26676.312893592","89","89","89"
"26686.855158087","59","59","59"
"26691.312759314","63","63","63"
"26701.854660111","97","97","97"
"26706.313042378","64","64","64"
"26716.854466897","86","86","86"
"26721.315136737","97","97","97"
"26731.855436853","97","97","97"
"26736.31517484","99","99","99"
"26746.855494911","97","97","97"
"26751.313440768","64","64","64"
"26761.856040122","60","60","60"
"26766.314095816","91","91","91"
"26776.85408019","97","97","97"
"26781.311570327","97","97","97"
"26791.856787733","99","99","99"
"26796.314863814","99","99","99"
"26806.856678958","90","90","90"
"26811.313784856","61","61","61"
"26821.854767483","99","99","99"
"26826.313769905","97","97","97"
"26836.855602082","82","82","82"
"26841.312805629","99","99","99"
"26851.854964225","99","99","99"
"26856.312646971","79","79","79"
"26866.856103789","90","90","90"
"26871.312545911","97","97","97"
"26881.856077291","99","99","99"
"26886.312507457","98","98","98"
"26896.854327252","62","62","62"
"26901.313844753","58","58","58"
"26911.855527267","99","99","99"
"26916.312900091","97","97","97"
"26926.85552779","70","70","70"
"26931.312538061","87","87","87"
"26941.856526443","99","99","99"
"26946.311732336","67","67","67"
"26956.855187018","58","58","58"
"26961.313212437","97","97","97"
"26971.856201525","97","97","97"
"26976.312643917","99","99","99"
"26986.855407466","95","95","95"
"26991.311998246","70","70","70"
"27001.856757983","72","72","72"
"27006.312470051","97","97","97"
"27016.855460011","65","65","65"
"27021.312308905","99","99","99"
"27031.855233501","99","99","99"
"27036.312449381","76","76","76"
"27046.855632135","97","97","97"
"27051.313170889","67","67","67"
"27061.854842645","60","60","60"
"27066.312370978","77","77","77"
"27076.855550261","97","97","97"
"27081.31334221","79","79","79"
"27091.855399403","68","68","68"
"27096.313339471","97","97","97"
"27106.855515404","99","99","99"
"27111.312248638","94","94","94"
"27121.856274141","99","99","99"
"27126.312895808","76","76","76"
"27136.855828286","99","99","99"
"27141.312792144","98","98","98"
"27151.855899757","97","97","97"
"27156.313809832","99","99","99"
"27166.853949007","70","70","70"
"27171.312126931","62","62","62"
"27181.854747916","59","59","59"
"27186.312539137","96","96","96"
"27196.856041967","99","99","99"
"27201.31325729","99","99","99"
"27211.855647535","79","79","79"
"27216.313085209","98","98","98"
"27226.85565847","99","99","99"
"27231.312617688","63","63","63"
"27241.856854374","98","98","98"
"27246.313914459","97","97","97"
"27256.856425712","99","99","99"
"27261.313235806","99","99","99"
"27271.856923202","60","60","60"
"27276.312648845","98","98","98"
"27286.855980959","97","97","97"
"27291.313412934","79","79","79"
"27301.855476747","60","60","60"
"27306.312321759","97","97","97"
"27316.856464456","97","97","97"
"27321.312740228","83","83","83"
"27331.85540314","66","66","66"
"27336.311881884","96","96","96"
"27346.854604038","99","99","99"
"27351.312177939","75","75","75"
"27361.855059684","96","96","96"
"27366.313408666","79","79","79"
"27376.854248336","99","99","99"
"27381.31251839","97","97","97"
"27391.855562259","99","99","99"
"27396.312711197","99","99","99"
"27406.854392026","99","99","99"
"27411.31291354","64","64","64"
"27421.85802426","97","97","97"
"27426.313592733","96","96","96"
"27436.855651224","97","97","97"
"27441.31303687","95","95","95"
"27451.85748448","86","86","86"
"27456.312152659","97","97","97"
"27466.855653244","99","99","99"
"27471.313503089","97","97","97"
"27481.855710002","99","99","99"
"27486.311806429","93","93","93"
"27496.858209878","90","90","90"
"27501.313194912","99","99","99"
"27511.855191935","99","99","99"
"27516.313875871","99","99","99"
"27526.855845033","63","63","63"
"27531.313236737","61","61","61"
"27541.855909186","97","97","97"
"27546.314508992","97","97","97"
"27556.855784033","59","59","59"
"27561.312122794","97","97","97"
"27571.855348279","97","97","97"
"27576.312351356","99","99","99"
"27586.855565817","88","88","88"
"27591.313291187","77","77","77"
"27601.85794406","58","58","58"
"27606.312684718","96","96","96"
"27616.858559688","96","96","96"
"27621.312947956","99","99","99"
"27631.855199472","80","80","80"
"27636.31258376","63","63","63"
"27646.856913856","97","97","97"
"27651.313517758","98","98","98"
"27661.855099202","64","64","64"
"27666.313211216","99","99","99"
"27676.855664129","96","96","96"
"27681.313131901","63","63","63"
"27691.854798496","99","99","99"
"27696.313642561","98","98","98"
"27706.856893025","87","87","87"
"27711.312033793","97","97","97"
"27721.856863261","98","98","98"
"27726.312754023","99","99","99"
"27736.854456762","99","99","99"
"27741.312061765","97","97","97"
"27751.855206524","84","84","84"
"27756.31343724","94","94","94"
"27766.854881736","59","59","59"
"27771.312129734","93","93","93"
"27781.85767656","97","97","97"
"27786.311379518","97","97","97"
"27796.857588051","63","63","63"
"27801.312551515","99","99","99"
"27811.855739109","97","97","97"
"27816.313404975","63","63","63"
"27826.856926786","95","95","95"
"27831.312397398","97","97","97"
"27841.855301245","97","97","97"
"27846.313289333","99","99","99"
"27856.856357083","97","97","97"
"27861.313734559","58","58","58"
"27871.855283142","76","76","76"
"27876.313137022","97","97","97"
"27886.854793267","97","97","97"
"27891.312772487","94","94","94"
"27901.855236728","63","63","63"
"27906.313606278","72","72","72"
"27916.854814432","99","99","99"
"27921.313145155","98","98","98"
"27931.854400489","96","96","96"
"27936.313167312","99","99","99"
"27946.854812322","91","91","91"
"27951.313188728","63","63","63"
"27961.858192673","97","97","97"
"27966.313138466","93","93","93"
"27976.855296995","90","90","90"
"27981.31258525","99","99","99"
"27991.855676079","97","97","97"
"27996.312597893","64","64","64"
"28006.854917056","91","91","91"
"28011.312995955","67","67","67"
"28021.855777602","89","89","89"
"28026.313056185","77","77","77"
"28036.855933211","97","97","97"
"28041.312737578","97","97","97"
"28051.856386378","96","96","96"
"28056.313273339","99","99","99"
"28066.856051194","97","97","97"
"28071.312219184","69","69","69"
"28081.855504015","97","97","97"
"28086.313479013","97","97","97"
"28096.855374751","97","97","97"
"28101.311998038","97","97","97"
"28111.855893315","67","67","67"
"28116.313272517","87","87","87"
"28126.854927772","96","96","96"
"28131.313434435","61","61","61"
"28141.854788283","97","97","97"
"28146.312897299","99","99","99"
"28156.855300331","85","85","85"
"28161.311486244","97","97","97"
"28171.855615726","93","93","93"
"28176.313083315","98","98","98"
"28186.854861901","97","97","97"
"28191.31301874","99","99","99"
"28201.855048574","59","59","59"
"28206.312628729","81","81","81"
"28216.855317605","97","97","97"
"28221.313078102","61","61","61"
"28231.855224667","60","60","60"
"28236.312328652","98","98","98"
"28246.855522247","99","99","99"
"28251.313194433","99","99","99"
"28261.855747696","93","93","93"
"28266.313078954","99","99","99"
"28276.854614456","99","99","99"
"28281.312673191","99","99","99"
"28291.85603621","87","87","87"
"28296.311779407","97","97","97"
"28306.854293345","96","96","96"
"28311.312868093","99","99","99"
"28321.854683507","59","59","59"
"28326.313038306","66","66","66"
"28336.85604907","97","97","97"
"28341.313269653","99","99","99"
"28351.855745649","61","61","61"
"28356.31322679","79","79","79"
"28366.855602628","99","99","99"
"28371.313123351","61","61","61"
"28381.855769642","60","60","60"
"28386.313473183","97","97","97"
"28396.855255933","99","99","99"
"28401.312357586","99","99","99"
"28411.854617778","60","60","60"
"28416.312271359","89","89","89"
"28426.855768906","99","99","99"
"28431.313005369","90","90","90"
"28441.854398659","91","91","91"
"28446.312455618","99","99","99"
"28456.855167646","97","97","97"
"28461.312429864","68","68","68"
"28471.85528551","60","60","60"
"28476.313559922","82","82","82"
"28486.855478088","97","97","97"
"28491.311693024","97","97","97"
"28501.855964938","77","77","77"
"28506.312891732","97","97","97"
"28516.855426277","97","97","97"
"28521.313620114","99","99","99"
"28531.855449528","60","60","60"
"28536.313470606","62","62","62"
"28546.854480967","99","99","99"
"28551.311875778","75","75","75"
"28561.854098177","94","94","94"
"28566.313852523","73","73","73"
"28576.856320372","99","99","99"
"28581.313806874","99","99","99"
"28591.855106613","71","71","71"
"28596.311456488","99","99","99"
"28606.855994504","99","99","99"
"28611.312670385","99","99","99"
"28621.855651568","82","82","82"
"28626.312684687","72","72","72"
"28636.856100556","99","99","99"
"28641.313677538","97","97","97"
"28651.855041214","60","60","60"
"28656.313076647","97","97","97"
"28666.855324283","98","98","98"
"28671.313188851","84","84","84"
"28681.856301143","60","60","60"
"28686.3122805","67","67","67"
"28696.854605311","99","99","99"
"28701.312131972","98","98","98"
"28711.855903951","98","98","98"
"28716.312708859","97","97","97"
"28726.854399549","96","96","96"
"28731.313116856","96","96","96"
"28741.854619692","88","88","88"
"28746.312911593","66","66","66"
"28756.856117163","97","97","97"
"28761.31245377","99","99","99"
"28771.855059055","41","41","41"
"28776.313019733","71","71","71"
"28786.855732493","99","99","99"
"28791.313121973","97","97","97"
"28801.855476558","62","62","62"
"28806.311982984","99","99","99"
"28816.855481197","96","96","96"
"28821.313235586","83","83","83"
"28831.855023766","59","59","59"
"28836.313255355","59","59","59"
"28846.855827155","97","97","97"
"28851.311856307","98","98","98"
"28861.85547088","73","73","73"
"28866.313334939","97","97","97"
"28876.855497622","67","67","67"
"28881.313069807","99","99","99"
"28891.855635224","99","99","99"
"28896.312839821","63","63","63"
"28906.855971139","61","61","61"
"28911.311385359","98","98","98"
"28921.85585801","99","99","99"
"28926.313851567","97","97","97"
"28936.855051727","60","60","60"
"28941.313587477","95","95","95"
"28951.856067688","97","97","97"
"28956.313229469","70","70","70"
"28966.855234631","61","61","61"
"28971.312612514","97","97","97"
"28981.855282722","99","99","99"
"28986.313134632","99","99","99"
"28996.855043842","82","82","82"
"29001.313573954","68","68","68"
"29011.85500094","97","97","97"
"29016.312876189","99","99","99"
"29026.855996295","93","93","93"
"29031.311977936","77","77","77"
"29041.854468673","97","97","97"
"29046.311965541","99","99","99"
"29056.856537075","99","99","99"
"29061.313385033","94","94","94"
"29071.855124405","90","90","90"
"29076.312120253","62","62","62"
"29086.854435392","99","99","99"
"29091.312905999","97","97","97"
"29101.855063165","61","61","61"
"29106.313116461","99","99","99"
"29116.856039616","89","89","89"
"29121.313532752","81","81","81"
"29131.855200603","99","99","99"
"29136.312983684","73","73","73"
"29146.854927958","99","99","99"
"29151.312490775","97","97","97"
"29161.855886966","97","97","97"
"29166.313227817","99","99","99"
"29176.855632914","99","99","99"
"29181.312996729","97","97","97"
"29191.857495539","99","99","99"
"29196.313818037","99","99","99"
"29206.855079046","89","89","89"
"29211.31224916","99","99","99"
"29221.855009371","67","67","67"
"29226.313138741","61","61","61"
"29236.855405695","59","59","59"
"29241.312139689","97","97","97"
"29251.856521864","97","97","97"
"29256.312402595","97","97","97"
"29266.855116938","97","97","97"
"29271.313703493","82","82","82"
"29281.8552041","97","97","97"
"29286.311762388","99","99","99"
"29296.855565181","99","99","99"
"29301.313257392","97","97","97"
"29311.855400418","97","97","97"
"29316.313570853","99","99","99"
"29326.856266761","99","99","99"
"29331.313133915","61","61","61"
"29341.856948554","99","99","99"
"29346.311691444","91","91","91"
"29356.855699445","61","61","61"
"29361.311747032","99","99","99"
"29371.855426739","80","80","80"
"29376.312757846","84","84","84"
"29386.855528932","97","97","97"
"29391.311655038","75","75","75"
"29401.855205722","99","99","99"
"29406.313212005","97","97","97"
"29416.856073957","92","92","92"
"29421.312481398","99","99","99"
"29431.855726109","63","63","63"
"29436.315619517","67","67","67"
"29446.855771529","96","96","96"
"29451.313144031","97","97","97"
"29461.855062083","97","97","97"
"29466.314150632","99","99","99"
"29476.85651039","99","99","99"
"29481.31207803","75","75","75"
"29491.855130701","63","63","63"
"29496.313500298","99","99","99"
"29506.853974351","59","59","59"
"29511.312385333","98","98","98"
"29521.854924737","87","87","87"
"29526.313144469","70","70","70"
"29536.855250499","97","97","97"
"29541.315187549","67","67","67"
"29551.855435481","99","99","99"
"29556.312946076","96","96","96"
"29566.856005402","97","97","97"
"29571.312017124","83","83","83"
"29581.854924667","64","64","64"
"29586.31244875","69","69","69"
"29596.856166971","83","83","83"
"29601.312675289","99","99","99"
"29611.854978418","97","97","97"
"29616.313239435","71","71","71"
"29626.854489289","78","78","78"
"29631.313142402","78","78","78"
"29641.854607351","63","63","63"
"29646.312243266","97","97","97"
"29656.856123414","97","97","97"
"29661.312204613","97","97","97"
"29671.854968644","99","99","99"
"29676.313357003","62","62","62"
"29686.854944998","99","99","99"
"29691.312826565","99","99","99"
"29701.855410041","63","63","63"
"29706.312321999","99","99","99"
"29716.855739741","97","97","97"
"29721.31296161","63","63","63"
"29731.854468747","63","63","63"
"29736.312498621","98","98","98"
"29746.854879412","79","79","79"
"29751.314288691","97","97","97"
"29761.85505557","97","97","97"
"29766.314655793","99","99","99"
"29776.855658498","99","99","99"
"29781.31212346","83","83","83"
"29791.854566367","98","98","98"
"29796.312204357","75","75","75"
"29806.854693437","61","61","61"
"29811.313262935","98","98","98"
"29821.856008899","73","73","73"
"29826.313034784","99","99","99"
"29836.855785099","97","97","97"
"29841.312894282","70","70","70"
"29851.855035181","96","96","96"
"29856.312307567","99","99","99"
"29866.854711259","99","99","99"
"29871.314928674","62","62","62"
"29881.854888778","65","65","65"
"29886.312474342","94","94","94"
"29896.855254835","97","97","97"
"29901.31314175","97","97","97"
"29911.85554821","97","97","97"
"29916.312301514","99","99","99"
"29926.85663694","99","99","99"
"29931.312294687","69","69","69"
"29941.855091546","74","74","74"
"29946.313044809","98","98","98"
"29956.855800393","73","73","73"
"29961.314027166","98","98","98"
"29971.855430104","97","97","97"
"29976.311796091","99","99","99"
"29986.855594129","63","63","63"
"29991.313122144","83","83","83"
"30001.857092345","97","97","97"
"30006.313610974","63","63","63"
"30016.856386543","97","97","97"
"30021.312332702","97","97","97"
"30031.856422331","98","98","98"
"30036.312497513","67","67","67"
"30046.855753986","97","97","97"
"30051.31235777","97","97","97"
"30061.854400718","99","99","99"
"30066.314007","99","99","99"
"30076.85533918","67","67","67"
"30081.312663825","99","99","99"
"30091.855479667","71","71","71"
"30096.312418526","95","95","95"
"30106.855793464","98","98","98"
"30111.313255569","77","77","77"
"30121.855351597","97","97","97"
"30126.312973975","70","70","70"
"30136.855835799","99","99","99"
"30141.313164161","97","97","97"
"30151.855823011","99","99","99"
"30156.312817927","95","95","95"
"30166.85500473","97","97","97"
"30171.313381331","99","99","99"
"30181.855053273","99","99","99"
"30186.31238776","99","99","99"
"30196.854975196","99","99","99"
"30201.313249527","97","97","97"
"30211.855605995","65","65","65"
"30216.312740584","56","56","56"
"30226.856678325","81","81","81"
"30231.312520537","68","68","68"
"30241.856099682","97","97","97"
"30246.312237976","64","64","64"
"30256.855199088","97","97","97"
"30261.313215129","79","79","79"
"30271.85598733","99","99","99"
"30276.31287688","95","95","95"
"30286.855808932","65","65","65"
"30291.313500592","99","99","99"
"30301.856128064","92","92","92"
"30306.312602063","78","78","78"
"30316.855113269","96","96","96"
"30321.312910083","66","66","66"
"30331.85513111","99","99","99"
"30336.31270165","88","88","88"
"30346.854532134","99","99","99"
"30351.312489033","97","97","97"
"30361.855522148","62","62","62"
"30366.311585528","99","99","99"
"30376.855488727","98","98","98"
"30381.31196776","97","97","97"
"30391.856121612","97","97","97"
"30396.311903501","97","97","97"
"30406.854730613","99","99","99"
"30411.313192052","99","99","99"
"30421.855828885","97","97","97"
"30426.312426287","99","99","99"
"30436.854816745","99","99","99"
"30441.312621882","99","99","99"
"30451.857149998","62","62","62"
"30456.313571689","78","78","78"
"30466.855814055","97","97","97"
"30471.311814793","97","97","97"
"30481.856675974","99","99","99"
"30486.312219971","98","98","98"
"30496.854830786","92","92","92"
"30501.31327456","97","97","97"
"30511.854924184","59","59","59"
"30516.314722573","95","95","95"
"30526.857934559","97","97","97"
"30531.312475544","86","86","86"
"30541.855389638","99","99","99"
"30546.314457727","63","63","63"
"30556.855954982","72","72","72"
"30561.315014846","90","90","90"
"30571.855415356","63","63","63"
"30576.312419661","95","95","95"
"30586.8551329","91","91","91"
"30591.312135257","98","98","98"
"30601.855858523","71","71","71"
"30606.313455937","97","97","97"
"30616.856048673","97","97","97"
"30621.313477518","99","99","99"
"30631.858122319","97","97","97"
"30636.312134251","99","99","99"
"30646.855142624","77","77","77"
"30651.31323785","81","81","81"
"30661.855846638","60","60","60"
"30666.313148635","64","64","64"
"30676.856259052","97","97","97"
"30681.31253707","93","93","93"
"30691.857647697","97","97","97"
"30696.311917859","97","97","97"
"30706.855775133","99","99","99"
"30711.314028649","70","70","70"
"30721.856216019","72","72","72"
"30726.312453293","60","60","60"
"30736.85555381","64","64","64"
"30741.312923587","99","99","99"
"30751.855301786","96","96","96"
"30756.313137088","97","97","97"
"30766.857568793","96","96","96"
"30771.312424107","97","97","97"
"30781.857510858","71","71","71"
"30786.312471016","97","97","97"
"30796.856658466","61","61","61"
"30801.311975487","99","99","99"
"30811.85606843","97","97","97"
"30816.313058142","99","99","99"
"30826.856626759","97","97","97"
"30831.312244355","63","63","63"
"30841.855192218","99","99","99"
"30846.313490383","80","80","80"
"30856.857412008","96","96","96"
"30861.312840801","99","99","99"
"30871.858627724","99","99","99"
"30876.312549915","83","83","83"
"30886.857083275","86","86","86"
"30891.313564655","65","65","65"
"30901.857330243","61","61","61"
"30906.313235621","82","82","82"
"30916.855711435","63","63","63"
"30921.312159196","97","97","97"
"30931.857368654","99","99","99"
"30936.312212419","98","98","98"
"30946.855431717","96","96","96"
"30951.312737583","97","97","97"
"30961.854766166","99","99","99"
"30966.313329946","99","99","99"
"30976.855007231","79","79","79"
"30981.313582983","64","64","64"
"30991.854883857","65","65","65"
"30996.314371172","64","64","64"
"31006.855638904","89","89","89"
"31011.312522276","90","90","90"
"31021.858320283","63","63","63"
"31026.312011746","97","97","97"
"31036.855411695","65","65","65"
"31041.311755937","98","98","98"
"31051.854892344","97","97","97"
"31056.313383198","99","99","99"
"31066.854598398","97","97","97"
"31071.31281899","99","99","99"
"31081.857128553","99","99","99"
"31086.312238429","84","84","84"
"31096.857697087","64","64","64"
"31101.312612864","94","94","94"
"31111.854619343","98","98","98"
"31116.313023419","64","64","64"
"31126.854770288","97","97","97"
"31131.313666403","99","99","99"
"31141.857063559","99","99","99"
"31146.313661094","96","96","96"
"31156.856341196","63","63","63"
"31161.312540599","63","63","63"
"31171.858182136","71","71","71"
"31176.312327161","68","68","68"
"31186.854831872","97","97","97"
"31191.31224511","99","99","99"
"31201.854707409","97","97","97"
"31206.312479845","97","97","97"
"31216.855685003","99","99","99"
"31221.313045155","99","99","99"
"31231.855563287","59","59","59"
"31236.312674117","99","99","99"
"31246.85520668","90","90","90"
"31251.313131283","84","84","84"
"31261.857059954","87","87","87"
"31266.313175355","64","64","64"
"31276.855143913","62","62","62"
"31281.312793884","64","64","64"
"31291.856508982","99","99","99"
"31296.312953573","82","82","82"
"31306.854776117","96","96","96"
"31311.314448033","99","99","99"
"31321.854785253","99","99","99"
"31326.313389098","99","99","99"
"31336.855444699","63","63","63"
"31341.312632889","85","85","85"
"31351.855529625","97","97","97"
"31356.313155574","62","62","62"
"31366.854745915","97","97","97"
"31371.311976448","96","96","96"
"31381.8555143","99","99","99"
"31386.313752885","81","81","81"
"31396.855320917","63","63","63"
"31401.312080113","65","65","65"
"31411.855581893","99","99","99"
"31416.312898084","88","88","88"
"31426.855063346","83","83","83"
"31431.312939881","93","93","93"
"31441.855477934","78","78","78"
"31446.313470715","98","98","98"
"31456.856362654","97","97","97"
"31461.31301543","97","97","97"
"31471.854334537","97","97","97"
"31476.312805207","97","97","97"
"31486.855751766","99","99","99"
"31491.312086283","99","99","99"
"31501.855851176","70","70","70"
"31506.313005078","69","69","69"
"31516.854582015","90","90","90"
"31521.312893935","59","59","59"
"31531.855400931","98","98","98"
"31536.312956126","82","82","82"
"31546.854614122","97","97","97"
"31551.313429561","98","98","98"
"31561.855101574","99","99","99"
"31566.312547479","64","64","64"
"31576.854210484","82","82","82"
"31581.312579932","72","72","72"
"31591.855462352","63","63","63"
"31596.313074059","97","97","97"
"31606.854126391","96","96","96"
"31611.312253525","99","99","99"
"31621.855235171","99","99","99"
"31626.312736089","97","97","97"
"31636.855914637","99","99","99"
"31641.312335884","97","97","97"
"31651.856177436","58","58","58"
"31656.313084431","99","99","99"
"31666.855538325","97","97","97"
"31671.314763251","89","89","89"
"31681.855105331","57","57","57"
"31686.311894543","73","73","73"
"31696.855096263","88","88","88"
"31701.312976592","99","99","99"
"31711.854582239","97","97","97"
"31716.312915503","96","96","96"
"31726.854232748","97","97","97"
"31731.311995725","64","64","64"
"31741.855425655","99","99","99"
"31746.312655561","97","97","97"
"31756.855459636","72","72","72"
"31761.312621987","97","97","97"
"31771.855701976","61","61","61"
"31776.312907534","57","57","57"
"31786.854929712","96","96","96"
"31791.312478708","99","99","99"
"31801.855690345","99","99","99"
"31806.312187125","99","99","99"
"31816.85529335","99","99","99"
"31821.312707177","84","84","84"
"31831.85581926","66","66","66"
"31836.312878405","64","64","64"
"31846.855324162","99","99","99"
"31851.311332103","64","64","64"
"31861.855033283","94","94","94"
"31866.313129795","73","73","73"
"31876.855246049","99","99","99"
"31881.312680995","98","98","98"
"31891.855824773","67","67","67"
"31896.313070614","98","98","98"
"31906.855677425","61","61","61"
"31911.312627036","99","99","99"
"31921.85483895","97","97","97"
"31926.312683332","81","81","81"
"31936.85585426","99","99","99"
"31941.312031182","76","76","76"
"31951.856081259","86","86","86"
"31956.312862948","66","66","66"
"31966.854566003","92","92","92"
"31971.31214569","95","95","95"
"31981.855872363","97","97","97"
"31986.313752906","85","85","85"
"31996.855082709","99","99","99"
"32001.311881148","61","61","61"
"32011.855729638","96","96","96"
"32016.311855908","97","97","97"
"32026.854824744","64","64","64"
"32031.312661839","99","99","99"
"32041.855827785","64","64","64"
"32046.313906806","68","68","68"
"32056.855378495","97","97","97"
"32061.313620561","95","95","95"
"32071.85539287","97","97","97"
"32076.313772497","98","98","98"
"32086.855257966","99","99","99"
"32091.313198986","99","99","99"
"32101.855774277","99","99","99"
"32106.311467471","63","63","63"
"32116.855388196","97","97","97"
"32121.314268526","97","97","97"
"32131.855821281","97","97","97"
"32136.312530983","98","98","98"
"32146.854962552","97","97","97"
"32151.312545429","97","97","97"
"32161.855923351","99","99","99"
"32166.314150402","99","99","99"
"32176.855467083","77","77","77"
"32181.313323527","89","89","89"
"32191.854577631","62","62","62"
"32196.313221213","72","72","72"
"32206.854802902","82","82","82"
"32211.31227819","96","96","96"
"32221.855811887","97","97","97"
"32226.3126611","99","99","99"
"32236.855290489","97","97","97"
"32241.311963606","62","62","62"
"32251.856123052","99","99","99"
"32256.312692331","85","85","85"
"32266.855958069","73","73","73"
"32271.311657836","97","97","97"
"32281.855414765","97","97","97"
"32286.312936598","95","95","95"
"32296.85570392","99","99","99"
"32301.312932562","99","99","99"
"32311.855060075","99","99","99"
"32316.312115769","99","99","99"
"32326.855353376","94","94","94"
"32331.312848376","63","63","63"
"32341.855558026","62","62","62"
"32346.313121196","96","96","96"
"32356.855399683","92","92","92"
"32361.312281463","99","99","99"
"32371.854886778","73","73","73"
"32376.312235746","88","88","88"
"32386.855746388","97","97","97"
"32391.312184429","68","68","68"
"32401.855018988","99","99","99"
"32406.312343664","99","99","99"
"32416.854637533","97","97","97"
"32421.313202379","79","79","79"
"32431.855253367","97","97","97"
"32436.313196001","99","99","99"
"32446.855197008","99","99","99"
"32451.312655915","97","97","97"
"32461.855475319","99","99","99"
"32466.313247252","99","99","99"
"32476.855420813","99","99","99"
"32481.312313925","65","65","65"
"32491.854893834","99","99","99"
"32496.313902947","99","99","99"
"32506.856135281","99","99","99"
"32511.313278074","97","97","97"
"32521.855493055","78","78","78"
"32526.313085345","77","77","77"
"32536.85480575","97","97","97"
"32541.312912009","97","97","97"
"32551.855791183","97","97","97"
"32556.312149978","97","97","97"
"32566.856460829","97","97","97"
"32571.31366145","99","99","99"
"32581.854805769","99","99","99"
"32586.312223773","97","97","97"
"32596.855162787","99","99","99"
"32601.312303496","99","99","99"
"32611.856715493","99","99","99"
"32616.311703574","99","99","99"
"32626.855168555","99","99","99"
"32631.311695367","99","99","99"
"32641.856173543","94","94","94"
"32646.312943253","99","99","99"
"32656.855658109","68","68","68"
"32661.313409603","76","76","76"
"32671.856843928","63","63","63"
"32676.313727193","68","68","68"
"32686.854287099","63","63","63"
"32691.313762226","97","97","97"
"32701.855306531","99","99","99"
"32706.312688206","99","99","99"
"32716.855720988","99","99","99"
"32721.314242793","69","69","69"
"32731.855289984","99","99","99"
"32736.313253459","97","97","97"
"32746.855572966","86","86","86"
"32751.312832126","99","99","99"
"32761.855669155","63","63","63"
"32766.31275119","98","98","98"
"32776.854918735","64","64","64"
"32781.31171043","99","99","99"
"32791.854033004","99","99","99"
"32796.312928892","99","99","99"
"32806.855767923","77","77","77"
"32811.312736609","73","73","73"
"32821.855679942","78","78","78"
"32826.312651887","98","98","98"
"32836.855687304","65","65","65"
"32841.313172955","69","69","69"
"32851.855427328","63","63","63"
"32856.313016835","96","96","96"
"32866.855469088","64","64","64"
"32871.311396031","99","99","99"
"32881.856188689","74","74","74"
"32886.313272384","96","96","96"
"32896.856053323","63","63","63"
"32901.313852556","66","66","66"
"32911.8563311","64","64","64"
"32916.313253189","64","64","64"
"32926.855580621","96","96","96"
"32931.312935394","65","65","65"
"32941.85864287","97","97","97"
"32946.313013503","79","79","79"
"32956.855978433","61","61","61"
"32961.312667231","94","94","94"
"32971.855225127","78","78","78"
"32976.313789255","98","98","98"
"32986.855918048","98","98","98"
"32991.313021505","98","98","98"
"33001.856545421","97","97","97"
"33006.312527243","58","58","58"
"33016.854925677","97","97","97"
"33021.312405299","64","64","64"
"33031.856553007","97","97","97"
"33036.313054432","72","72","72"
"33046.854791175","99","99","99"
"33051.312219219","98","98","98"
"33061.855144786","96","96","96"
"33066.313580042","96","96","96"
"33076.855000554","97","97","97"
"33081.311499092","98","98","98"
"33091.855191694","97","97","97"
"33096.312799076","99","99","99"
"33106.855899948","97","97","97"
"33111.312821204","62","62","62"
"33121.855556768","61","61","61"
"33126.312841726","98","98","98"
"33136.856070977","76","76","76"
"33141.3132089","97","97","97"
"33151.855942645","71","71","71"
"33156.312384441","99","99","99"
"33166.856108694","98","98","98"
"33171.312624026","90","90","90"
"33181.856028235","97","97","97"
"33186.312725781","64","64","64"
"33196.855850299","97","97","97"
"33201.312931417","56","56","56"
"33211.855304931","97","97","97"
"33216.313151348","65","65","65"
"33226.856161579","97","97","97"
"33231.313037616","96","96","96"
"33241.855218855","96","96","96"
"33246.313129449","96","96","96"
"33256.854464442","99","99","99"
"33261.313026909","60","60","60"
"33271.855853014","99","99","99"
"33276.314063165","97","97","97"
"33286.856169547","95","95","95"
"33291.313191577","99","99","99"
"33301.855872767","69","69","69"
"33306.31319006","90","90","90"
"33316.855100746","62","62","62"
"33321.312937301","56","56","56"
"33331.856165323","76","76","76"
"33336.312231976","97","97","97"
"33346.85519128","94","94","94"
"33351.312325801","99","99","99"
"33361.85567293","97","97","97"
"33366.313815435","99","99","99"
"33376.854997551","64","64","64"
"33381.313522596","63","63","63"
"33391.856235838","76","76","76"
"33396.313293497","98","98","98"
"33406.855455337","59","59","59"
"33411.315313293","99","99","99"
"33421.855944119","67","67","67"
"33426.31195555","98","98","98"
"33436.855581096","73","73","73"
"33441.313943112","97","97","97"
"33451.855193335","64","64","64"
"33456.312340842","99","99","99"
"33466.855699497","64","64","64"
"33471.312674897","81","81","81"
"33481.854752096","60","60","60"
"33486.312181004","97","97","97"
"33496.855133983","72","72","72"
"33501.312430643","97","97","97"
"33511.855637735","97","97","97"
"33516.312618312","90","90","90"
"33526.856072053","97","97","97"
"33531.313870082","94","94","94"
"33541.854656031","99","99","99"
"33546.312752769","98","98","98"
"33556.855742442","96","96","96"
"33561.313217349","98","98","98"
"33571.856198416","98","98","98"
"33576.313215693","77","77","77"
"33586.857076104","98","98","98"
"33591.313234528","97","97","97"
"33601.857677579","98","98","98"
"33606.313110647","99","99","99"
"33616.854885926","99","99","99"
"33621.313496694","63","63","63"
"33631.856026002","99","99","99"
"33636.313598705","66","66","66"
"33646.855866214","99","99","99"
"33651.312260369","97","97","97"
"33661.855078388","99","99","99"
"33666.312840287","99","99","99"
"33676.855145067","87","87","87"
"33681.313331159","99","99","99"
"33691.855302016","61","61","61"
"33696.313829068","99","99","99"
"33706.855157784","97","97","97"
"33711.313645269","99","99","99"
"33721.855056367","99","99","99"
"33726.313890596","99","99","99"
"33736.855077959","96","96","96"
"33741.312854392","99","99","99"
"33751.854763843","97","97","97"
"33756.312826562","59","59","59"
"33766.855261092","97","97","97"
"33771.312123895","98","98","98"
"33781.855766209","97","97","97"
"33786.313126035","97","97","97"
"33796.855183035","97","97","97"
"33801.313219735","99","99","99"
"33811.855265929","97","97","97"
"33816.313377865","97","97","97"
"33826.855872541","99","99","99"
"33831.313128864","97","97","97"
"33841.85520051","97","97","97"
"33846.312398261","99","99","99"
"33856.855420766","92","92","92"
"33861.311569251","99","99","99"
"33871.855375267","99","99","99"
"33876.313095188","97","97","97"
"33886.854176209","97","97","97"
"33891.312621772","99","99","99"
"33901.854819649","97","97","97"
"33906.312167546","99","99","99"
"33916.854978262","97","97","97"
"33921.313581067","65","65","65"
"33931.855132212","96","96","96"
"33936.313326736","64","64","64"
"33946.855212743","97","97","97"
"33951.314761037","70","70","70"
"33961.855322289","63","63","63"
"33966.311807112","99","99","99"
"33976.8570652","68","68","68"
"33981.312089489","84","84","84"
"33991.855529685","65","65","65"
"33996.313601964","97","97","97"
"34006.855060907","99","99","99"
"34011.31376573","92","92","92"
"34021.855082864","97","97","97"
"34026.313462834","64","64","64"
"34036.854381324","97","97","97"
"34041.31265196","69","69","69"
"34051.854741018","97","97","97"
"34056.312540528","79","79","79"
"34066.854292788","97","97","97"
"34071.312966241","79","79","79"
"34081.856057716","98","98","98"
"34086.311295813","99","99","99"
"34096.85474988","97","97","97"
"34101.313018129","97","97","97"
"34111.854815562","97","97","97"
"34116.313719287","98","98","98"
"34126.855942216","80","80","80"
"34131.312759329","95","95","95"
"34141.854867013","60","60","60"
"34146.312628896","95","95","95"
"34156.854757681","65","65","65"
"34161.312815185","96","96","96"
"34171.855355866","66","66","66"
"34176.312260262","99","99","99"
"34186.85592296","99","99","99"
"34191.313166462","92","92","92"
"34201.855424743","97","97","97"
"34206.311419413","63","63","63"
"34216.855433345","98","98","98"
"34221.312773244","67","67","67"
"34231.855436213","97","97","97"
"34236.313633905","97","97","97"
"34246.854348422","97","97","97"
"34251.312411047","99","99","99"
"34261.855811604","99","99","99"
"34266.311914967","62","62","62"
"34276.856297209","99","99","99"
"34281.313558274","99","99","99"
"34291.855458232","99","99","99"
"34296.313568211","78","78","78"
"34306.855669552","99","99","99"
"34311.312678328","63","63","63"
"34321.855022218","89","89","89"
"34326.312695427","69","69","69"
"34336.855553542","63","63","63"
"34341.314338323","97","97","97"
"34351.855434146","63","63","63"
"34356.314026087","99","99","99"
"34366.856565107","99","99","99"
"34371.312493609","63","63","63"
"34381.854785592","83","83","83"
"34386.313551519","86","86","86"
"34396.85554291","99","99","99"
"34401.312697939","96","96","96"
"34411.85570844","98","98","98"
"34416.312369224","99","99","99"
"34426.854778147","74","74","74"
"34431.313127183","58","58","58"
"34441.856305262","70","70","70"
"34446.31304039","99","99","99"
"34456.855283303","67","67","67"
"34461.311588364","61","61","61"
"34471.855622998","99","99","99"
"34476.31290407","97","97","97"
"34486.855617823","99","99","99"
"34491.313464207","98","98","98"
"34501.854199724","97","97","97"
"34506.313869078","97","97","97"
"34516.855504193","99","99","99"
"34521.312637098","99","99","99"
"34531.855687697","99","99","99"
"34536.312195925","99","99","99"
"34546.855905962","98","98","98"
"34551.314134008","84","84","84"
"34561.855506112","98","98","98"
"34566.312980179","63","63","63"
"34576.854906268","98","98","98"
"34581.313246447","99","99","99"
"34591.854625633","97","97","97"
"34596.312788284","96","96","96"
"34606.855286929","97","97","97"
"34611.312617714","97","97","97"
"34621.855448824","97","97","97"
"34626.312613779","99","99","99"
"34636.85655592","99","99","99"
"34641.31317857","99","99","99"
"34651.855709958","92","92","92"
"34656.31272222","60","60","60"
"34666.857416322","78","78","78"
"34671.311572387","85","85","85"
"34681.855408738","63","63","63"
"34686.313667095","98","98","98"
"34696.856211145","99","99","99"
"34701.313694176","63","63","63"
"34711.855259096","99","99","99"
"34716.311995433","93","93","93"
"34726.856361146","99","99","99"
"34731.311884844","98","98","98"
"34741.857041732","99","99","99"
"34746.312923107","97","97","97"
"34756.855619177","99","99","99"
"34761.312600994","99","99","99"
"34771.855385536","96","96","96"
"34776.312484442","99","99","99"
"34786.855707335","94","94","94"
"34791.313566906","99","99","99"
"34801.854852634","98","98","98"
"34806.312886148","60","60","60"
"34816.854911373","97","97","97"
"34821.313132259","70","70","70"
"34831.855614036","96","96","96"
"34836.312847116","60","60","60"
"34846.855047645","97","97","97"
"34851.311658724","93","93","93"
"34861.8566545","96","96","96"
"34866.312274387","99","99","99"
"34876.855309899","97","97","97"
"34881.314109581","73","73","73"
"34891.855425958","99","99","99"
"34896.312240271","63","63","63"
"34906.854621354","97","97","97"
"34911.311443394","84","84","84"
"34921.854673447","98","98","98"
"34926.313189009","97","97","97"
"34936.855393961","98","98","98"
"34941.312591408","99","99","99"
"34951.854757724","97","97","97"
"34956.31320744","99","99","99"
"34966.854896976","63","63","63"
"34971.313011181","83","83","83"
"34981.854091254","53","53","53"
"34986.313701565","64","64","64"
"34996.854670114","57","57","57"
"35001.31253717","79","79","79"
"35011.855528946","65","65","65"
"35016.31243755","95","95","95"
"35026.855054827","63","63","63"
"35031.313868169","97","97","97"
"35041.854957623","64","64","64"
"35046.312178481","99","99","99"
"35056.85631539","69","69","69"
"35061.312817487","99","99","99"
"35071.85469426","64","64","64"
"35076.312830847","97","97","97"
"35086.854717765","64","64","64"
"35091.312355455","72","72","72"
"35101.855365986","62","62","62"
"35106.312349192","63","63","63"
"35116.855999305","82","82","82"
"35121.312456169","81","81","81"
"35131.855771364","71","71","71"
"35136.312657648","97","97","97"
"35146.856119543","74","74","74"
"35151.312225365","77","77","77"
"35161.855518135","99","99","99"
"35166.312050473","85","85","85"
"35176.856263097","99","99","99"
"35181.312382442","64","64","64"
"35191.855010716","98","98","98"
"35196.312912089","95","95","95"
"35206.85462998","95","95","95"
"35211.312769666","98","98","98"
"35221.855411617","97","97","97"
"35226.313974888","96","96","96"
"35236.855034258","99","99","99"
"35241.313555815","99","99","99"
"35251.855148887","99","99","99"
"35256.313269691","99","99","99"
"35266.855206996","99","99","99"
"35271.312101175","79","79","79"
"35281.855808067","99","99","99"
"35286.313021179","63","63","63"
"35296.855550873","87","87","87"
"35301.313056675","97","97","97"
"35311.856071786","80","80","80"
"35316.312971319","99","99","99"
"35326.854407527","71","71","71"
"35331.311695749","74","74","74"
"35341.854404597","63","63","63"
"35346.313581059","63","63","63"
"35356.856626048","68","68","68"
"35361.31277009","73","73","73"
"35371.85597691","74","74","74"
"35376.312159776","97","97","97"
"35386.854727568","99","99","99"
"35391.313658655","96","96","96"
"35401.855398479","99","99","99"
"35406.31243953","99","99","99"
"35416.855733812","97","97","97"
"35421.312025184","98","98","98"
"35431.855972076","99","99","99"
"35436.31211575","66","66","66"
"35446.855235748","99","99","99"
"35451.313027159","64","64","64"
"35461.856607257","99","99","99"
"35466.312847781","92","92","92"
"35476.855005402","99","99","99"
"35481.313101464","97","97","97"
"35491.856808947","99","99","99"
"35496.31273636","97","97","97"
"35506.855993491","99","99","99"
"35511.312727106","99","99","99"
"35521.856153668","90","90","90"
"35526.315314732","99","99","99"
"35536.854393808","70","70","70"
"35541.311488857","88","88","88"
"35551.854265561","69","69","69"
"35556.313075026","97","97","97"
"35566.854650149","61","61","61"
"35571.312643386","99","99","99"
"35581.854105175","64","64","64"
"35586.311543744","99","99","99"
"35596.854574691","99","99","99"
"35601.312066503","64","64","64"
"35611.854577332","99","99","99"
"35616.313343166","73","73","73"
"35626.854884179","99","99","99"
"35631.312842569","99","99","99"
"35641.854759721","99","99","99"
"35646.314210839","97","97","97"
"35656.854935519","70","70","70"
"35661.312818923","97","97","97"
"35671.855591827","64","64","64"
"35676.313811463","99","99","99"
"35686.855642311","64","64","64"
"35691.312077335","97","97","97"
"35701.854895203","64","64","64"
"35706.312536806","63","63","63"
"35716.8563743","67","67","67"
"35721.312517648","97","97","97"
"35731.855056807","64","64","64"
"35736.314644545","99","99","99"
"35746.855851377","66","66","66"
"35751.314903259","55","55","55"
"35761.85598397","91","91","91"
"35766.31279403","99","99","99"
"35776.855277913","87","87","87"
"35781.312221336","74","74","74"
"35791.856190303","98","98","98"
"35796.312185107","99","99","99"
"35806.85458154","98","98","98"
"35811.312409194","75","75","75"
"35821.853981285","99","99","99"
"35826.314180131","97","97","97"
"35836.855981887","99","99","99"
"35841.312682683","55","55","55"
"35851.855867424","99","99","99"
"35856.313480963","99","99","99"
"35866.855703425","99","99","99"
"35871.31307444","63","63","63"
"35881.855235206","99","99","99"
"35886.313246482","99","99","99"
"35896.856089609","91","91","91"
"35901.312871479","71","71","71"
"35911.854619205","99","99","99"
"35916.311831897","99","99","99"
"35926.854800873","99","99","99"
"35931.313318418","98","98","98"
"35941.855457749","99","99","99"
"35946.313410519","85","85","85"
"35956.85464963","91","91","91"
"35961.313005636","97","97","97"
"35971.855742229","64","64","64"
"35976.31283296","97","97","97"
"35986.856652963","82","82","82"
"35991.312443173","59","59","59"
"36001.856104614","89","89","89"
"36006.313126963","97","97","97"
"36016.856116829","78","78","78"
"36021.31269693","60","60","60"
"36031.855581857","99","99","99"
"36036.312165844","97","97","97"
"36046.857865607","97","97","97"
"36051.312482376","78","78","78"
"36061.856788966","97","97","97"
"36066.312164126","97","97","97"
"36076.857568099","93","93","93"
"36081.312591812","59","59","59"
"36091.857494631","78","78","78"
"36096.313069802","97","97","97"
"36106.855165967","66","66","66"
"36111.313386167","61","61","61"
"36121.855468259","63","63","63"
"36126.313206015","99","99","99"
"36136.856111946","64","64","64"
"36141.313385305","97","97","97"
"36151.855128724","64","64","64"
"36156.312505417","62","62","62"
"36166.85523474","64","64","64"
"36171.312744926","99","99","99"
"36181.855373892","75","75","75"
"36186.3126411","60","60","60"
"36196.856058229","67","67","67"
"36201.312710413","96","96","96"
"36211.857318882","79","79","79"
"36216.312690217","95","95","95"
"36226.856162029","82","82","82"
"36231.312163909","97","97","97"
"36241.85509857","97","97","97"
"36246.312659794","99","99","99"
"36256.855508385","98","98","98"
"36261.313323365","99","99","99"
"36271.855216533","97","97","97"
"36276.312894472","86","86","86"
"36286.855735296","97","97","97"
"36291.31250154","97","97","97"
"36301.854915762","97","97","97"
"36306.312444092","67","67","67"
"36316.856007988","97","97","97"
"36321.312214483","97","97","97"
"36331.854936471","97","97","97"
"36336.312854169","60","60","60"
"36346.85449995","97","97","97"
"36351.313070152","97","97","97"
"36361.854206385","98","98","98"
"36366.3132834","61","61","61"
"36376.854832385","98","98","98"
"36381.313255096","97","97","97"
"36391.854433236","99","99","99"
"36396.314881084","73","73","73"
"36406.85583116","99","99","99"
"36411.312662936","72","72","72"
"36421.854906776","97","97","97"
"36426.312789759","99","99","99"
"36436.854375474","99","99","99"
"36441.313383708","76","76","76"
"36451.85510041","99","99","99"
"36456.313321507","99","99","99"
"36466.854812274","99","99","99"
"36471.31274191","64","64","64"
"36481.855865935","99","99","99"
"36486.312602103","97","97","97"
"36496.854531225","92","92","92"
"36501.313348806","60","60","60"
"36511.8558811","99","99","99"
"36516.311841173","97","97","97"
"36526.857194934","64","64","64"
"36531.312811219","87","87","87"
"36541.857335266","69","69","69"
"36546.312162921","97","97","97"
"36556.855120254","84","84","84"
"36561.312906245","78","78","78"
"36571.85546281","70","70","70"
"36576.313016921","93","93","93"
"36586.855095507","66","66","66"
"36591.31196609","97","97","97"
"36601.854509553","90","90","90"
"36606.312742882","98","98","98"
"36616.854480874","99","99","99"
"36621.312517812","92","92","92"
"36631.854859698","96","96","96"
"36636.313032036","99","99","99"
"36646.857814737","97","97","97"
"36651.312444864","62","62","62"
"36661.85505157","63","63","63"
"36666.312764457","97","97","97"
"36676.855444833","64","64","64"
"36681.313477589","60","60","60"
"36691.855094171","93","93","93"
"36696.313882966","97","97","97"
"36706.855002292","93","93","93"
"36711.312723398","78","78","78"
"36721.855275042","96","96","96"
"36726.312166404","97","97","97"
"36736.856096681","97","97","97"
"36741.312459377","91","91","91"
"36751.855769074","98","98","98"
"36756.312096053","98","98","98"
"36766.855506101","97","97","97"
"36771.3115699","99","99","99"
"36781.855745167","97","97","97"
"36786.311930444","97","97","97"
"36796.855441578","97","97","97"
"36801.312785709","93","93","93"
"36811.855156628","99","99","99"
"36816.312138697","97","97","97"
"36826.854801765","99","99","99"
"36831.313693016","97","97","97"
"36841.854830842","99","99","99"
"36846.313154804","62","62","62"
"36856.85628941","99","99","99"
"36861.313215188","97","97","97"
"36871.855059732","84","84","84"
"36876.312771349","82","82","82"
"36886.855293765","94","94","94"
"36891.315732433","73","73","73"
"36901.855877778","60","60","60"
"36906.312791208","91","91","91"
"36916.855728492","99","99","99"
"36921.313442001","97","97","97"
"36931.855723765","84","84","84"
"36936.312622862","98","98","98"
"36946.855160087","60","60","60"
"36951.3129904","98","98","98"
"36961.855053123","81","81","81"
"36966.312772303","97","97","97"
"36976.855025628","95","95","95"
"36981.312818778","99","99","99"
"36991.855588837","97","97","97"
"36996.313095896","84","84","84"
"37006.855161349","99","99","99"
"37011.312656363","98","98","98"
"37021.856280321","99","99","99"
"37026.312334506","97","97","97"
"37036.855116052","68","68","68"
"37041.313651298","97","97","97"
"37051.855099959","63","63","63"
"37056.313963299","99","99","99"
"37066.855677762","66","66","66"
"37071.312369186","99","99","99"
"37081.854843162","97","97","97"
"37086.313021921","80","80","80"
"37096.855548274","97","97","97"
"37101.312076667","64","64","64"
"37111.855724007","99","99","99"
"37116.313464119","70","70","70"
"37126.855439772","99","99","99"
"37131.312470499","96","96","96"
"37141.85612114","75","75","75"
"37146.312817256","99","99","99"
"37156.854787317","68","68","68"
"37161.313021037","99","99","99"
"37171.855140824","99","99","99"
"37176.313459181","83","83","83"
"37186.855420961","97","97","97"
"37191.31289457","98","98","98"
"37201.855504187","99","99","99"
"37206.311862198","64","64","64"
"37216.85509821","99","99","99"
"37221.313025368","76","76","76"
"37231.855350008","62","62","62"
"37236.3127481","99","99","99"
"37246.856474449","63","63","63"
"37251.312944581","71","71","71"
"37261.855126968","62","62","62"
"37266.31229295","65","65","65"
"37276.854908594","99","99","99"
"37281.312891903","78","78","78"
"37291.856026514","97","97","97"
"37296.313381905","98","98","98"
"37306.855389747","99","99","99"
"37311.313020019","97","97","97"
"37321.855246626","98","98","98"
"37326.312128022","98","98","98"
"37336.856195859","97","97","97"
"37341.312976275","97","97","97"
"37351.855559832","99","99","99"
"37356.31197052","99","99","99"
"37366.855152431","70","70","70"
"37371.312449125","99","99","99"
"37381.858263587","67","67","67"
"37386.312329882","99","99","99"
"37396.855796555","86","86","86"
"37401.312221974","69","69","69"
"37411.854300333","97","97","97"
"37416.312149364","98","98","98"
"37426.854122699","96","96","96"
"37431.313044479","97","97","97"
"37441.856513487","96","96","96"
"37446.312984484","99","99","99"
"37456.855366709","99","99","99"
"37461.313562177","99","99","99"
"37471.856069449","99","99","99"
"37476.31184663","70","70","70"
"37486.856019051","99","99","99"
"37491.312678744","71","71","71"
"37501.8560156","81","81","81"
"37506.313072593","99","99","99"
"37516.855887993","97","97","97"
"37521.312838758","98","98","98"
"37531.854889973","97","97","97"
"37536.312507062","98","98","98"
"37546.855408275","97","97","97"
"37551.313062578","99","99","99"
"37561.855338245","99","99","99"
"37566.312602927","94","94","94"
"37576.856040809","99","99","99"
"37581.312409308","63","63","63"
"37591.856052464","98","98","98"
"37596.312170764","84","84","84"
"37606.855250347","68","68","68"
"37611.313513498","98","98","98"
"37621.855082527","63","63","63"
"37626.312845153","97","97","97"
"37636.855104578","73","73","73"
"37641.312889233","99","99","99"
"37651.856253157","96","96","96"
"37656.314083262","82","82","82"
"37666.855219745","97","97","97"
"37671.313851765","61","61","61"
"37681.855921055","99","99","99"
"37686.314132356","99","99","99"
"37696.856617263","99","99","99"
"37701.314147988","99","99","99"
"37711.855489548","64","64","64"
"37716.313292221","99","99","99"
"37726.855535553","69","69","69"
"37731.312714903","84","84","84"
"37741.854719913","96","96","96"
"37746.312282313","65","65","65"
"37756.855775613","99","99","99"
"37761.312340952","64","64","64"
"37771.855866438","72","72","72"
"37776.312486836","99","99","99"
"37786.855584845","96","96","96"
"37791.31277661","97","97","97"
"37801.855154855","99","99","99"
"37806.313482426","99","99","99"
"37816.856216547","99","99","99"
"37821.31341142","88","88","88"
"37831.855904292","63","63","63"
"37836.312343567","50","50","50"
"37846.855741199","76","76","76"
"37851.313333675","97","97","97"
"37861.855561431","75","75","75"
"37866.312443808","97","97","97"
"37876.855215774","99","99","99"
"37881.313564226","99","99","99"
"37891.856083375","97","97","97"
"37896.312499012","99","99","99"
"37906.855642019","97","97","97"
"37911.313451557","97","97","97"
"37921.855944776","61","61","61"
"37926.312108778","99","99","99"
"37936.854959521","63","63","63"
"37941.312528522","99","99","99"
"37951.855159921","91","91","91"
"37956.312571825","66","66","66"
"37966.856375737","98","98","98"
"37971.31261401","64","64","64"
"37981.855452105","98","98","98"
"37986.31324485","84","84","84"
"37996.85461721","86","86","86"
"38001.313558418","98","98","98"
"38011.858525884","62","62","62"
"38016.314871413","97","97","97"
"38026.855933009","89","89","89"
"38031.313689899","98","98","98"
"38041.854127872","98","98","98"
"38046.31348997","97","97","97"
"38056.856469084","99","99","99"
"38061.314775327","99","99","99"
"38071.856065641","63","63","63"
"38076.312054714","99","99","99"
"38086.856492308","63","63","63"
"38091.312526307","99","99","99"
"38101.856152655","77","77","77"
"38106.312791985","97","97","97"
"38116.85451939","96","96","96"
"38121.313407429","97","97","97"
"38131.856525408","97","97","97"
"38136.312493172","99","99","99"
"38146.857235708","98","98","98"
"38151.31154509","99","99","99"
"38161.855320262","99","99","99"
"38166.313101916","75","75","75"
"38176.855987131","70","70","70"
"38181.315035099","64","64","64"
"38191.854984484","97","97","97"
"38196.313261751","96","96","96"
"38206.85493984","99","99","99"
"38211.31345191","99","99","99"
"38221.855707883","99","99","99"
"38226.313906046","96","96","96"
"38236.856348537","78","78","78"
"38241.312259625","99","99","99"
"38251.854929515","63","63","63"
"38256.312256381","87","87","87"
"38266.855218032","79","79","79"
"38271.31211391","98","98","98"
"38281.854064985","97","97","97"
"38286.312580335","99","99","99"
"38296.855377919","97","97","97"
"38301.312725702","85","85","85"
"38311.855614334","99","99","99"
"38316.312687536","66","66","66"
"38326.855562313","88","88","88"
"38331.31247415","97","97","97"
"38341.855370376","60","60","60"
"38346.312508089","96","96","96"
"38356.855281415","99","99","99"
"38361.31237729","99","99","99"
"38371.855673867","99","99","99"
"38376.312623032","99","99","99"
"38386.856539592","60","60","60"
"38391.313592158","99","99","99"
"38401.856661376","73","73","73"
"38406.311464494","59","59","59"
"38416.854699386","63","63","63"
"38421.313543148","66","66","66"
"38431.854892818","60","60","60"
"38436.312458975","97","97","97"
"38446.854677974","65","65","65"
"38451.314170006","99","99","99"
"38461.85461264","63","63","63"
"38466.312612862","99","99","99"
"38476.855553124","64","64","64"
"38481.3122632","78","78","78"
"38491.857237065","81","81","81"
"38496.313014273","62","62","62"
"38506.856182877","97","97","97"
"38511.312821862","77","77","77"
"38521.855538036","99","99","99"
"38526.31419152","99","99","99"
"38536.854672905","73","73","73"
"38541.312507546","99","99","99"
"38551.855857469","62","62","62"
"38556.312444805","72","72","72"
"38566.85553815","96","96","96"
"38571.313082085","63","63","63"
"38581.855776179","99","99","99"
"38586.313250998","99","99","99"
"38596.855038443","89","89","89"
"38601.312373814","96","96","96"
"38611.85557491","97","97","97"
"38616.313301738","99","99","99"
"38626.854180142","98","98","98"
"38631.312827023","91","91","91"
"38641.855744962","55","55","55"
"38646.31224691","63","63","63"
"38656.855163635","96","96","96"
"38661.313231767","67","67","67"
"38671.855813201","99","99","99"
"38676.313618893","98","98","98"
"38686.854410848","82","82","82"
"38691.311811171","63","63","63"
"38701.855880836","70","70","70"
"38706.312610876","63","63","63"
"38716.85495003","97","97","97"
"38721.313436709","63","63","63"
"38731.855723305","99","99","99"
"38736.313591668","97","97","97"
"38746.85533744","62","62","62"
"38751.313418231","97","97","97"
"38761.854729184","97","97","97"
"38766.313298958","99","99","99"
"38776.854699082","94","94","94"
"38781.313073266","98","98","98"
"38791.856068009","64","64","64"
"38796.312410333","80","80","80"
"38806.855078422","84","84","84"
"38811.312552723","63","63","63"
"38821.85442427","97","97","97"
"38826.313425403","82","82","82"
"38836.855364318","97","97","97"
"38841.312618049","98","98","98"
"38851.854824264","99","99","99"
"38856.312529179","83","83","83"
"38866.85616004","59","59","59"
"38871.313421431","97","97","97"
"38881.854986808","64","64","64"
"38886.313864507","97","97","97"
"38896.855557144","97","97","97"
"38901.313646433","97","97","97"
"38911.856472873","97","97","97"
"38916.311654724","99","99","99"
"38926.855004077","99","99","99"
"38931.312624828","90","90","90"
"38941.854552674","79","79","79"
"38946.31259501","97","97","97"
"38956.855315964","94","94","94"
"38961.31228957","99","99","99"
"38971.85473881","92","92","92"
"38976.313483703","98","98","98"
"38986.854541622","89","89","89"
"38991.313278661","65","65","65"
"39001.854605102","65","65","65"
"39006.312860779","68","68","68"
"39016.855189397","63","63","63"
"39021.313071867","97","97","97"
"39031.855285112","99","99","99"
"39036.312963041","97","97","97"
"39046.855662937","77","77","77"
"39051.31283862","97","97","97"
"39061.8552478","70","70","70"
"39066.313425503","99","99","99"
"39076.855025047","60","60","60"
"39081.312396241","99","99","99"
"39091.855218529","69","69","69"
"39096.313308052","63","63","63"
"39106.855880601","69","69","69"
"39111.31333558","97","97","97"
"39121.855666557","64","64","64"
"39126.311841429","99","99","99"
"39136.855351748","68","68","68"
"39141.312766545","64","64","64"
"39151.855578686","80","80","80"
"39156.312881688","84","84","84"
"39166.855683449","81","81","81"
"39171.313009552","97","97","97"
"39181.855753731","98","98","98"
"39186.312266308","97","97","97"
"39196.856020526","99","99","99"
"39201.311512605","99","99","99"
"39211.854992907","99","99","99"
"39216.311524055","99","99","99"
"39226.854502177","90","90","90"
"39231.312902863","99","99","99"
"39241.855076874","73","73","73"
"39246.313398206","84","84","84"
"39256.855392567","65","65","65"
"39261.31300517","64","64","64"
"39271.856378339","59","59","59"
"39276.312956561","85","85","85"
"39286.855300524","67","67","67"
"39291.313036392","95","95","95"
"39301.855526966","61","61","61"
"39306.312267733","99","99","99"
"39316.855009513","83","83","83"
"39321.312868173","99","99","99"
"39331.855721693","97","97","97"
"39336.313291002","69","69","69"
"39346.855714173","63","63","63"
"39351.313218275","68","68","68"
"39361.856242954","68","68","68"
"39366.31302004","99","99","99"
"39376.855315153","73","73","73"
"39381.313247429","88","88","88"
"39391.856066655","92","92","92"
"39396.311782019","62","62","62"
"39406.855572146","97","97","97"
"39411.312531482","63","63","63"
"39421.855623741","97","97","97"
"39426.312677921","97","97","97"
"39436.855298911","99","99","99"
"39441.312248915","99","99","99"
"39451.855601586","63","63","63"
"39456.312349465","99","99","99"
"39466.855762198","72","72","72"
"39471.31402186","86","86","86"
"39481.854723976","99","99","99"
"39486.312937767","58","58","58"
"39496.855321003","97","97","97"
"39501.313788314","99","99","99"
"39511.854674413","97","97","97"
"39516.312550994","96","96","96"
"39526.854022699","97","97","97"
"39531.313858146","63","63","63"
"39541.855508538","99","99","99"
"39546.312677341","71","71","71"
"39556.855638659","89","89","89"
"39561.312999883","66","66","66"
"39571.855010721","64","64","64"
"39576.313415516","97","97","97"
"39586.8562791","60","60","60"
"39591.312943562","97","97","97"
"39601.855212489","97","97","97"
"39606.312091312","99","99","99"
"39616.854342865","96","96","96"
"39621.313038479","99","99","99"
"39631.855493066","99","99","99"
"39636.312605094","99","99","99"
"39646.855705339","99","99","99"
"39651.312887117","89","89","89"
"39661.855570385","90","90","90"
"39666.312204936","64","64","64"
"39676.855367168","65","65","65"
"39681.313343521","99","99","99"
"39691.854653626","62","62","62"
"39696.312399078","98","98","98"
"39706.855292413","74","74","74"
"39711.31117917","99","99","99"
"39721.854720344","97","97","97"
"39726.312935695","99","99","99"
"39736.854697965","96","96","96"
"39741.31299906","99","99","99"
"39751.855360858","99","99","99"
"39756.312129888","59","59","59"
"39766.85487458","77","77","77"
"39771.313201934","73","73","73"
"39781.856039028","63","63","63"
"39786.312659134","79","79","79"
"39796.854401634","76","76","76"
"39801.312625932","99","99","99"
"39811.854514176","66","66","66"
"39816.312547536","99","99","99"
"39826.854589889","98","98","98"
"39831.3128431","99","99","99"
"39841.854534274","98","98","98"
"39846.31314014","58","58","58"
"39856.855988961","99","99","99"
"39861.312449358","86","86","86"
"39871.856008133","83","83","83"
"39876.313029729","97","97","97"
"39886.854086798","97","97","97"
"39891.312803072","98","98","98"
"39901.855955629","99","99","99"
"39906.313304539","97","97","97"
"39916.855484367","99","99","99"
"39921.313091837","99","99","99"
"39931.854425397","84","84","84"
"39936.312731737","99","99","99"
"39946.856081906","62","62","62"
"39951.31358123","86","86","86"
"39961.856088298","63","63","63"
"39966.312897971","97","97","97"
"39976.85649591","93","93","93"
"39981.312463617","97","97","97"
"39991.854996962","97","97","97"
"39996.313459494","99","99","99"
"40006.854310818","97","97","97"
"40011.313803762","99","99","99"
"40021.855653712","99","99","99"
"40026.313488778","89","89","89"
"40036.85606284","99","99","99"
"40041.312849135","64","64","64"
"40051.855957986","90","90","90"
"40056.311823001","64","64","64"
"40066.855229969","97","97","97"
"40071.313054125","64","64","64"
"40081.85433621","96","96","96"
"40086.311739306","82","82","82"
"40096.855300746","99","99","99"
"40101.313508267","97","97","97"
"40111.855294532","99","99","99"
"40116.313610335","97","97","97"
"40126.853882396","97","97","97"
"40131.312692854","98","98","98"
"40141.85574871","99","99","99"
"40146.311962572","99","99","99"
"40156.855723392","99","99","99"
"40161.312705661","99","99","99"
"40171.855102748","99","99","99"
"40176.313012371","99","99","99"
"40186.855477043","99","99","99"
"40191.312857245","64","64","64"
"40201.855226431","99","99","99"
"40206.313295579","64","64","64"
"40216.855572378","99","99","99"
"40221.312915073","99","99","99"
"40231.855194083","99","99","99"
"40236.312992122","99","99","99"
"40246.855824254","97","97","97"
"40251.312841312","99","99","99"
"40261.854707616","99","99","99"
"40266.312736213","99","99","99"
"40276.85531334","99","99","99"
"40281.312405672","76","76","76"
"40291.85550141","99","99","99"
"40296.311820756","62","62","62"
"40306.855133061","64","64","64"
"40311.312299623","91","91","91"
"40321.85556839","65","65","65"
"40326.313057376","97","97","97"
"40336.854095618","73","73","73"
"40341.312697201","99","99","99"
"40351.853971147","77","77","77"
"40356.312769807","60","60","60"
"40366.855820129","98","98","98"
"40371.312381787","98","98","98"
"40381.855458977","97","97","97"
"40386.312870714","64","64","64"
"40396.855788264","98","98","98"
"40401.313215059","63","63","63"
"40411.855424706","99","99","99"
"40416.313263117","98","98","98"
"40426.855521197","84","84","84"
"40431.313482463","97","97","97"
"40441.855941994","84","84","84"
"40446.312509425","98","98","98"
"40456.856399148","67","67","67"
"40461.313704714","98","98","98"
"40471.855413737","96","96","96"
"40476.313636744","63","63","63"
"40486.855828129","98","98","98"
"40491.312384731","86","86","86"
"40501.85701427","97","97","97"
"40506.312971693","95","95","95"
"40516.856593167","97","97","97"
"40521.312458792","99","99","99"
"40531.856704387","97","97","97"
"40536.313148194","98","98","98"
"40546.856901931","97","97","97"
"40551.313750003","64","64","64"
"40561.856056539","97","97","97"
"40566.314102061","64","64","64"
"40576.857033621","99","99","99"
"40581.313745323","63","63","63"
"40591.855634693","99","99","99"
"40596.313025537","83","83","83"
"40606.855079427","98","98","98"
"40611.315474672","97","97","97"
"40621.855088962","98","98","98"
"40626.312708018","99","99","99"
"40636.855382049","99","99","99"
"40641.31328864","98","98","98"
"40651.855880535","79","79","79"
"40656.313347648","99","99","99"
"40666.85537602","64","64","64"
"40671.312114684","86","86","86"
"40681.8554132","59","59","59"
"40686.312445276","97","97","97"
"40696.8546283","80","80","80"
"40701.313274084","61","61","61"
"40711.854482302","89","89","89"
"40716.313338728","99","99","99"
"40726.854925962","99","99","99"
"40731.31158359","80","80","80"
"40741.854949638","69","69","69"
"40746.312953574","97","97","97"
"40756.856094794","61","61","61"
"40761.312583582","80","80","80"
"40771.854455292","77","77","77"
"40776.312839064","97","97","97"
"40786.854730738","98","98","98"
"40791.312515353","60","60","60"
"40801.854287356","85","85","85"
"40806.314203902","97","97","97"
"40816.85434296","82","82","82"
"40821.312779214","68","68","68"
"40831.854130988","90","90","90"
"40836.312097379","97","97","97"
"40846.855830414","96","96","96"
"40851.312599716","60","60","60"
"40861.854816779","96","96","96"
"40866.312683771","97","97","97"
"40876.855143866","99","99","99"
"40881.313005567","62","62","62"
"40891.85420522","58","58","58"
"40896.312516421","97","97","97"
"40906.854414583","63","63","63"
"40911.31224961","85","85","85"
"40921.855802652","98","98","98"
"40926.313064815","97","97","97"
"40936.855328863","97","97","97"
"40941.313484086","68","68","68"
"40951.854956614","97","97","97"
"40956.312568187","97","97","97"
"40966.855365282","96","96","96"
"40971.312372113","98","98","98"
"40981.854856515","99","99","99"
"40986.31318643","97","97","97"
"40996.854067973","98","98","98"
"41001.313330936","61","61","61"
"41011.854957918","99","99","99"
"41016.313172533","97","97","97"
"41026.855497358","99","99","99"
"41031.312997426","77","77","77"
"41041.855856135","97","97","97"
"41046.314091154","99","99","99"
"41056.854480346","99","99","99"
"41061.313408271","66","66","66"
"41071.855822518","99","99","99"
"41076.313637374","67","67","67"
"41086.856091017","97","97","97"
"41091.311650905","99","99","99"
"41101.856060491","68","68","68"
"41106.312601114","89","89","89"
"41116.855775303","63","63","63"
"41121.312582123","99","99","99"
"41131.854743767","69","69","69"
"41136.313457314","97","97","97"
"41146.855395187","97","97","97"
"41151.313296502","99","99","99"
"41161.855110689","99","99","99"
"41166.314303954","97","97","97"
"41176.855680781","96","96","96"
"41181.311983199","97","97","97"
"41191.856012166","97","97","97"
"41196.313316393","97","97","97"
"41206.854742879","99","99","99"
"41211.311857587","96","96","96"
"41221.854689164","99","99","99"
"41226.312855666","97","97","97"
"41236.855884062","99","99","99"
"41241.313403215","97","97","97"
"41251.855760599","99","99","99"
"41256.312342631","99","99","99"
"41266.855419347","99","99","99"
"41271.312451919","99","99","99"
"41281.854583417","92","92","92"
"41286.313053677","88","88","88"
"41296.854806707","60","60","60"
"41301.312897941","97","97","97"
"41311.855040792","97","97","97"
"41316.31228588","99","99","99"
"41326.855938467","99","99","99"
"41331.312617653","88","88","88"
"41341.855384535","61","61","61"
"41346.313282614","99","99","99"
"41356.855397384","97","97","97"
"41361.313254049","68","68","68"
"41371.854859023","97","97","97"
"41376.312476995","99","99","99"
"41386.855686427","99","99","99"
"41391.313152739","88","88","88"
"41401.855558736","99","99","99"
"41406.311193521","99","99","99"
"41416.854978291","77","77","77"
"41421.312835583","63","63","63"
"41431.854272788","63","63","63"
"41436.312400224","97","97","97"
"41446.855672971","63","63","63"
"41451.313614822","60","60","60"
"41461.85502107","67","67","67"
"41466.313014793","99","99","99"
"41476.855427484","76","76","76"
"41481.312793425","62","62","62"
"41491.85575592","95","95","95"
"41496.313509131","60","60","60"
"41506.854907651","89","89","89"
"41511.312907494","99","99","99"
"41521.8550825","95","95","95"
"41526.31267701","76","76","76"
"41536.856022837","98","98","98"
"41541.313004766","97","97","97"
"41551.855455219","97","97","97"
"41556.312818005","71","71","71"
"41566.856788655","93","93","93"
"41571.313664261","99","99","99"
"41581.856214001","86","86","86"
"41586.312968371","77","77","77"
"41596.855615305","89","89","89"
"41601.312271616","98","98","98"
"41611.855111947","79","79","79"
"41616.31349954","70","70","70"
"41626.85580661","62","62","62"
"41631.312218946","97","97","97"
"41641.854562734","64","64","64"
"41646.312823941","89","89","89"
"41656.85562822","68","68","68"
"41661.312528764","93","93","93"
"41671.855502181","98","98","98"
"41676.312324092","47","47","47"
"41686.853876867","97","97","97"
"41691.312300088","97","97","97"
"41701.854883613","92","92","92"
"41706.312897355","63","63","63"
"41716.855780536","98","98","98"
"41721.312182129","97","97","97"
"41731.855802038","63","63","63"
"41736.313494494","68","68","68"
"41746.855105954","63","63","63"
"41751.313380632","97","97","97"
"41761.855694729","91","91","91"
"41766.313052078","99","99","99"
"41776.855342058","99","99","99"
"41781.313198164","64","64","64"
"41791.855301139","99","99","99"
"41796.312458214","99","99","99"
"41806.855984854","70","70","70"
"41811.312954254","65","65","65"
"41821.856005747","89","89","89"
"41826.311646327","99","99","99"
"41836.856366648","98","98","98"
"41841.312744305","71","71","71"
"41851.855039075","97","97","97"
"41856.311694721","99","99","99"
"41866.855457664","97","97","97"
"41871.313442548","99","99","99"
"41881.856210025","97","97","97"
"41886.314844223","99","99","99"
"41896.857868566","96","96","96"
"41901.312411368","92","92","92"
"41911.855213423","98","98","98"
"41916.31373372","64","64","64"
"41926.856584366","99","99","99"
"41931.313176197","97","97","97"
"41941.855871578","99","99","99"
"41946.313585226","97","97","97"
"41956.854610959","99","99","99"
"41961.311355761","99","99","99"
"41971.855324924","99","99","99"
"41976.313731704","73","73","73"
"41991.312738839","64","64","64"
"42006.31328648","93","93","93"
"42021.313609992","97","97","97"
"42036.312526538","96","96","96"
"42051.312765925","99","99","99"
"42066.312946542","99","99","99"
"42081.313165969","71","71","71"
"42096.313227836","96","96","96"
"42111.314401799","99","99","99"
"42126.311781431","99","99","99"
"42141.313821216","69","69","69"
"42156.312360607","64","64","64"
"42171.312283231","78","78","78"
"42186.312274976","98","98","98"
"42201.312152054","99","99","99"
"42216.312141122","96","96","96"
"42231.313307008","60","60","60"
"42246.312241985","83","83","83"
"42261.312160259","99","99","99"
"42276.313543565","63","63","63"
"42291.313489161","69","69","69"
"42306.313438204","89","89","89"
"42321.313135422","97","97","97"
"42336.312912346","64","64","64"
"42351.312540486","67","67","67"
"42366.314066513","96","96","96"
"42381.312405211","97","97","97"
"42396.313844905","99","99","99"
"42411.311590808","99","99","99"
"42426.312993362","66","66","66"
"42441.313094983","63","63","63"
"42456.312975798","62","62","62"
"42471.312826615","94","94","94"
"42486.314023767","97","97","97"
"42501.313288035","60","60","60"
"42516.312063635","81","81","81"
"42531.313485299","98","98","98"
"42546.312302499","97","97","97"
"42561.313083488","99","99","99"
"42576.312793532","85","85","85"
"42591.312219334","99","99","99"
"42606.313105786","89","89","89"
"42621.313193408","64","64","64"
"42636.312779536","94","94","94"
"42651.312344006","98","98","98"
"42666.311964066","97","97","97"
"42681.312770487","99","99","99"
"42696.312359393","82","82","82"
"42711.31318132","61","61","61"
"42726.313827255","99","99","99"
"42741.312676093","97","97","97"
"42756.313217846","99","99","99"
"42771.312659555","67","67","67"
"42786.31311256","99","99","99"
"42801.312233468","97","97","97"
"42816.312569477","99","99","99"
"42831.313468493","99","99","99"
"42846.313121558","99","99","99"
"42861.312023402","82","82","82"
"42876.314184338","64","64","64"
"42891.312765763","77","77","77"
"42906.313027459","97","97","97"
"42921.312487619","92","92","92"
"42936.312304962","63","63","63"
"42951.312348535","96","96","96"
"42966.313463147","98","98","98"
"42981.312115671","95","95","95"
"42996.312497269","99","99","99"
"43011.312945106","99","99","99"
"43026.313827502","69","69","69"
"43041.313345907","64","64","64"
"43056.313746978","73","73","73"
"43071.31247943","98","98","98"
"43086.312041995","97","97","97"
"43101.311715436","98","98","98"
"43116.312121036","97","97","97"
"43131.313009312","99","99","99"
"43146.312850851","89","89","89"
"43161.313434753","62","62","62"
"43176.31284028","72","72","72"
"43191.313645647","99","99","99"
"43206.312787386","63","63","63"
"43221.313027082","64","64","64"
"43236.312407462","95","95","95"
"43251.311277783","98","98","98"
"43266.312808686","99","99","99"
"43281.313202721","99","99","99"
"43296.312135436","93","93","93"
"43311.313858348","65","65","65"
"43326.313232886","64","64","64"
"43341.313755887","99","99","99"
"43356.313321514","95","95","95"
"43371.31295734","57","57","57"
"43386.313024672","91","91","91"
"43401.313487235","97","97","97"
"43416.311894243","97","97","97"
"43431.312532311","99","99","99"
"43446.312164154","81","81","81"
"43461.313222127","60","60","60"
"43476.312257565","98","98","98"
"43491.311747819","97","97","97"
"43506.313262881","99","99","99"
"43521.313228567","97","97","97"
"43536.313206593","98","98","98"
"43551.313759435","99","99","99"
"43566.312799179","78","78","78"
"43581.312646053","64","64","64"
"43596.312655617","88","88","88"
"43611.312704241","98","98","98"
"43626.313197253","99","99","99"
"43641.313376601","97","97","97"
"43656.31243254","63","63","63"
"43671.312207698","76","76","76"
"43686.313410423","99","99","99"
"43701.312759624","97","97","97"
"43716.314273968","99","99","99"
"43731.312730192","99","99","99"
"43746.312263801","75","75","75"
"43761.311420091","64","64","64"
"43776.312322013","98","98","98"
"43791.31264521","99","99","99"
"43806.312822415","99","99","99"
"43821.313040305","73","73","73"
"43836.311430994","63","63","63"
"43851.313059976","84","84","84"
"43866.312493663","97","97","97"
"43881.313266315","96","96","96"
"43896.312684082","99","99","99"
"43911.312838594","99","99","99"
"43926.313648802","99","99","99"
"43941.312926697","99","99","99"
"43956.313850815","83","83","83"
"43971.311905508","64","64","64"
"43986.312434994","59","59","59"
"44001.312872656","68","68","68"
"44016.31291492","87","87","87"
"44031.313421865","99","99","99"
"44046.311978125","78","78","78"
"44061.313520712","73","73","73"
"44076.313207719","99","99","99"
"44091.313082279","97","97","97"
"44106.312391428","97","97","97"
"44121.31266176","98","98","98"
"44136.312477257","99","99","99"
"44151.313047053","98","98","98"
"44166.312299465","80","80","80"
"44181.312952447","70","70","70"
"44196.313087269","99","99","99"
"44211.311802891","93","93","93"
"44226.312981065","64","64","64"
"44241.313361433","73","73","73"
"44256.312959276","94","94","94"
"44271.313729042","97","97","97"
"44286.312857803","97","97","97"
"44301.3129878","96","96","96"
"44316.313419784","97","97","97"
"44331.312623744","99","99","99"
"44346.31402861","99","99","99"
"44361.312954919","94","94","94"
"44376.311392695","69","69","69"
"44391.313346933","63","63","63"
"44406.313590165","96","96","96"
"44421.312846235","97","97","97"
"44436.313069774","99","99","99"
"44451.312689523","97","97","97"
"44466.313672152","65","65","65"
"44481.313002537","59","59","59"
"44496.313082417","99","99","99"
"44511.313198801","97","97","97"
"44526.311313969","98","98","98"
"44541.312945572","99","99","99"
"44556.312495925","63","63","63"
"44571.312924782","68","68","68"
"44586.31283791","99","99","99"
"44601.312791872","97","97","97"
"44616.312914586","87","87","87"
"44631.313866809","84","84","84"
"44646.313312995","72","72","72"
"44661.314174575","64","64","64"
"44676.312799781","79","79","79"
"44691.312722025","94","94","94"
"44706.311762816","97","97","97"
"44721.313573183","99","99","99"
"44736.3127808","99","99","99"
"44751.312663074","64","64","64"
"44766.314139265","68","68","68"
"44781.313721595","83","83","83"
"44796.313204482","85","85","85"
"44811.312742283","98","98","98"
"44826.312379628","96","96","96"
"44841.313460387","99","99","99"
"44856.313624442","97","97","97"
"44871.313478564","63","63","63"
"44886.313598848","99","99","99"
"44901.312902302","99","99","99"
"44916.313825989","79","79","79"
"44931.312829857","58","58","58"
"44946.312625541","73","73","73"
"44961.312240681","99","99","99"
"44976.312283744","97","97","97"
"44991.312619611","99","99","99"
"45006.312708977","99","99","99"
"45021.312616397","64","64","64"
"45036.312904144","67","67","67"
"45051.314339778","99","99","99"
"45066.313157017","85","85","85"
"45081.312632402","64","64","64"
"45096.312654479","73","73","73"
"45111.312183502","97","97","97"
"45126.313281993","98","98","98"
"45141.312907842","98","98","98"
"45156.312867096","97","97","97"
"45171.312445254","97","97","97"
"45186.313049113","99","99","99"
"45201.313266788","82","82","82"
"45216.31222073","64","64","64"
"45231.311967312","81","81","81"
"45246.312800102","99","99","99"
"45261.313401358","98","98","98"
"45276.312332469","97","97","97"
"45291.313315499","98","98","98"
"45306.313866826","64","64","64"
"45321.312408154","77","77","77"
"45336.313700552","98","98","98"
"45351.313289975","98","98","98"
"45366.314271225","97","97","97"
"45381.312424773","97","97","97"
"45396.31263697","99","99","99"
"45411.313093765","92","92","92"
"45426.313781038","99","99","99"
"45441.312399666","99","99","99"
"45456.31264178","81","81","81"
"45471.313255475","99","99","99"
"45486.312019217","97","97","97"
"45501.312183491","97","97","97"
"45516.313803226","99","99","99"
"45531.313063224","99","99","99"
"45546.312988593","95","95","95"
"45561.313602008","75","75","75"
"45576.313251454","63","63","63"
"45591.31351141","99","99","99"
"45606.312774308","65","65","65"
"45621.31250001","99","99","99"
"45636.312877297","97","97","97"
"45651.314206303","93","93","93"
"45666.31303602","91","91","91"
"45681.312451792","99","99","99"
"45696.311794474","97","97","97"
"45711.31237248","78","78","78"
"45726.312951036","63","63","63"
"45741.312332203","97","97","97"
"45756.316111445","55","55","55"
"45771.313312097","99","99","99"
"45786.31279262","82","82","82"
"45801.313070578","99","99","99"
"45816.313656271","66","66","66"
"45831.312177537","99","99","99"
"45846.312913826","75","75","75"
"45861.312849585","93","93","93"
"45876.312718062","97","97","97"
"45891.312968389","80","80","80"
"45906.312886512","99","99","99"
"45921.311985553","97","97","97"
"45936.312153384","68","68","68"