"Relative Time (Process)","onFlashIPA_v0 - system/gpu.0.memoryAllocatedBytes","onFlashIPA_v0 - system/gpu.0.memoryAllocatedBytes__MIN","onFlashIPA_v0 - system/gpu.0.memoryAllocatedBytes__MAX"
"16.938859456","1591934976","1591934976","1591934976"
"31.938371554","1591934976","1591934976","1591934976"
"46.938298218","1591934976","1591934976","1591934976"
"61.938420641","1594032128","1594032128","1594032128"
"76.938903096","1594032128","1594032128","1594032128"
"91.9386898","1594032128","1594032128","1594032128"
"106.938833759","1594032128","1594032128","1594032128"
"121.938500476","1594032128","1594032128","1594032128"
"136.937948108","1594032128","1594032128","1594032128"
"151.938166809","1594032128","1594032128","1594032128"
"166.938824672","1594032128","1594032128","1594032128"
"181.938149678","1594032128","1594032128","1594032128"
"196.938735639","1594032128","1594032128","1594032128"
"211.938521235","1594032128","1594032128","1594032128"
"226.937909519","1594032128","1594032128","1594032128"
"241.938006067","1594032128","1594032128","1594032128"
"256.938401525","1594032128","1594032128","1594032128"
"271.938856649","1594032128","1594032128","1594032128"
"286.938120074","1594032128","1594032128","1594032128"
"301.938270384","1594032128","1594032128","1594032128"
"316.938399008","1594032128","1594032128","1594032128"
"331.938714906","1594032128","1594032128","1594032128"
"346.938715471","1594032128","1594032128","1594032128"
"361.93806389","1594032128","1594032128","1594032128"
"376.937808939","1594032128","1594032128","1594032128"
"391.937963681","1594032128","1594032128","1594032128"
"406.938733756","1594032128","1594032128","1594032128"
"421.938567659","1594032128","1594032128","1594032128"
"436.938814038","1594032128","1594032128","1594032128"
"451.938164109","1594032128","1594032128","1594032128"
"466.938720749","1594032128","1594032128","1594032128"
"481.938200672","1594032128","1594032128","1594032128"
"496.938908049","1594032128","1594032128","1594032128"
"511.938828922","1594032128","1594032128","1594032128"
"526.938027231","1594032128","1594032128","1594032128"
"541.938618538","1594032128","1594032128","1594032128"
"556.938693034","1594032128","1594032128","1594032128"
"571.93820067","1594032128","1594032128","1594032128"
"586.937964908","1594032128","1594032128","1594032128"
"601.9381035","1594032128","1594032128","1594032128"
"616.9388156","1594032128","1594032128","1594032128"
"631.938806059","1594032128","1594032128","1594032128"
"646.938773034","1594032128","1594032128","1594032128"
"661.938477648","1594032128","1594032128","1594032128"
"676.938742503","1594032128","1594032128","1594032128"
"691.938088264","1594032128","1594032128","1594032128"
"706.938064851","1594032128","1594032128","1594032128"
"721.93878304","1594032128","1594032128","1594032128"
"736.938703655","1594032128","1594032128","1594032128"
"751.938055987","1594032128","1594032128","1594032128"
"766.938402629","1594032128","1594032128","1594032128"
"781.938750119","1594032128","1594032128","1594032128"
"796.938217857","1594032128","1594032128","1594032128"
"811.938646962","1594032128","1594032128","1594032128"
"826.938737402","1594032128","1594032128","1594032128"
"841.938599818","1594032128","1594032128","1594032128"
"856.938679825","1594032128","1594032128","1594032128"
"871.93876991","1594032128","1594032128","1594032128"
"886.938799782","1594032128","1594032128","1594032128"
"901.938167617","1594032128","1594032128","1594032128"
"916.938591056","1594032128","1594032128","1594032128"
"931.938373293","1594032128","1594032128","1594032128"
"946.938552044","1594032128","1594032128","1594032128"
"961.938188569","1594032128","1594032128","1594032128"
"976.937898048","1594032128","1594032128","1594032128"
"991.938900179","1594032128","1594032128","1594032128"
"1006.938886116","1594032128","1594032128","1594032128"
"1021.938256209","1594032128","1594032128","1594032128"
"1036.938310014","1594032128","1594032128","1594032128"
"1051.938650107","1594032128","1594032128","1594032128"
"1066.937914308","1594032128","1594032128","1594032128"
"1081.938561271","1594032128","1594032128","1594032128"
"1096.937946549","1594032128","1594032128","1594032128"
"1111.938249816","1594032128","1594032128","1594032128"
"1126.938547956","1594032128","1594032128","1594032128"
"1141.938187796","1594032128","1594032128","1594032128"
"1156.937920162","1594032128","1594032128","1594032128"
"1171.938568659","1594032128","1594032128","1594032128"
"1186.938292162","1594032128","1594032128","1594032128"
"1201.938095505","1594032128","1594032128","1594032128"
"1216.938270348","1594032128","1594032128","1594032128"
"1231.937941218","1594032128","1594032128","1594032128"
"1246.938704863","1594032128","1594032128","1594032128"
"1261.938226849","1594032128","1594032128","1594032128"
"1276.938758228","1594032128","1594032128","1594032128"
"1291.938296812","1594032128","1594032128","1594032128"
"1306.938733497","1594032128","1594032128","1594032128"
"1321.938093152","1594032128","1594032128","1594032128"
"1336.938249594","1594032128","1594032128","1594032128"
"1351.938650105","1594032128","1594032128","1594032128"
"1366.938182442","1594032128","1594032128","1594032128"
"1381.938756393","1594032128","1594032128","1594032128"
"1396.938831353","1594032128","1594032128","1594032128"
"1411.937837676","1594032128","1594032128","1594032128"
"1426.938274755","1594032128","1594032128","1594032128"
"1441.938050389","1594032128","1594032128","1594032128"
"1456.938593877","1594032128","1594032128","1594032128"
"1471.938689725","1594032128","1594032128","1594032128"
"1486.938120478","1594032128","1594032128","1594032128"
"1501.938792516","1594032128","1594032128","1594032128"
"1516.938009113","1594032128","1594032128","1594032128"
"1531.938869544","1594032128","1594032128","1594032128"
"1546.938784","1594032128","1594032128","1594032128"
"1561.93786456","1594032128","1594032128","1594032128"
"1576.938617309","1594032128","1594032128","1594032128"
"1591.938152672","1594032128","1594032128","1594032128"
"1606.93859924","1594032128","1594032128","1594032128"
"1621.938059986","1594032128","1594032128","1594032128"
"1636.938353669","1594032128","1594032128","1594032128"
"1651.938788984","1594032128","1594032128","1594032128"
"1666.938755914","1594032128","1594032128","1594032128"
"1681.93818311","1594032128","1594032128","1594032128"
"1696.938440948","1594032128","1594032128","1594032128"
"1711.937997322","1594032128","1594032128","1594032128"
"1726.938625368","1594032128","1594032128","1594032128"
"1741.937832068","1594032128","1594032128","1594032128"
"1756.938144795","1594032128","1594032128","1594032128"
"1771.938596313","1594032128","1594032128","1594032128"
"1786.938442624","1594032128","1594032128","1594032128"
"1801.937939727","1594032128","1594032128","1594032128"
"1816.938164322","1594032128","1594032128","1594032128"
"1831.938070336","1594032128","1594032128","1594032128"
"1846.938504087","1594032128","1594032128","1594032128"
"1861.938997921","1594032128","1594032128","1594032128"
"1876.938559602","1594032128","1594032128","1594032128"
"1891.938692705","1594032128","1594032128","1594032128"
"1906.93806555","1594032128","1594032128","1594032128"
"1921.938624915","1594032128","1594032128","1594032128"
"1936.938641642","1594032128","1594032128","1594032128"
"1951.939001489","1594032128","1594032128","1594032128"
"1966.938227388","1594032128","1594032128","1594032128"
"1981.93872923","1594032128","1594032128","1594032128"
"1996.938560442","1594032128","1594032128","1594032128"
"2011.938399727","1594032128","1594032128","1594032128"
"2026.938303387","1594032128","1594032128","1594032128"
"2041.93857554","1594032128","1594032128","1594032128"
"2056.938904869","1594032128","1594032128","1594032128"
"2071.938651422","1594032128","1594032128","1594032128"
"2086.938084903","1594032128","1594032128","1594032128"
"2101.938195484","1594032128","1594032128","1594032128"
"2116.938832911","1594032128","1594032128","1594032128"
"2131.938670671","1594032128","1594032128","1594032128"
"2146.938501029","1594032128","1594032128","1594032128"
"2161.937993197","1594032128","1594032128","1594032128"
"2176.938769737","1594032128","1594032128","1594032128"
"2191.938089663","1594032128","1594032128","1594032128"
"2206.93834662","1594032128","1594032128","1594032128"
"2221.938532311","1594032128","1594032128","1594032128"
"2236.938788666","1594032128","1594032128","1594032128"
"2251.938144344","1594032128","1594032128","1594032128"
"2266.938849911","1594032128","1594032128","1594032128"
"2281.938835875","1594032128","1594032128","1594032128"
"2296.938734902","1594032128","1594032128","1594032128"
"2311.938323394","1594032128","1594032128","1594032128"
"2326.938687104","1594032128","1594032128","1594032128"
"2341.938531588","1594032128","1594032128","1594032128"
"2356.938662534","1594032128","1594032128","1594032128"
"2371.938969797","1594032128","1594032128","1594032128"
"2386.938098766","1594032128","1594032128","1594032128"
"2401.938230929","1594032128","1594032128","1594032128"
"2416.938349625","1594032128","1594032128","1594032128"
"2431.938077953","1594032128","1594032128","1594032128"
"2446.938157188","1594032128","1594032128","1594032128"
"2461.938224841","1594032128","1594032128","1594032128"
"2476.938523303","1594032128","1594032128","1594032128"
"2491.938178464","1594032128","1594032128","1594032128"
"2506.938142688","1594032128","1594032128","1594032128"
"2521.938191091","1594032128","1594032128","1594032128"
"2536.938721091","1594032128","1594032128","1594032128"
"2551.938862618","1594032128","1594032128","1594032128"
"2566.938480966","1594032128","1594032128","1594032128"
"2581.938173471","1594032128","1594032128","1594032128"
"2596.938217482","1594032128","1594032128","1594032128"
"2611.938121303","1594032128","1594032128","1594032128"
"2626.93791949","1594032128","1594032128","1594032128"
"2641.938061653","1594032128","1594032128","1594032128"
"2656.938780971","1594032128","1594032128","1594032128"
"2671.937965409","1594032128","1594032128","1594032128"
"2686.938296082","1594032128","1594032128","1594032128"
"2701.938825667","1594032128","1594032128","1594032128"
"2716.938478557","1594032128","1594032128","1594032128"
"2731.938526487","1594032128","1594032128","1594032128"
"2746.937972742","1594032128","1594032128","1594032128"
"2761.938777197","1594032128","1594032128","1594032128"
"2776.93880353","1594032128","1594032128","1594032128"
"2791.938225002","1594032128","1594032128","1594032128"
"2806.938169995","1594032128","1594032128","1594032128"
"2821.938800114","1594032128","1594032128","1594032128"
"2836.938538627","1594032128","1594032128","1594032128"
"2851.938629206","1594032128","1594032128","1594032128"
"2866.937841319","1594032128","1594032128","1594032128"
"2881.938565006","1594032128","1594032128","1594032128"
"2896.938182549","1594032128","1594032128","1594032128"
"2911.938443077","1594032128","1594032128","1594032128"
"2926.938660279","1594032128","1594032128","1594032128"
"2941.938759344","1594032128","1594032128","1594032128"
"2956.937783092","1594032128","1594032128","1594032128"
"2971.938107943","1594032128","1594032128","1594032128"
"2986.938735831","1594032128","1594032128","1594032128"
"3001.938532964","1594032128","1594032128","1594032128"
"3016.938778534","1594032128","1594032128","1594032128"
"3031.938424445","1594032128","1594032128","1594032128"
"3046.938178924","1594032128","1594032128","1594032128"
"3061.938067538","1594032128","1594032128","1594032128"
"3076.938652824","1594032128","1594032128","1594032128"
"3091.938302585","1594032128","1594032128","1594032128"
"3106.938655578","1594032128","1594032128","1594032128"
"3121.938800838","1594032128","1594032128","1594032128"
"3136.938239619","1594032128","1594032128","1594032128"
"3151.938457813","1594032128","1594032128","1594032128"
"3166.938952648","1594032128","1594032128","1594032128"
"3181.937916043","1594032128","1594032128","1594032128"
"3196.938854914","1594032128","1594032128","1594032128"
"3211.938666665","1594032128","1594032128","1594032128"
"3226.93861835","1594032128","1594032128","1594032128"
"3241.938470218","1594032128","1594032128","1594032128"
"3256.938212438","1594032128","1594032128","1594032128"
"3271.938257887","1594032128","1594032128","1594032128"
"3286.93820531","1594032128","1594032128","1594032128"
"3301.938651161","1594032128","1594032128","1594032128"
"3316.938509837","1594032128","1594032128","1594032128"
"3331.938024886","1594032128","1594032128","1594032128"
"3346.938751141","1594032128","1594032128","1594032128"
"3361.938372569","1594032128","1594032128","1594032128"
"3376.938835853","1594032128","1594032128","1594032128"
"3391.938633375","1594032128","1594032128","1594032128"
"3406.938192637","1594032128","1594032128","1594032128"
"3421.938723972","1594032128","1594032128","1594032128"
"3436.937677385","1594032128","1594032128","1594032128"
"3451.938390053","1594032128","1594032128","1594032128"
"3466.938453048","1594032128","1594032128","1594032128"
"3481.938218716","1594032128","1594032128","1594032128"
"3496.938512307","1594032128","1594032128","1594032128"
"3511.93889856","1594032128","1594032128","1594032128"
"3526.938532611","1594032128","1594032128","1594032128"
"3541.938836146","1594032128","1594032128","1594032128"
"3556.93847448","1594032128","1594032128","1594032128"
"3571.938479804","1594032128","1594032128","1594032128"
"3586.938318881","1594032128","1594032128","1594032128"
"3601.938919247","1594032128","1594032128","1594032128"
"3616.93840575","1594032128","1594032128","1594032128"
"3631.938010423","1594032128","1594032128","1594032128"
"3646.938851841","1594032128","1594032128","1594032128"
"3661.938320827","1594032128","1594032128","1594032128"
"3676.938289105","1594032128","1594032128","1594032128"
"3691.938416109","1594032128","1594032128","1594032128"
"3706.938734637","1594032128","1594032128","1594032128"
"3721.938577477","1594032128","1594032128","1594032128"
"3736.938709439","1594032128","1594032128","1594032128"
"3751.938401901","1594032128","1594032128","1594032128"
"3766.938556472","1594032128","1594032128","1594032128"
"3781.938198108","1594032128","1594032128","1594032128"
"3796.938199283","1594032128","1594032128","1594032128"
"3811.938045198","1594032128","1594032128","1594032128"
"3826.938349264","1594032128","1594032128","1594032128"
"3841.938067171","1594032128","1594032128","1594032128"
"3856.938365522","1594032128","1594032128","1594032128"
"3871.938970713","1594032128","1594032128","1594032128"
"3886.938293393","1594032128","1594032128","1594032128"
"3901.93788137","1594032128","1594032128","1594032128"
"3916.938767088","1594032128","1594032128","1594032128"
"3931.938633114","1594032128","1594032128","1594032128"
"3946.938117231","1594032128","1594032128","1594032128"
"3961.938629246","1594032128","1594032128","1594032128"
"3976.938858585","1594032128","1594032128","1594032128"
"3991.93837144","1594032128","1594032128","1594032128"
"4006.938503231","1594032128","1594032128","1594032128"
"4021.93813761","1594032128","1594032128","1594032128"
"4036.938837139","1594032128","1594032128","1594032128"
"4051.938543671","1594032128","1594032128","1594032128"
"4066.938591336","1594032128","1594032128","1594032128"
"4081.938567296","1594032128","1594032128","1594032128"
"4096.938400053","1594032128","1594032128","1594032128"
"4111.938776602","1594032128","1594032128","1594032128"
"4126.938435231","1594032128","1594032128","1594032128"
"4141.938089304","1594032128","1594032128","1594032128"
"4156.938349316","1594032128","1594032128","1594032128"
"4171.938819034","1594032128","1594032128","1594032128"
"4186.938359236","1594032128","1594032128","1594032128"
"4201.938749235","1594032128","1594032128","1594032128"
"4216.938104713","1594032128","1594032128","1594032128"
"4231.938266722","1594032128","1594032128","1594032128"
"4246.938456045","1594032128","1594032128","1594032128"
"4261.938329687","1594032128","1594032128","1594032128"
"4276.938294305","1594032128","1594032128","1594032128"
"4291.938021049","1594032128","1594032128","1594032128"
"4306.938764535","1594032128","1594032128","1594032128"
"4321.938017825","1594032128","1594032128","1594032128"
"4336.938751233","1594032128","1594032128","1594032128"
"4351.938126357","1594032128","1594032128","1594032128"
"4366.93827601","1594032128","1594032128","1594032128"
"4381.937990022","1594032128","1594032128","1594032128"
"4396.938061838","1594032128","1594032128","1594032128"
"4411.938714156","1594032128","1594032128","1594032128"
"4426.938604509","1594032128","1594032128","1594032128"
"4441.93830849","1594032128","1594032128","1594032128"
"4456.937939674","1594032128","1594032128","1594032128"
"4471.938776714","1594032128","1594032128","1594032128"
"4486.938647114","1594032128","1594032128","1594032128"
"4501.938726585","1594032128","1594032128","1594032128"
"4516.938188036","1594032128","1594032128","1594032128"
"4531.938777828","1594032128","1594032128","1594032128"
"4546.93823844","1594032128","1594032128","1594032128"
"4561.93865221","1594032128","1594032128","1594032128"
"4576.93905895","1594032128","1594032128","1594032128"
"4591.938349657","1594032128","1594032128","1594032128"
"4606.93896206","1594032128","1594032128","1594032128"
"4621.938707563","1594032128","1594032128","1594032128"
"4636.938348545","1594032128","1594032128","1594032128"
"4651.938444552","1594032128","1594032128","1594032128"
"4666.938563963","1594032128","1594032128","1594032128"
"4681.940017056","1594032128","1594032128","1594032128"
"4696.938135622","1594032128","1594032128","1594032128"
"4711.938176659","1594032128","1594032128","1594032128"
"4726.938014821","1594032128","1594032128","1594032128"
"4741.938136607","1594032128","1594032128","1594032128"
"4756.938011889","1594032128","1594032128","1594032128"
"4771.938256352","1594032128","1594032128","1594032128"
"4786.93851456","1594032128","1594032128","1594032128"
"4801.938432337","1594032128","1594032128","1594032128"
"4816.938297524","1594032128","1594032128","1594032128"
"4831.938890481","1594032128","1594032128","1594032128"
"4846.938521847","1594032128","1594032128","1594032128"
"4861.937971158","1594032128","1594032128","1594032128"
"4876.938168385","1594032128","1594032128","1594032128"
"4891.938835073","1594032128","1594032128","1594032128"
"4906.938630434","1594032128","1594032128","1594032128"
"4921.938717367","1594032128","1594032128","1594032128"
"4936.938075552","1594032128","1594032128","1594032128"
"4951.938568932","1594032128","1594032128","1594032128"
"4966.938095612","1594032128","1594032128","1594032128"
"4981.93849998","1594032128","1594032128","1594032128"
"4996.938165446","1594032128","1594032128","1594032128"
"5011.938227969","1594032128","1594032128","1594032128"
"5026.937981397","1594032128","1594032128","1594032128"
"5041.938311359","1594032128","1594032128","1594032128"
"5056.93884792","1594032128","1594032128","1594032128"
"5071.938233496","1594032128","1594032128","1594032128"
"5086.938426871","1594032128","1594032128","1594032128"
"5101.938089003","1594032128","1594032128","1594032128"
"5116.937937545","1594032128","1594032128","1594032128"
"5131.938854509","1594032128","1594032128","1594032128"
"5146.938144026","1594032128","1594032128","1594032128"
"5161.938329968","1594032128","1594032128","1594032128"
"5176.938750835","1594032128","1594032128","1594032128"
"5191.938766278","1594032128","1594032128","1594032128"
"5206.937889732","1594032128","1594032128","1594032128"
"5221.938567782","1594032128","1594032128","1594032128"
"5236.938555314","1594032128","1594032128","1594032128"
"5251.938856613","1594032128","1594032128","1594032128"
"5266.938785977","1594032128","1594032128","1594032128"
"5281.938817728","1594032128","1594032128","1594032128"
"5296.938940104","1594032128","1594032128","1594032128"
"5311.938339425","1594032128","1594032128","1594032128"
"5326.938818755","1594032128","1594032128","1594032128"
"5341.937889657","1594032128","1594032128","1594032128"
"5356.937679854","1594032128","1594032128","1594032128"
"5371.938745199","1594032128","1594032128","1594032128"
"5386.938833999","1594032128","1594032128","1594032128"
"5401.93840383","1594032128","1594032128","1594032128"
"5416.939026795","1594032128","1594032128","1594032128"
"5431.938594874","1594032128","1594032128","1594032128"
"5446.93816982","1594032128","1594032128","1594032128"
"5461.938841688","1594032128","1594032128","1594032128"
"5476.937962728","1594032128","1594032128","1594032128"
"5491.938147243","1594032128","1594032128","1594032128"
"5506.93783744","1594032128","1594032128","1594032128"
"5521.938761193","1594032128","1594032128","1594032128"
"5536.938281693","1594032128","1594032128","1594032128"
"5551.938488991","1594032128","1594032128","1594032128"
"5566.938822071","1594032128","1594032128","1594032128"
"5581.938278389","1594032128","1594032128","1594032128"
"5596.93848732","1594032128","1594032128","1594032128"
"5611.938819327","1594032128","1594032128","1594032128"
"5626.937931186","1594032128","1594032128","1594032128"
"5641.938776011","1594032128","1594032128","1594032128"
"5656.93836997","1594032128","1594032128","1594032128"
"5671.938871103","1594032128","1594032128","1594032128"
"5686.938679705","1594032128","1594032128","1594032128"
"5701.938233722","1594032128","1594032128","1594032128"
"5716.938263277","1594032128","1594032128","1594032128"
"5731.938054859","1594032128","1594032128","1594032128"
"5746.938421455","1594032128","1594032128","1594032128"
"5761.938202231","1594032128","1594032128","1594032128"
"5776.938926809","1594032128","1594032128","1594032128"
"5791.938071922","1594032128","1594032128","1594032128"
"5806.938621984","1594032128","1594032128","1594032128"
"5821.938940156","1594032128","1594032128","1594032128"
"5836.938451146","1594032128","1594032128","1594032128"
"5851.938236262","1594032128","1594032128","1594032128"
"5866.93879581","1594032128","1594032128","1594032128"
"5881.938700953","1594032128","1594032128","1594032128"
"5896.937918315","1594032128","1594032128","1594032128"
"5911.938299565","1594032128","1594032128","1594032128"
"5926.938031054","1594032128","1594032128","1594032128"
"5941.938158548","1594032128","1594032128","1594032128"
"5956.938910437","1594032128","1594032128","1594032128"
"5971.938191058","1594032128","1594032128","1594032128"
"5986.938052614","1594032128","1594032128","1594032128"
"6001.938707918","1594032128","1594032128","1594032128"
"6016.938269159","1594032128","1594032128","1594032128"
"6031.938259912","1594032128","1594032128","1594032128"
"6046.937917779","1594032128","1594032128","1594032128"
"6061.938214454","1594032128","1594032128","1594032128"
"6076.938729657","1594032128","1594032128","1594032128"
"6091.938109746","1594032128","1594032128","1594032128"
"6106.937903666","1594032128","1594032128","1594032128"
"6121.938606843","1594032128","1594032128","1594032128"
"6136.938354597","1594032128","1594032128","1594032128"
"6151.938280195","1594032128","1594032128","1594032128"
"6166.938483515","1594032128","1594032128","1594032128"
"6181.938243571","1594032128","1594032128","1594032128"
"6196.938322523","1594032128","1594032128","1594032128"
"6211.93804665","1594032128","1594032128","1594032128"
"6226.938374689","1594032128","1594032128","1594032128"
"6241.939006417","1594032128","1594032128","1594032128"
"6256.93894096","1594032128","1594032128","1594032128"
"6271.93882872","1594032128","1594032128","1594032128"
"6286.938493069","1594032128","1594032128","1594032128"
"6301.938284613","1594032128","1594032128","1594032128"
"6316.938538985","1594032128","1594032128","1594032128"
"6331.937946263","1594032128","1594032128","1594032128"
"6346.938422436","1594032128","1594032128","1594032128"
"6361.938660146","1594032128","1594032128","1594032128"
"6376.938401917","1594032128","1594032128","1594032128"
"6391.938605497","1594032128","1594032128","1594032128"
"6406.93830731","1594032128","1594032128","1594032128"
"6421.938836615","1594032128","1594032128","1594032128"
"6436.938416564","1594032128","1594032128","1594032128"
"6451.938733056","1594032128","1594032128","1594032128"
"6466.938866745","1594032128","1594032128","1594032128"
"6481.939094001","1594032128","1594032128","1594032128"
"6496.938755717","1594032128","1594032128","1594032128"
"6511.937869082","1594032128","1594032128","1594032128"
"6526.938478121","1594032128","1594032128","1594032128"
"6541.938686641","1594032128","1594032128","1594032128"
"6556.938209147","1594032128","1594032128","1594032128"
"6571.938800443","1594032128","1594032128","1594032128"
"6586.938742127","1594032128","1594032128","1594032128"
"6601.938714149","1594032128","1594032128","1594032128"
"6616.937778915","1594032128","1594032128","1594032128"
"6631.938312926","1594032128","1594032128","1594032128"
"6646.938296025","1594032128","1594032128","1594032128"
"6661.938229214","1594032128","1594032128","1594032128"
"6676.938251145","1594032128","1594032128","1594032128"
"6691.938788808","1594032128","1594032128","1594032128"
"6706.938202966","1594032128","1594032128","1594032128"
"6721.938311494","1594032128","1594032128","1594032128"
"6736.937839105","1594032128","1594032128","1594032128"
"6751.938307639","1594032128","1594032128","1594032128"
"6766.938955202","1594032128","1594032128","1594032128"
"6781.938664962","1594032128","1594032128","1594032128"
"6796.938564419","1594032128","1594032128","1594032128"
"6811.938678489","1594032128","1594032128","1594032128"
"6826.938717129","1594032128","1594032128","1594032128"
"6841.937935655","1594032128","1594032128","1594032128"
"6856.938618639","1594032128","1594032128","1594032128"
"6871.938102512","1594032128","1594032128","1594032128"
"6886.938030174","1594032128","1594032128","1594032128"
"6901.938693726","1594032128","1594032128","1594032128"
"6916.938802453","1594032128","1594032128","1594032128"
"6931.938693147","1594032128","1594032128","1594032128"
"6946.937863075","1594032128","1594032128","1594032128"
"6961.938810934","1594032128","1594032128","1594032128"
"6976.938151976","1594032128","1594032128","1594032128"
"6991.93818563","1594032128","1594032128","1594032128"
"7006.93850353","1594032128","1594032128","1594032128"
"7021.938742413","1594032128","1594032128","1594032128"
"7036.938174031","1594032128","1594032128","1594032128"
"7051.938765648","1594032128","1594032128","1594032128"
"7066.938145462","1594032128","1594032128","1594032128"
"7081.938463611","1594032128","1594032128","1594032128"
"7096.938226966","1594032128","1594032128","1594032128"
"7111.93847756","1594032128","1594032128","1594032128"
"7126.938533946","1594032128","1594032128","1594032128"
"7141.938467669","1594032128","1594032128","1594032128"
"7156.938436926","1594032128","1594032128","1594032128"
"7171.938668161","1594032128","1594032128","1594032128"
"7186.938654003","1594032128","1594032128","1594032128"
"7201.938028985","1594032128","1594032128","1594032128"
"7216.938352823","1594032128","1594032128","1594032128"
"7231.938483949","1594032128","1594032128","1594032128"
"7246.938258672","1594032128","1594032128","1594032128"
"7261.938310431","1594032128","1594032128","1594032128"
"7276.93823325","1594032128","1594032128","1594032128"
"7291.938696017","1594032128","1594032128","1594032128"
"7306.937987034","1594032128","1594032128","1594032128"
"7321.938795474","1594032128","1594032128","1594032128"
"7336.938249065","1594032128","1594032128","1594032128"
"7351.938215284","1594032128","1594032128","1594032128"
"7366.938779323","1594032128","1594032128","1594032128"
"7381.938112634","1594032128","1594032128","1594032128"
"7396.938441584","1594032128","1594032128","1594032128"
"7411.938550783","1594032128","1594032128","1594032128"
"7426.938185578","1594032128","1594032128","1594032128"
"7441.93879513","1594032128","1594032128","1594032128"
"7456.938243373","1594032128","1594032128","1594032128"
"7471.938056131","1594032128","1594032128","1594032128"
"7486.938944898","1594032128","1594032128","1594032128"
"7501.938178185","1594032128","1594032128","1594032128"
"7516.938723552","1594032128","1594032128","1594032128"
"7531.938159323","1594032128","1594032128","1594032128"
"7546.938570558","1594032128","1594032128","1594032128"
"7561.93850125","1594032128","1594032128","1594032128"
"7576.937877673","1594032128","1594032128","1594032128"
"7591.938134378","1594032128","1594032128","1594032128"
"7606.938279426","1594032128","1594032128","1594032128"
"7621.937901418","1594032128","1594032128","1594032128"
"7636.93808864","1594032128","1594032128","1594032128"
"7651.938370701","1594032128","1594032128","1594032128"
"7666.937719548","1594032128","1594032128","1594032128"
"7681.937969191","1594032128","1594032128","1594032128"
"7696.937976329","1594032128","1594032128","1594032128"
"7711.938232868","1594032128","1594032128","1594032128"
"7726.938060918","1594032128","1594032128","1594032128"
"7741.937937066","1594032128","1594032128","1594032128"
"7756.938673362","1594032128","1594032128","1594032128"
"7771.937567569","1594032128","1594032128","1594032128"
"7786.938239455","1594032128","1594032128","1594032128"
"7801.938348957","1594032128","1594032128","1594032128"
"7816.938312783","1594032128","1594032128","1594032128"
"7831.938299516","1594032128","1594032128","1594032128"
"7846.938026368","1594032128","1594032128","1594032128"
"7861.937999471","1594032128","1594032128","1594032128"
"7876.938261902","1594032128","1594032128","1594032128"
"7891.938609517","1594032128","1594032128","1594032128"
"7906.938010274","1594032128","1594032128","1594032128"
"7921.938030908","1594032128","1594032128","1594032128"
"7936.937982304","1594032128","1594032128","1594032128"
"7951.938763251","1594032128","1594032128","1594032128"
"7966.938188321","1594032128","1594032128","1594032128"
"7981.938571312","1594032128","1594032128","1594032128"
"7996.93849118","1594032128","1594032128","1594032128"
"8011.938086445","1594032128","1594032128","1594032128"
"8026.938358626","1594032128","1594032128","1594032128"
"8041.938098564","1594032128","1594032128","1594032128"
"8056.937927983","1594032128","1594032128","1594032128"
"8071.938781904","1594032128","1594032128","1594032128"
"8086.939093468","1594032128","1594032128","1594032128"
"8101.938338778","1594032128","1594032128","1594032128"
"8116.938332736","1594032128","1594032128","1594032128"
"8131.937779885","1594032128","1594032128","1594032128"
"8146.938658371","1594032128","1594032128","1594032128"
"8161.938317846","1594032128","1594032128","1594032128"
"8176.93883499","1594032128","1594032128","1594032128"
"8191.938017411","1594032128","1594032128","1594032128"
"8206.938713722","1594032128","1594032128","1594032128"
"8221.938043245","1594032128","1594032128","1594032128"
"8236.938034877","1594032128","1594032128","1594032128"
"8251.938082362","1594032128","1594032128","1594032128"
"8266.938077704","1594032128","1594032128","1594032128"
"8281.938302365","1594032128","1594032128","1594032128"
"8296.938296625","1594032128","1594032128","1594032128"
"8311.938771348","1594032128","1594032128","1594032128"
"8326.938324351","1594032128","1594032128","1594032128"
"8341.938349875","1594032128","1594032128","1594032128"
"8356.938853822","1594032128","1594032128","1594032128"
"8371.938540411","1594032128","1594032128","1594032128"
"8386.938283958","1594032128","1594032128","1594032128"
"8401.938469817","1594032128","1594032128","1594032128"
"8416.938190529","1594032128","1594032128","1594032128"
"8431.938665501","1594032128","1594032128","1594032128"
"8446.938516562","1594032128","1594032128","1594032128"
"8461.938632864","1594032128","1594032128","1594032128"
"8476.938130497","1594032128","1594032128","1594032128"
"8491.938397992","1594032128","1594032128","1594032128"
"8506.938342036","1594032128","1594032128","1594032128"
"8521.938357345","1594032128","1594032128","1594032128"
"8536.938138218","1594032128","1594032128","1594032128"
"8551.93828009","1594032128","1594032128","1594032128"
"8566.93830903","1594032128","1594032128","1594032128"
"8581.93891556","1594032128","1594032128","1594032128"
"8596.938854271","1594032128","1594032128","1594032128"
"8611.937962494","1594032128","1594032128","1594032128"
"8626.938817817","1594032128","1594032128","1594032128"
"8641.938612089","1594032128","1594032128","1594032128"
"8656.93803762","1594032128","1594032128","1594032128"
"8671.938026177","1594032128","1594032128","1594032128"
"8686.93862201","1594032128","1594032128","1594032128"
"8701.938365541","1594032128","1594032128","1594032128"
"8716.938318763","1594032128","1594032128","1594032128"
"8731.937850883","1594032128","1594032128","1594032128"
"8746.938546309","1594032128","1594032128","1594032128"
"8761.93883334","1594032128","1594032128","1594032128"
"8776.938317539","1594032128","1594032128","1594032128"
"8791.938501316","1594032128","1594032128","1594032128"
"8806.938383613","1594032128","1594032128","1594032128"
"8821.93853242","1594032128","1594032128","1594032128"
"8836.938756911","1594032128","1594032128","1594032128"
"8851.939259962","1594032128","1594032128","1594032128"
"8866.938120605","1594032128","1594032128","1594032128"
"8881.938040133","1594032128","1594032128","1594032128"
"8896.937984719","1594032128","1594032128","1594032128"
"8911.938429566","1594032128","1594032128","1594032128"
"8926.937986389","1594032128","1594032128","1594032128"
"8941.938914094","1594032128","1594032128","1594032128"
"8956.938029746","1594032128","1594032128","1594032128"
"8971.937867552","1594032128","1594032128","1594032128"
"8986.938636904","1594032128","1594032128","1594032128"
"9001.937817622","1594032128","1594032128","1594032128"
"9016.938655091","1594032128","1594032128","1594032128"
"9031.93885346","1594032128","1594032128","1594032128"
"9046.938291326","1594032128","1594032128","1594032128"
"9061.938335541","1594032128","1594032128","1594032128"
"9076.938863406","1594032128","1594032128","1594032128"
"9091.938554788","1594032128","1594032128","1594032128"
"9106.937785294","1594032128","1594032128","1594032128"
"9121.938551796","1594032128","1594032128","1594032128"
"9136.938532011","1594032128","1594032128","1594032128"
"9151.938090355","1594032128","1594032128","1594032128"
"9166.938788849","1594032128","1594032128","1594032128"
"9181.93783982","1594032128","1594032128","1594032128"
"9196.937943656","1594032128","1594032128","1594032128"
"9211.93855065","1594032128","1594032128","1594032128"
"9226.937930381","1594032128","1594032128","1594032128"
"9241.938631331","1594032128","1594032128","1594032128"
"9256.937747874","1594032128","1594032128","1594032128"
"9271.938736711","1594032128","1594032128","1594032128"
"9286.938192566","1594032128","1594032128","1594032128"
"9301.938422932","1594032128","1594032128","1594032128"
"9316.937831293","1594032128","1594032128","1594032128"
"9331.93863775","1594032128","1594032128","1594032128"
"9346.938474036","1594032128","1594032128","1594032128"
"9361.938227843","1594032128","1594032128","1594032128"
"9376.938411925","1594032128","1594032128","1594032128"
"9391.937963083","1594032128","1594032128","1594032128"
"9406.9384487","1594032128","1594032128","1594032128"
"9421.937849088","1594032128","1594032128","1594032128"
"9436.938236594","1594032128","1594032128","1594032128"
"9451.937935468","1594032128","1594032128","1594032128"
"9466.938499971","1594032128","1594032128","1594032128"
"9481.938703192","1594032128","1594032128","1594032128"
"9496.938294053","1594032128","1594032128","1594032128"
"9511.93849879","1594032128","1594032128","1594032128"
"9526.938048273","1594032128","1594032128","1594032128"
"9541.938194171","1594032128","1594032128","1594032128"
"9556.938374876","1594032128","1594032128","1594032128"
"9571.938459288","1594032128","1594032128","1594032128"
"9586.938396119","1594032128","1594032128","1594032128"
"9601.938383703","1594032128","1594032128","1594032128"
"9616.938223276","1594032128","1594032128","1594032128"
"9631.938667899","1594032128","1594032128","1594032128"
"9646.938368461","1594032128","1594032128","1594032128"
"9661.938602688","1594032128","1594032128","1594032128"
"9676.938343763","1594032128","1594032128","1594032128"
"9691.938824951","1594032128","1594032128","1594032128"
"9706.937853742","1594032128","1594032128","1594032128"
"9721.938910024","1594032128","1594032128","1594032128"
"9736.938815399","1594032128","1594032128","1594032128"
"9751.938023387","1594032128","1594032128","1594032128"
"9766.937869866","1594032128","1594032128","1594032128"
"9781.938553737","1594032128","1594032128","1594032128"
"9796.938976578","1594032128","1594032128","1594032128"
"9811.938357865","1594032128","1594032128","1594032128"
"9826.938854528","1594032128","1594032128","1594032128"
"9841.938558994","1594032128","1594032128","1594032128"
"9856.938810417","1594032128","1594032128","1594032128"
"9871.93806629","1594032128","1594032128","1594032128"
"9886.938192158","1594032128","1594032128","1594032128"
"9901.938865091","1594032128","1594032128","1594032128"
"9916.93787105","1594032128","1594032128","1594032128"
"9931.93865669","1594032128","1594032128","1594032128"
"9946.938092469","1594032128","1594032128","1594032128"
"9961.938801229","1594032128","1594032128","1594032128"
"9976.938443133","1594032128","1594032128","1594032128"
"9991.938880517","1594032128","1594032128","1594032128"
"10006.938468848","1594032128","1594032128","1594032128"
"10021.937965326","1594032128","1594032128","1594032128"
"10036.93816935","1594032128","1594032128","1594032128"
"10051.938406422","1594032128","1594032128","1594032128"
"10066.938586924","1594032128","1594032128","1594032128"
"10081.938467063","1594032128","1594032128","1594032128"
"10096.938426146","1594032128","1594032128","1594032128"
"10111.938715803","1594032128","1594032128","1594032128"
"10126.938857087","1594032128","1594032128","1594032128"
"10141.938030098","1594032128","1594032128","1594032128"
"10156.938313349","1594032128","1594032128","1594032128"
"10171.938714475","1594032128","1594032128","1594032128"
"10186.938612956","1594032128","1594032128","1594032128"
"10201.938208744","1594032128","1594032128","1594032128"
"10216.938771812","1594032128","1594032128","1594032128"
"10231.938840684","1594032128","1594032128","1594032128"
"10246.938364946","1594032128","1594032128","1594032128"
"10261.93830824","1594032128","1594032128","1594032128"
"10276.938962932","1594032128","1594032128","1594032128"
"10291.938771598","1594032128","1594032128","1594032128"
"10306.938592763","1594032128","1594032128","1594032128"
"10321.938319628","1594032128","1594032128","1594032128"
"10336.938138624","1594032128","1594032128","1594032128"
"10351.938825732","1594032128","1594032128","1594032128"
"10366.938377418","1594032128","1594032128","1594032128"
"10381.938731595","1594032128","1594032128","1594032128"
"10396.938304675","1594032128","1594032128","1594032128"
"10411.938798367","1594032128","1594032128","1594032128"
"10426.938799519","1594032128","1594032128","1594032128"
"10441.938576499","1594032128","1594032128","1594032128"
"10456.938016724","1594032128","1594032128","1594032128"
"10471.938457377","1594032128","1594032128","1594032128"
"10486.937999514","1594032128","1594032128","1594032128"
"10501.938103922","1594032128","1594032128","1594032128"
"10516.938260569","1594032128","1594032128","1594032128"
"10531.938653856","1594032128","1594032128","1594032128"
"10546.938640533","1594032128","1594032128","1594032128"
"10561.938462561","1594032128","1594032128","1594032128"
"10576.938330687","1594032128","1594032128","1594032128"
"10591.937819319","1594032128","1594032128","1594032128"
"10606.938325699","1594032128","1594032128","1594032128"
"10621.938183455","1594032128","1594032128","1594032128"
"10636.938338662","1594032128","1594032128","1594032128"
"10651.938398533","1594032128","1594032128","1594032128"
"10666.93868632","1594032128","1594032128","1594032128"
"10681.937992155","1594032128","1594032128","1594032128"
"10696.937834039","1594032128","1594032128","1594032128"
"10711.938475244","1594032128","1594032128","1594032128"
"10726.938108728","1594032128","1594032128","1594032128"
"10741.938800686","1594032128","1594032128","1594032128"
"10756.938339019","1594032128","1594032128","1594032128"
"10771.937916913","1594032128","1594032128","1594032128"
"10786.938459716","1594032128","1594032128","1594032128"
"10801.938807589","1594032128","1594032128","1594032128"
"10816.938039577","1594032128","1594032128","1594032128"
"10831.938007746","1594032128","1594032128","1594032128"
"10846.93859934","1594032128","1594032128","1594032128"
"10861.937688355","1594032128","1594032128","1594032128"
"10876.938361596","1594032128","1594032128","1594032128"
"10891.938278611","1594032128","1594032128","1594032128"
"10906.937748168","1594032128","1594032128","1594032128"
"10921.938148784","1594032128","1594032128","1594032128"
"10936.938371013","1594032128","1594032128","1594032128"
"10951.938049417","1594032128","1594032128","1594032128"
"10966.93788886","1594032128","1594032128","1594032128"
"10981.938146094","1594032128","1594032128","1594032128"
"10996.938628649","1594032128","1594032128","1594032128"
"11011.938313824","1594032128","1594032128","1594032128"
"11026.938570167","1594032128","1594032128","1594032128"
"11041.938976595","1594032128","1594032128","1594032128"
"11056.939041625","1594032128","1594032128","1594032128"
"11071.938237413","1594032128","1594032128","1594032128"
"11086.938368952","1594032128","1594032128","1594032128"
"11101.938870094","1594032128","1594032128","1594032128"
"11116.938611066","1594032128","1594032128","1594032128"
"11131.938018157","1594032128","1594032128","1594032128"
"11146.938430467","1594032128","1594032128","1594032128"
"11161.938848461","1594032128","1594032128","1594032128"
"11176.938298745","1594032128","1594032128","1594032128"
"11191.938546872","1594032128","1594032128","1594032128"
"11206.938630501","1594032128","1594032128","1594032128"
"11221.938289801","1594032128","1594032128","1594032128"
"11236.938707069","1594032128","1594032128","1594032128"
"11251.938535187","1594032128","1594032128","1594032128"
"11266.938729222","1594032128","1594032128","1594032128"
"11281.937996299","1594032128","1594032128","1594032128"
"11296.938550515","1594032128","1594032128","1594032128"
"11311.938758785","1594032128","1594032128","1594032128"
"11326.938836871","1594032128","1594032128","1594032128"
"11341.938386198","1594032128","1594032128","1594032128"
"11356.938549444","1594032128","1594032128","1594032128"
"11371.938703137","1594032128","1594032128","1594032128"
"11386.937928198","1594032128","1594032128","1594032128"
"11401.938331222","1594032128","1594032128","1594032128"
"11416.938707832","1594032128","1594032128","1594032128"
"11431.938228555","1594032128","1594032128","1594032128"
"11446.938351645","1594032128","1594032128","1594032128"
"11461.938690659","1594032128","1594032128","1594032128"
"11476.938223106","1594032128","1594032128","1594032128"
"11491.938244704","1594032128","1594032128","1594032128"
"11506.938799482","1594032128","1594032128","1594032128"
"11521.938577443","1594032128","1594032128","1594032128"
"11536.938922767","1594032128","1594032128","1594032128"
"11551.938363636","1594032128","1594032128","1594032128"
"11566.938855411","1594032128","1594032128","1594032128"
"11581.938622064","1594032128","1594032128","1594032128"
"11596.938183572","1594032128","1594032128","1594032128"
"11611.940298204","1594032128","1594032128","1594032128"
"11626.938488584","1594032128","1594032128","1594032128"
"11641.938727323","1594032128","1594032128","1594032128"
"11656.938218878","1594032128","1594032128","1594032128"
"11671.938748321","1594032128","1594032128","1594032128"
"11686.938259721","1594032128","1594032128","1594032128"
"11701.938804842","1594032128","1594032128","1594032128"
"11716.938603239","1594032128","1594032128","1594032128"
"11731.938022879","1594032128","1594032128","1594032128"
"11746.938735448","1594032128","1594032128","1594032128"
"11761.9384459","1594032128","1594032128","1594032128"
"11776.938156847","1594032128","1594032128","1594032128"
"11791.938386715","1594032128","1594032128","1594032128"
"11806.938159712","1594032128","1594032128","1594032128"
"11821.93904058","1594032128","1594032128","1594032128"
"11836.938154338","1594032128","1594032128","1594032128"
"11851.938262197","1594032128","1594032128","1594032128"
"11866.938626667","1594032128","1594032128","1594032128"
"11881.938753219","1594032128","1594032128","1594032128"
"11896.938074083","1594032128","1594032128","1594032128"
"11911.937920646","1594032128","1594032128","1594032128"
"11926.938381394","1594032128","1594032128","1594032128"
"11941.938132657","1594032128","1594032128","1594032128"
"11956.938608218","1594032128","1594032128","1594032128"
"11971.93882198","1594032128","1594032128","1594032128"
"11986.93842064","1594032128","1594032128","1594032128"
"12001.938001525","1594032128","1594032128","1594032128"
"12016.938499989","1594032128","1594032128","1594032128"
"12031.938029823","1594032128","1594032128","1594032128"
"12046.938103658","1594032128","1594032128","1594032128"
"12061.938328546","1594032128","1594032128","1594032128"
"12076.938151916","1594032128","1594032128","1594032128"
"12091.938075231","1594032128","1594032128","1594032128"
"12106.937959825","1594032128","1594032128","1594032128"
"12121.938484983","1594032128","1594032128","1594032128"
"12136.938626631","1594032128","1594032128","1594032128"
"12151.938737938","1594032128","1594032128","1594032128"
"12166.938782918","1594032128","1594032128","1594032128"
"12181.938539636","1594032128","1594032128","1594032128"
"12196.93858168","1594032128","1594032128","1594032128"
"12211.938934252","1594032128","1594032128","1594032128"
"12226.938010575","1594032128","1594032128","1594032128"
"12241.93859172","1594032128","1594032128","1594032128"
"12256.938635146","1594032128","1594032128","1594032128"
"12271.938492322","1594032128","1594032128","1594032128"
"12286.938246278","1594032128","1594032128","1594032128"
"12301.938679568","1594032128","1594032128","1594032128"
"12316.9386022","1594032128","1594032128","1594032128"
"12331.93800556","1594032128","1594032128","1594032128"
"12346.938347072","1594032128","1594032128","1594032128"
"12361.937909535","1594032128","1594032128","1594032128"
"12376.938414579","1594032128","1594032128","1594032128"
"12391.938355541","1594032128","1594032128","1594032128"
"12406.938199585","1594032128","1594032128","1594032128"
"12421.938431105","1594032128","1594032128","1594032128"
"12436.93840988","1594032128","1594032128","1594032128"
"12451.938350268","1594032128","1594032128","1594032128"
"12466.938411374","1594032128","1594032128","1594032128"
"12481.938163062","1594032128","1594032128","1594032128"
"12496.938012868","1594032128","1594032128","1594032128"
"12511.938747235","1594032128","1594032128","1594032128"
"12526.938376274","1594032128","1594032128","1594032128"
"12541.938771237","1594032128","1594032128","1594032128"
"12556.938750973","1594032128","1594032128","1594032128"
"12571.938258528","1594032128","1594032128","1594032128"
"12586.938192341","1594032128","1594032128","1594032128"
"12601.938605716","1594032128","1594032128","1594032128"
"12616.93866043","1594032128","1594032128","1594032128"
"12631.938968998","1594032128","1594032128","1594032128"
"12646.938386568","1594032128","1594032128","1594032128"
"12661.938017113","1594032128","1594032128","1594032128"
"12676.938951321","1594032128","1594032128","1594032128"
"12691.937984675","1594032128","1594032128","1594032128"
"12706.938469811","1594032128","1594032128","1594032128"
"12721.938287184","1594032128","1594032128","1594032128"
"12736.938921391","1594032128","1594032128","1594032128"
"12751.938345854","1594032128","1594032128","1594032128"
"12766.938617961","1594032128","1594032128","1594032128"
"12781.938384993","1594032128","1594032128","1594032128"
"12796.938293612","1594032128","1594032128","1594032128"
"12811.938927001","1594032128","1594032128","1594032128"
"12826.938076115","1594032128","1594032128","1594032128"
"12841.938522625","1594032128","1594032128","1594032128"
"12856.938193573","1594032128","1594032128","1594032128"
"12871.937928606","1594032128","1594032128","1594032128"
"12886.938600092","1594032128","1594032128","1594032128"
"12901.938478451","1594032128","1594032128","1594032128"
"12916.938482843","1594032128","1594032128","1594032128"
"12931.938684369","1594032128","1594032128","1594032128"
"12946.938893646","1594032128","1594032128","1594032128"
"12961.938671397","1594032128","1594032128","1594032128"
"12976.938274186","1594032128","1594032128","1594032128"
"12991.939053896","1594032128","1594032128","1594032128"
"13006.939143334","1594032128","1594032128","1594032128"
"13021.938624962","1594032128","1594032128","1594032128"
"13036.938024152","1594032128","1594032128","1594032128"
"13051.938050246","1594032128","1594032128","1594032128"
"13066.938869352","1594032128","1594032128","1594032128"
"13081.937965055","1594032128","1594032128","1594032128"
"13096.938059243","1594032128","1594032128","1594032128"
"13111.938734731","1594032128","1594032128","1594032128"
"13126.938951479","1594032128","1594032128","1594032128"
"13141.938246338","1594032128","1594032128","1594032128"
"13156.938423886","1594032128","1594032128","1594032128"
"13171.938662795","1594032128","1594032128","1594032128"
"13186.938768105","1594032128","1594032128","1594032128"
"13201.93804268","1594032128","1594032128","1594032128"
"13216.937975843","1594032128","1594032128","1594032128"
"13231.938613938","1594032128","1594032128","1594032128"
"13246.938794788","1594032128","1594032128","1594032128"
"13261.938423135","1594032128","1594032128","1594032128"
"13276.937751494","1594032128","1594032128","1594032128"
"13291.938457802","1594032128","1594032128","1594032128"
"13306.938417681","1594032128","1594032128","1594032128"
"13321.938229994","1594032128","1594032128","1594032128"
"13336.938806183","1594032128","1594032128","1594032128"
"13351.938076185","1594032128","1594032128","1594032128"
"13366.938413204","1594032128","1594032128","1594032128"
"13381.937865665","1594032128","1594032128","1594032128"
"13396.938931157","1594032128","1594032128","1594032128"
"13411.938514329","1594032128","1594032128","1594032128"
"13426.93824217","1594032128","1594032128","1594032128"
"13441.938779874","1594032128","1594032128","1594032128"
"13456.937995108","1594032128","1594032128","1594032128"
"13471.938650291","1594032128","1594032128","1594032128"
"13486.938761281","1594032128","1594032128","1594032128"
"13501.938616017","1594032128","1594032128","1594032128"
"13516.938070232","1594032128","1594032128","1594032128"
"13531.938866008","1594032128","1594032128","1594032128"
"13546.938021968","1594032128","1594032128","1594032128"
"13561.93820814","1594032128","1594032128","1594032128"
"13576.938413625","1594032128","1594032128","1594032128"
"13591.938340432","1594032128","1594032128","1594032128"
"13606.937778679","1594032128","1594032128","1594032128"
"13621.938187026","1594032128","1594032128","1594032128"
"13636.938041773","1594032128","1594032128","1594032128"
"13651.938366926","1594032128","1594032128","1594032128"
"13666.938470242","1594032128","1594032128","1594032128"
"13681.938714432","1594032128","1594032128","1594032128"
"13696.938836286","1594032128","1594032128","1594032128"
"13711.938886154","1594032128","1594032128","1594032128"
"13726.939008341","1594032128","1594032128","1594032128"
"13741.938752954","1594032128","1594032128","1594032128"
"13756.93871347","1594032128","1594032128","1594032128"
"13771.938561928","1594032128","1594032128","1594032128"
"13786.938344308","1594032128","1594032128","1594032128"
"13801.938451767","1594032128","1594032128","1594032128"
"13816.938152164","1594032128","1594032128","1594032128"
"13831.938271162","1594032128","1594032128","1594032128"
"13846.938025084","1594032128","1594032128","1594032128"
"13861.938526257","1594032128","1594032128","1594032128"
"13876.938635448","1594032128","1594032128","1594032128"
"13891.938683785","1594032128","1594032128","1594032128"
"13906.937634125","1594032128","1594032128","1594032128"
"13921.938199549","1594032128","1594032128","1594032128"
"13936.938092694","1594032128","1594032128","1594032128"
"13951.938495072","1594032128","1594032128","1594032128"
"13966.938480639","1594032128","1594032128","1594032128"
"13981.938406444","1594032128","1594032128","1594032128"
"13996.93879802","1594032128","1594032128","1594032128"
"14011.938019775","1594032128","1594032128","1594032128"
"14026.938910955","1594032128","1594032128","1594032128"
"14041.937697852","1594032128","1594032128","1594032128"
"14056.937914692","1594032128","1594032128","1594032128"
"14071.938525308","1594032128","1594032128","1594032128"
"14086.938548133","1594032128","1594032128","1594032128"
"14101.93820627","1594032128","1594032128","1594032128"
"14116.938395576","1594032128","1594032128","1594032128"
"14131.938255187","1594032128","1594032128","1594032128"
"14146.938249818","1594032128","1594032128","1594032128"
"14161.938131061","1594032128","1594032128","1594032128"
"14176.938720446","1594032128","1594032128","1594032128"
"14191.938004276","1594032128","1594032128","1594032128"
"14206.938346157","1594032128","1594032128","1594032128"
"14221.93836125","1594032128","1594032128","1594032128"
"14236.938079149","1594032128","1594032128","1594032128"
"14251.938804321","1594032128","1594032128","1594032128"
"14266.938214005","1594032128","1594032128","1594032128"
"14281.938068017","1594032128","1594032128","1594032128"
"14296.93835541","1594032128","1594032128","1594032128"
"14311.938150257","1594032128","1594032128","1594032128"
"14326.938267793","1594032128","1594032128","1594032128"
"14341.938126985","1594032128","1594032128","1594032128"
"14356.938552525","1594032128","1594032128","1594032128"
"14371.938327826","1594032128","1594032128","1594032128"
"14386.938717894","1594032128","1594032128","1594032128"
"14401.938586593","1594032128","1594032128","1594032128"
"14416.937999862","1594032128","1594032128","1594032128"
"14431.93813014","1594032128","1594032128","1594032128"
"14446.938294712","1594032128","1594032128","1594032128"
"14461.938620022","1594032128","1594032128","1594032128"
"14476.938106636","1594032128","1594032128","1594032128"
"14491.938204952","1594032128","1594032128","1594032128"
"14506.939931139","1594032128","1594032128","1594032128"
"14521.938785833","1594032128","1594032128","1594032128"
"14536.938756294","1594032128","1594032128","1594032128"
"14551.937846451","1594032128","1594032128","1594032128"
"14566.938280629","1594032128","1594032128","1594032128"
"14581.937963165","1594032128","1594032128","1594032128"
"14596.938083176","1594032128","1594032128","1594032128"
"14611.938444641","1594032128","1594032128","1594032128"
"14626.938762078","1594032128","1594032128","1594032128"
"14641.938862866","1594032128","1594032128","1594032128"
"14656.93883736","1594032128","1594032128","1594032128"
"14671.938640012","1594032128","1594032128","1594032128"
"14686.938036613","1594032128","1594032128","1594032128"
"14701.938713009","1594032128","1594032128","1594032128"
"14716.938137917","1594032128","1594032128","1594032128"
"14731.938328743","1594032128","1594032128","1594032128"
"14746.937952042","1594032128","1594032128","1594032128"
"14761.938392738","1594032128","1594032128","1594032128"
"14776.938174202","1594032128","1594032128","1594032128"
"14791.938929889","1594032128","1594032128","1594032128"
"14806.938185604","1594032128","1594032128","1594032128"
"14821.939433022","1594032128","1594032128","1594032128"
"14836.937996117","1594032128","1594032128","1594032128"
"14851.938662078","1594032128","1594032128","1594032128"
"14866.93826438","1594032128","1594032128","1594032128"
"14881.938837221","1594032128","1594032128","1594032128"
"14896.938936695","1594032128","1594032128","1594032128"
"14911.93809339","1594032128","1594032128","1594032128"
"14926.938715275","1594032128","1594032128","1594032128"
"14941.938098998","1594032128","1594032128","1594032128"
"14956.938147851","1594032128","1594032128","1594032128"
"14971.938464559","1594032128","1594032128","1594032128"
"14986.93898834","1594032128","1594032128","1594032128"
"15001.938467542","1594032128","1594032128","1594032128"
"15016.937950688","1594032128","1594032128","1594032128"
"15031.938758604","1594032128","1594032128","1594032128"
"15046.938520651","1594032128","1594032128","1594032128"
"15061.938387251","1594032128","1594032128","1594032128"
"15076.939011021","1594032128","1594032128","1594032128"
"15091.938715829","1594032128","1594032128","1594032128"
"15106.938278427","1594032128","1594032128","1594032128"
"15121.938565203","1594032128","1594032128","1594032128"
"15136.938680876","1594032128","1594032128","1594032128"
"15151.938128168","1594032128","1594032128","1594032128"
"15166.938015687","1594032128","1594032128","1594032128"
"15181.93881874","1594032128","1594032128","1594032128"
"15196.938008175","1594032128","1594032128","1594032128"
"15211.938367324","1594032128","1594032128","1594032128"
"15226.938337246","1594032128","1594032128","1594032128"
"15241.938055933","1594032128","1594032128","1594032128"
"15256.938234597","1594032128","1594032128","1594032128"
"15271.938567178","1594032128","1594032128","1594032128"
"15286.938563111","1594032128","1594032128","1594032128"
"15301.938810101","1594032128","1594032128","1594032128"
"15316.938760131","1594032128","1594032128","1594032128"
"15331.938601662","1594032128","1594032128","1594032128"
"15346.938877658","1594032128","1594032128","1594032128"
"15361.937806115","1594032128","1594032128","1594032128"
"15376.937710054","1594032128","1594032128","1594032128"
"15391.938758677","1594032128","1594032128","1594032128"
"15406.938603112","1594032128","1594032128","1594032128"
"15421.937845136","1594032128","1594032128","1594032128"
"15436.938084029","1594032128","1594032128","1594032128"
"15451.93837587","1594032128","1594032128","1594032128"
"15466.938056606","1594032128","1594032128","1594032128"
"15481.938790081","1594032128","1594032128","1594032128"
"15496.938094592","1594032128","1594032128","1594032128"
"15511.938493645","1594032128","1594032128","1594032128"
"15526.937978063","1594032128","1594032128","1594032128"
"15541.938343137","1594032128","1594032128","1594032128"
"15556.93790772","1594032128","1594032128","1594032128"
"15571.938538863","1594032128","1594032128","1594032128"
"15586.938503163","1594032128","1594032128","1594032128"
"15601.937762428","1594032128","1594032128","1594032128"
"15616.938715709","1594032128","1594032128","1594032128"
"15631.938180136","1594032128","1594032128","1594032128"
"15646.937769489","1594032128","1594032128","1594032128"
"15661.938354868","1594032128","1594032128","1594032128"
"15676.937865578","1594032128","1594032128","1594032128"
"15691.938662715","1594032128","1594032128","1594032128"
"15706.938475056","1594032128","1594032128","1594032128"
"15721.938281115","1594032128","1594032128","1594032128"
"15736.938345582","1594032128","1594032128","1594032128"
"15751.938456019","1594032128","1594032128","1594032128"
"15766.938597082","1594032128","1594032128","1594032128"
"15781.938520881","1594032128","1594032128","1594032128"
"15796.938421859","1594032128","1594032128","1594032128"
"15811.938018873","1594032128","1594032128","1594032128"
"15826.937810107","1594032128","1594032128","1594032128"
"15841.93808092","1594032128","1594032128","1594032128"
"15856.93810572","1594032128","1594032128","1594032128"
"15871.938474647","1594032128","1594032128","1594032128"
"15886.938756882","1594032128","1594032128","1594032128"
"15901.937628531","1594032128","1594032128","1594032128"
"15916.938653126","1594032128","1594032128","1594032128"
"15931.937793569","1594032128","1594032128","1594032128"
"15946.93781299","1594032128","1594032128","1594032128"
"15961.938685426","1594032128","1594032128","1594032128"
"15976.938873552","1594032128","1594032128","1594032128"
"15991.938292965","1594032128","1594032128","1594032128"
"16006.937970982","1594032128","1594032128","1594032128"
"16021.938666708","1594032128","1594032128","1594032128"
"16036.938418075","1594032128","1594032128","1594032128"
"16051.938633972","1594032128","1594032128","1594032128"
"16066.938137878","1594032128","1594032128","1594032128"
"16081.938177274","1594032128","1594032128","1594032128"
"16096.938353738","1594032128","1594032128","1594032128"
"16111.93830114","1594032128","1594032128","1594032128"
"16126.938035321","1594032128","1594032128","1594032128"
"16141.938417105","1594032128","1594032128","1594032128"
"16156.938634144","1594032128","1594032128","1594032128"
"16171.938556219","1594032128","1594032128","1594032128"
"16186.938285243","1594032128","1594032128","1594032128"
"16201.938692067","1594032128","1594032128","1594032128"
"16216.938595952","1594032128","1594032128","1594032128"
"16231.938166345","1594032128","1594032128","1594032128"
"16246.937750087","1594032128","1594032128","1594032128"
"16261.938364423","1594032128","1594032128","1594032128"
"16276.938692678","1594032128","1594032128","1594032128"
"16291.938521375","1594032128","1594032128","1594032128"
"16306.938019069","1594032128","1594032128","1594032128"
"16321.938488583","1594032128","1594032128","1594032128"
"16336.938601499","1594032128","1594032128","1594032128"
"16351.93869192","1594032128","1594032128","1594032128"
"16366.938866681","1594032128","1594032128","1594032128"
"16381.938957135","1594032128","1594032128","1594032128"
"16396.937996457","1594032128","1594032128","1594032128"
"16411.937856793","1594032128","1594032128","1594032128"
"16426.938142506","1594032128","1594032128","1594032128"
"16441.937834258","1594032128","1594032128","1594032128"
"16456.938499526","1594032128","1594032128","1594032128"
"16471.938687109","1594032128","1594032128","1594032128"
"16486.938529687","1594032128","1594032128","1594032128"
"16501.938720833","1594032128","1594032128","1594032128"
"16516.938291187","1594032128","1594032128","1594032128"
"16531.938191538","1594032128","1594032128","1594032128"
"16546.938642924","1594032128","1594032128","1594032128"
"16561.938165929","1594032128","1594032128","1594032128"
"16576.938193478","1594032128","1594032128","1594032128"
"16591.938434564","1594032128","1594032128","1594032128"
"16606.938164137","1594032128","1594032128","1594032128"
"16621.938139045","1594032128","1594032128","1594032128"
"16636.938587462","1594032128","1594032128","1594032128"
"16651.938443964","1594032128","1594032128","1594032128"
"16666.937901377","1594032128","1594032128","1594032128"
"16681.938732985","1594032128","1594032128","1594032128"
"16696.938497901","1594032128","1594032128","1594032128"
"16711.938315089","1594032128","1594032128","1594032128"
"16726.93845317","1594032128","1594032128","1594032128"
"16741.938206122","1594032128","1594032128","1594032128"
"16756.938528012","1594032128","1594032128","1594032128"
"16771.938768159","1594032128","1594032128","1594032128"
"16786.938674636","1594032128","1594032128","1594032128"
"16801.938483864","1594032128","1594032128","1594032128"
"16816.938029016","1594032128","1594032128","1594032128"
"16831.938261895","1594032128","1594032128","1594032128"
"16846.938566389","1594032128","1594032128","1594032128"
"16861.93861177","1594032128","1594032128","1594032128"
"16876.93786984","1594032128","1594032128","1594032128"
"16891.938163235","1594032128","1594032128","1594032128"
"16906.938560394","1594032128","1594032128","1594032128"
"16921.938253226","1594032128","1594032128","1594032128"
"16936.938281454","1594032128","1594032128","1594032128"
"16951.938901289","1594032128","1594032128","1594032128"
"16966.938548434","1594032128","1594032128","1594032128"
"16981.938308167","1594032128","1594032128","1594032128"
"16996.938904903","1594032128","1594032128","1594032128"
"17011.937865538","1594032128","1594032128","1594032128"
"17026.938115339","1594032128","1594032128","1594032128"
"17041.938313859","1594032128","1594032128","1594032128"
"17056.938194378","1594032128","1594032128","1594032128"
"17071.938950965","1594032128","1594032128","1594032128"
"17086.938483789","1594032128","1594032128","1594032128"
"17101.938335935","1594032128","1594032128","1594032128"
"17116.938201964","1594032128","1594032128","1594032128"
"17131.938931091","1594032128","1594032128","1594032128"
"17146.938114149","1594032128","1594032128","1594032128"
"17161.938690085","1594032128","1594032128","1594032128"
"17176.938513813","1594032128","1594032128","1594032128"
"17191.938464465","1594032128","1594032128","1594032128"
"17206.938756112","1594032128","1594032128","1594032128"
"17221.937878687","1594032128","1594032128","1594032128"
"17236.938356199","1594032128","1594032128","1594032128"
"17251.938277563","1594032128","1594032128","1594032128"
"17266.938880648","1594032128","1594032128","1594032128"
"17281.938596372","1594032128","1594032128","1594032128"
"17296.938560212","1594032128","1594032128","1594032128"
"17311.938136279","1594032128","1594032128","1594032128"
"17326.938623555","1594032128","1594032128","1594032128"
"17341.938227884","1594032128","1594032128","1594032128"
"17356.938580724","1594032128","1594032128","1594032128"
"17371.938004523","1594032128","1594032128","1594032128"
"17386.938305908","1594032128","1594032128","1594032128"
"17401.938748367","1594032128","1594032128","1594032128"
"17416.937959513","1594032128","1594032128","1594032128"
"17431.938319851","1594032128","1594032128","1594032128"
"17446.938374678","1594032128","1594032128","1594032128"
"17461.938514956","1594032128","1594032128","1594032128"
"17476.938414616","1594032128","1594032128","1594032128"
"17491.938341509","1594032128","1594032128","1594032128"
"17506.938389782","1594032128","1594032128","1594032128"
"17521.937946171","1594032128","1594032128","1594032128"
"17536.938519404","1594032128","1594032128","1594032128"
"17551.938541531","1594032128","1594032128","1594032128"
"17566.938946153","1594032128","1594032128","1594032128"
"17581.938330711","1594032128","1594032128","1594032128"
"17596.938214406","1594032128","1594032128","1594032128"
"17611.938749839","1594032128","1594032128","1594032128"
"17626.938087008","1594032128","1594032128","1594032128"
"17641.938580991","1594032128","1594032128","1594032128"
"17656.938792275","1594032128","1594032128","1594032128"
"17671.938019591","1594032128","1594032128","1594032128"
"17686.93869512","1594032128","1594032128","1594032128"
"17701.938746707","1594032128","1594032128","1594032128"
"17716.938452073","1594032128","1594032128","1594032128"
"17731.93798762","1594032128","1594032128","1594032128"
"17746.938798787","1594032128","1594032128","1594032128"
"17761.938453288","1594032128","1594032128","1594032128"
"17776.938594612","1594032128","1594032128","1594032128"
"17791.938622801","1594032128","1594032128","1594032128"
"17806.937734606","1594032128","1594032128","1594032128"
"17821.938731367","1594032128","1594032128","1594032128"
"17836.938919636","1594032128","1594032128","1594032128"
"17851.938950258","1594032128","1594032128","1594032128"
"17866.938794784","1594032128","1594032128","1594032128"
"17881.938728161","1594032128","1594032128","1594032128"
"17896.938273347","1594032128","1594032128","1594032128"
"17911.938585854","1594032128","1594032128","1594032128"
"17926.938014295","1594032128","1594032128","1594032128"
"17941.938313293","1594032128","1594032128","1594032128"
"17956.938022593","1594032128","1594032128","1594032128"
"17971.937800955","1594032128","1594032128","1594032128"
"17986.938227712","1594032128","1594032128","1594032128"
"18001.938720217","1594032128","1594032128","1594032128"
"18016.93832667","1594032128","1594032128","1594032128"
"18031.938649846","1594032128","1594032128","1594032128"
"18046.938376778","1594032128","1594032128","1594032128"
"18061.938695548","1594032128","1594032128","1594032128"
"18076.93848181","1594032128","1594032128","1594032128"
"18091.937963673","1594032128","1594032128","1594032128"
"18106.938065729","1594032128","1594032128","1594032128"
"18121.937957783","1594032128","1594032128","1594032128"
"18136.938335999","1594032128","1594032128","1594032128"
"18151.938756841","1594032128","1594032128","1594032128"
"18166.938422002","1594032128","1594032128","1594032128"
"18181.938136747","1594032128","1594032128","1594032128"
"18196.93821923","1594032128","1594032128","1594032128"
"18211.938608645","1594032128","1594032128","1594032128"
"18226.938528759","1594032128","1594032128","1594032128"
"18241.938334993","1594032128","1594032128","1594032128"
"18256.9387972","1594032128","1594032128","1594032128"
"18271.937887231","1594032128","1594032128","1594032128"
"18286.938526659","1594032128","1594032128","1594032128"
"18301.938505503","1594032128","1594032128","1594032128"
"18316.938516321","1594032128","1594032128","1594032128"
"18331.93835804","1594032128","1594032128","1594032128"
"18346.938251524","1594032128","1594032128","1594032128"
"18361.938800868","1594032128","1594032128","1594032128"
"18376.938370192","1594032128","1594032128","1594032128"
"18391.9379252","1594032128","1594032128","1594032128"
"18406.938488853","1594032128","1594032128","1594032128"
"18421.93889865","1594032128","1594032128","1594032128"
"18436.938579538","1594032128","1594032128","1594032128"
"18451.938484385","1594032128","1594032128","1594032128"
"18466.938165631","1594032128","1594032128","1594032128"
"18481.938765657","1594032128","1594032128","1594032128"
"18496.93828042","1594032128","1594032128","1594032128"
"18511.938124441","1594032128","1594032128","1594032128"
"18526.938211242","1594032128","1594032128","1594032128"
"18541.939035717","1594032128","1594032128","1594032128"
"18556.938747032","1594032128","1594032128","1594032128"
"18571.938799378","1594032128","1594032128","1594032128"
"18586.938296051","1594032128","1594032128","1594032128"
"18601.938852385","1594032128","1594032128","1594032128"
"18616.938178891","1594032128","1594032128","1594032128"
"18631.938569947","1594032128","1594032128","1594032128"
"18646.938491104","1594032128","1594032128","1594032128"
"18661.938860248","1594032128","1594032128","1594032128"
"18676.938497404","1594032128","1594032128","1594032128"
"18691.938757372","1594032128","1594032128","1594032128"
"18706.938275608","1594032128","1594032128","1594032128"
"18721.938178866","1594032128","1594032128","1594032128"
"18736.93873317","1594032128","1594032128","1594032128"
"18751.938836814","1594032128","1594032128","1594032128"
"18766.938327664","1594032128","1594032128","1594032128"
"18781.93820614","1594032128","1594032128","1594032128"
"18796.938241273","1594032128","1594032128","1594032128"
"18811.939122225","1594032128","1594032128","1594032128"
"18826.938455952","1594032128","1594032128","1594032128"
"18841.93888927","1594032128","1594032128","1594032128"
"18856.93847341","1594032128","1594032128","1594032128"
"18871.938077852","1594032128","1594032128","1594032128"
"18886.938173727","1594032128","1594032128","1594032128"
"18901.938425798","1594032128","1594032128","1594032128"
"18916.938155159","1594032128","1594032128","1594032128"
"18931.938630766","1594032128","1594032128","1594032128"
"18946.938686802","1594032128","1594032128","1594032128"
"18961.938812543","1594032128","1594032128","1594032128"
"18976.938207747","1594032128","1594032128","1594032128"
"18991.938531267","1594032128","1594032128","1594032128"
"19006.938573925","1594032128","1594032128","1594032128"
"19021.938411283","1594032128","1594032128","1594032128"
"19036.938320551","1594032128","1594032128","1594032128"
"19051.938716769","1594032128","1594032128","1594032128"
"19066.938184849","1594032128","1594032128","1594032128"
"19081.938916327","1594032128","1594032128","1594032128"
"19096.938381393","1594032128","1594032128","1594032128"
"19111.937976567","1594032128","1594032128","1594032128"
"19126.939023481","1594032128","1594032128","1594032128"
"19141.938339354","1594032128","1594032128","1594032128"
"19156.938800797","1594032128","1594032128","1594032128"
"19171.938498197","1594032128","1594032128","1594032128"
"19186.938904866","1594032128","1594032128","1594032128"
"19201.938635973","1594032128","1594032128","1594032128"
"19216.938306096","1594032128","1594032128","1594032128"
"19231.938852969","1594032128","1594032128","1594032128"
"19246.938870333","1594032128","1594032128","1594032128"
"19261.938416063","1594032128","1594032128","1594032128"
"19276.938493777","1594032128","1594032128","1594032128"
"19291.938128942","1594032128","1594032128","1594032128"
"19306.937904121","1594032128","1594032128","1594032128"
"19321.938555398","1594032128","1594032128","1594032128"
"19336.938106097","1594032128","1594032128","1594032128"
"19351.938002573","1594032128","1594032128","1594032128"
"19366.938205969","1594032128","1594032128","1594032128"
"19381.938493446","1594032128","1594032128","1594032128"
"19396.938569482","1594032128","1594032128","1594032128"
"19411.938344307","1594032128","1594032128","1594032128"
"19426.938137561","1594032128","1594032128","1594032128"
"19441.938722921","1594032128","1594032128","1594032128"
"19456.937762763","1594032128","1594032128","1594032128"
"19471.938052132","1594032128","1594032128","1594032128"
"19486.938858746","1594032128","1594032128","1594032128"
"19501.938184373","1594032128","1594032128","1594032128"
"19516.937895859","1594032128","1594032128","1594032128"
"19531.938213207","1594032128","1594032128","1594032128"
"19546.938709569","1594032128","1594032128","1594032128"
"19561.938632515","1594032128","1594032128","1594032128"
"19576.939512171","1594032128","1594032128","1594032128"
"19591.938482549","1594032128","1594032128","1594032128"
"19606.93852091","1594032128","1594032128","1594032128"
"19621.938094088","1594032128","1594032128","1594032128"
"19636.938287257","1594032128","1594032128","1594032128"
"19651.938186209","1594032128","1594032128","1594032128"
"19666.938354679","1594032128","1594032128","1594032128"
"19681.938915363","1594032128","1594032128","1594032128"
"19696.938039964","1594032128","1594032128","1594032128"
"19711.937887212","1594032128","1594032128","1594032128"
"19726.938282008","1594032128","1594032128","1594032128"
"19741.938486344","1594032128","1594032128","1594032128"
"19756.938351452","1594032128","1594032128","1594032128"
"19771.938846639","1594032128","1594032128","1594032128"
"19786.938758439","1594032128","1594032128","1594032128"
"19801.938072683","1594032128","1594032128","1594032128"
"19816.938617434","1594032128","1594032128","1594032128"
"19831.937872613","1594032128","1594032128","1594032128"
"19846.938884222","1594032128","1594032128","1594032128"
"19861.938761358","1594032128","1594032128","1594032128"
"19876.938108636","1594032128","1594032128","1594032128"
"19891.938831117","1594032128","1594032128","1594032128"
"19906.938191081","1594032128","1594032128","1594032128"
"19921.93800234","1594032128","1594032128","1594032128"
"19936.938416198","1594032128","1594032128","1594032128"
"19951.938583083","1594032128","1594032128","1594032128"
"19966.937882135","1594032128","1594032128","1594032128"
"19981.938130054","1594032128","1594032128","1594032128"
"19996.938786206","1594032128","1594032128","1594032128"
"20011.938330797","1594032128","1594032128","1594032128"
"20026.938383472","1594032128","1594032128","1594032128"
"20041.938569342","1594032128","1594032128","1594032128"
"20056.938652713","1594032128","1594032128","1594032128"
"20071.938557649","1594032128","1594032128","1594032128"
"20086.93811184","1594032128","1594032128","1594032128"
"20101.940332926","1594032128","1594032128","1594032128"
"20116.938079087","1594032128","1594032128","1594032128"
"20131.938679336","1594032128","1594032128","1594032128"
"20146.938112784","1594032128","1594032128","1594032128"
"20161.938561621","1594032128","1594032128","1594032128"
"20176.938563775","1594032128","1594032128","1594032128"
"20191.937961489","1594032128","1594032128","1594032128"
"20206.938284361","1594032128","1594032128","1594032128"
"20221.938321913","1594032128","1594032128","1594032128"
"20236.938916507","1594032128","1594032128","1594032128"
"20251.938714729","1594032128","1594032128","1594032128"
"20266.93855852","1594032128","1594032128","1594032128"
"20281.938721237","1594032128","1594032128","1594032128"
"20296.938025947","1594032128","1594032128","1594032128"
"20311.938126631","1594032128","1594032128","1594032128"
"20326.938759338","1594032128","1594032128","1594032128"
"20341.938791368","1594032128","1594032128","1594032128"
"20356.938758611","1594032128","1594032128","1594032128"
"20371.938378777","1594032128","1594032128","1594032128"
"20386.937863429","1594032128","1594032128","1594032128"
"20401.938158409","1594032128","1594032128","1594032128"
"20416.938066601","1594032128","1594032128","1594032128"
"20431.938325502","1594032128","1594032128","1594032128"
"20446.938707266","1594032128","1594032128","1594032128"
"20461.938763729","1594032128","1594032128","1594032128"
"20476.938166193","1594032128","1594032128","1594032128"
"20491.937932221","1594032128","1594032128","1594032128"
"20506.937907957","1594032128","1594032128","1594032128"
"20521.938310386","1594032128","1594032128","1594032128"
"20536.937942705","1594032128","1594032128","1594032128"
"20551.938799539","1594032128","1594032128","1594032128"
"20566.938785176","1594032128","1594032128","1594032128"
"20581.938472523","1594032128","1594032128","1594032128"
"20596.937891293","1594032128","1594032128","1594032128"
"20611.938194773","1594032128","1594032128","1594032128"
"20626.938272938","1594032128","1594032128","1594032128"
"20641.938550547","1594032128","1594032128","1594032128"
"20656.938422572","1594032128","1594032128","1594032128"
"20671.938495738","1594032128","1594032128","1594032128"
"20686.938105776","1594032128","1594032128","1594032128"
"20701.938246036","1594032128","1594032128","1594032128"
"20716.93860795","1594032128","1594032128","1594032128"
"20731.938727205","1594032128","1594032128","1594032128"
"20746.938173825","1594032128","1594032128","1594032128"
"20761.938314427","1594032128","1594032128","1594032128"
"20776.938221735","1594032128","1594032128","1594032128"
"20791.937958669","1594032128","1594032128","1594032128"
"20806.938433261","1594032128","1594032128","1594032128"
"20821.938765763","1594032128","1594032128","1594032128"
"20836.938721501","1594032128","1594032128","1594032128"
"20851.938207332","1594032128","1594032128","1594032128"
"20866.937926618","1594032128","1594032128","1594032128"
"20881.938023641","1594032128","1594032128","1594032128"
"20896.938353342","1594032128","1594032128","1594032128"
"20911.938816615","1594032128","1594032128","1594032128"
"20926.938153557","1594032128","1594032128","1594032128"
"20941.93844959","1594032128","1594032128","1594032128"
"20956.938833714","1594032128","1594032128","1594032128"
"20971.938682574","1594032128","1594032128","1594032128"
"20986.938539279","1594032128","1594032128","1594032128"
"21001.938824746","1594032128","1594032128","1594032128"
"21016.938594169","1594032128","1594032128","1594032128"
"21031.938788817","1594032128","1594032128","1594032128"
"21046.938427679","1594032128","1594032128","1594032128"
"21061.938130039","1594032128","1594032128","1594032128"
"21076.938005543","1594032128","1594032128","1594032128"
"21091.938357662","1594032128","1594032128","1594032128"
"21106.938484949","1594032128","1594032128","1594032128"
"21121.938720218","1594032128","1594032128","1594032128"
"21136.938436364","1594032128","1594032128","1594032128"
"21151.938637555","1594032128","1594032128","1594032128"
"21166.937917109","1594032128","1594032128","1594032128"
"21181.938828332","1594032128","1594032128","1594032128"
"21196.938796511","1594032128","1594032128","1594032128"
"21211.938582909","1594032128","1594032128","1594032128"
"21226.93791064","1594032128","1594032128","1594032128"
"21241.938482386","1594032128","1594032128","1594032128"
"21256.938122207","1594032128","1594032128","1594032128"
"21271.943353028","1594032128","1594032128","1594032128"
"21286.938481898","1594032128","1594032128","1594032128"
"21301.938463921","1594032128","1594032128","1594032128"
"21316.938723049","1594032128","1594032128","1594032128"
"21331.937838517","1594032128","1594032128","1594032128"
"21346.93840688","1594032128","1594032128","1594032128"
"21361.93866549","1594032128","1594032128","1594032128"
"21376.938739519","1594032128","1594032128","1594032128"
"21391.938469302","1594032128","1594032128","1594032128"
"21406.938134531","1594032128","1594032128","1594032128"
"21421.938227799","1594032128","1594032128","1594032128"
"21436.937863217","1594032128","1594032128","1594032128"
"21451.938167811","1594032128","1594032128","1594032128"
"21466.938539783","1594032128","1594032128","1594032128"
"21481.938160198","1594032128","1594032128","1594032128"
"21496.938245312","1594032128","1594032128","1594032128"
"21511.938430898","1594032128","1594032128","1594032128"
"21526.93811388","1594032128","1594032128","1594032128"
"21541.938252803","1594032128","1594032128","1594032128"
"21556.938529066","1594032128","1594032128","1594032128"
"21571.938378359","1594032128","1594032128","1594032128"
"21586.938659586","1594032128","1594032128","1594032128"
"21601.938295648","1594032128","1594032128","1594032128"
"21616.938238179","1594032128","1594032128","1594032128"
"21631.938034122","1594032128","1594032128","1594032128"
"21646.938002782","1594032128","1594032128","1594032128"
"21661.938083374","1594032128","1594032128","1594032128"
"21676.938442074","1594032128","1594032128","1594032128"
"21691.937912038","1594032128","1594032128","1594032128"
"21706.938510359","1594032128","1594032128","1594032128"
"21721.937991204","1594032128","1594032128","1594032128"
"21736.938103343","1594032128","1594032128","1594032128"
"21751.937983536","1594032128","1594032128","1594032128"
"21766.938565657","1594032128","1594032128","1594032128"
"21781.938256545","1594032128","1594032128","1594032128"
"21796.937846233","1594032128","1594032128","1594032128"
"21811.938096649","1594032128","1594032128","1594032128"
"21826.9385698","1594032128","1594032128","1594032128"
"21841.938723034","1594032128","1594032128","1594032128"
"21856.939093405","1594032128","1594032128","1594032128"
"21871.938495906","1594032128","1594032128","1594032128"
"21886.938312253","1594032128","1594032128","1594032128"
"21901.938381287","1594032128","1594032128","1594032128"
"21916.938799986","1594032128","1594032128","1594032128"
"21931.937871861","1594032128","1594032128","1594032128"
"21946.93798271","1594032128","1594032128","1594032128"
"21961.938007802","1594032128","1594032128","1594032128"
"21976.938907838","1594032128","1594032128","1594032128"
"21991.938225431","1594032128","1594032128","1594032128"
"22006.938279308","1594032128","1594032128","1594032128"
"22021.937985199","1594032128","1594032128","1594032128"
"22036.93868259","1594032128","1594032128","1594032128"
"22051.938091909","1594032128","1594032128","1594032128"
"22066.938830927","1594032128","1594032128","1594032128"
"22081.938711721","1594032128","1594032128","1594032128"
"22096.93843107","1594032128","1594032128","1594032128"
"22111.937919906","1594032128","1594032128","1594032128"
"22126.938076871","1594032128","1594032128","1594032128"
"22141.937979567","1594032128","1594032128","1594032128"
"22156.937891026","1594032128","1594032128","1594032128"
"22171.938471479","1594032128","1594032128","1594032128"
"22186.938019815","1594032128","1594032128","1594032128"
"22201.938713979","1594032128","1594032128","1594032128"
"22216.938217939","1594032128","1594032128","1594032128"
"22231.938666448","1594032128","1594032128","1594032128"
"22246.939049994","1594032128","1594032128","1594032128"
"22261.938546495","1594032128","1594032128","1594032128"
"22276.938167489","1594032128","1594032128","1594032128"
"22291.938926519","1594032128","1594032128","1594032128"
"22306.938249292","1594032128","1594032128","1594032128"
"22321.938347495","1594032128","1594032128","1594032128"
"22336.938461309","1594032128","1594032128","1594032128"
"22351.938093312","1594032128","1594032128","1594032128"
"22366.938025785","1594032128","1594032128","1594032128"
"22381.938775198","1594032128","1594032128","1594032128"
"22396.938134798","1594032128","1594032128","1594032128"
"22411.93797295","1594032128","1594032128","1594032128"
"22426.938917262","1594032128","1594032128","1594032128"
"22441.938499092","1594032128","1594032128","1594032128"
"22456.938635613","1594032128","1594032128","1594032128"
"22471.938399652","1594032128","1594032128","1594032128"
"22486.938339202","1594032128","1594032128","1594032128"
"22501.938624059","1594032128","1594032128","1594032128"
"22516.938746982","1594032128","1594032128","1594032128"
"22531.93794116","1594032128","1594032128","1594032128"
"22546.93815179","1594032128","1594032128","1594032128"
"22561.938361555","1594032128","1594032128","1594032128"
"22576.938466242","1594032128","1594032128","1594032128"
"22591.937951958","1594032128","1594032128","1594032128"
"22606.938535087","1594032128","1594032128","1594032128"
"22621.938874005","1594032128","1594032128","1594032128"
"22636.937896153","1594032128","1594032128","1594032128"
"22651.938518877","1594032128","1594032128","1594032128"
"22666.938049888","1594032128","1594032128","1594032128"
"22681.93796753","1594032128","1594032128","1594032128"
"22696.937845563","1594032128","1594032128","1594032128"
"22711.938819849","1594032128","1594032128","1594032128"
"22726.938369422","1594032128","1594032128","1594032128"
"22741.938305814","1594032128","1594032128","1594032128"
"22756.938814078","1594032128","1594032128","1594032128"
"22771.938705169","1594032128","1594032128","1594032128"
"22786.938262775","1594032128","1594032128","1594032128"
"22801.938399846","1594032128","1594032128","1594032128"
"22816.938884117","1594032128","1594032128","1594032128"
"22831.938329053","1594032128","1594032128","1594032128"
"22846.938366359","1594032128","1594032128","1594032128"
"22861.938505777","1594032128","1594032128","1594032128"
"22876.938521198","1594032128","1594032128","1594032128"
"22891.938042699","1594032128","1594032128","1594032128"
"22906.938195693","1594032128","1594032128","1594032128"
"22921.938390162","1594032128","1594032128","1594032128"
"22936.938573054","1594032128","1594032128","1594032128"
"22951.938685862","1594032128","1594032128","1594032128"
"22966.938073413","1594032128","1594032128","1594032128"
"22981.937931222","1594032128","1594032128","1594032128"
"22996.938560252","1594032128","1594032128","1594032128"
"23011.938286227","1594032128","1594032128","1594032128"
"23026.938531145","1594032128","1594032128","1594032128"
"23041.938545551","1594032128","1594032128","1594032128"
"23056.938672765","1594032128","1594032128","1594032128"
"23071.938135817","1594032128","1594032128","1594032128"
"23086.937915817","1594032128","1594032128","1594032128"
"23101.938106159","1594032128","1594032128","1594032128"
"23116.938577438","1594032128","1594032128","1594032128"
"23131.938423043","1594032128","1594032128","1594032128"
"23146.937966762","1594032128","1594032128","1594032128"
"23161.938513343","1594032128","1594032128","1594032128"
"23176.938186475","1594032128","1594032128","1594032128"
"23191.938530245","1594032128","1594032128","1594032128"
"23206.940191359","1594032128","1594032128","1594032128"
"23221.938887602","1594032128","1594032128","1594032128"
"23236.938490349","1594032128","1594032128","1594032128"
"23251.938698243","1594032128","1594032128","1594032128"
"23266.938671079","1594032128","1594032128","1594032128"
"23281.938179558","1594032128","1594032128","1594032128"
"23296.93844463","1594032128","1594032128","1594032128"
"23311.938120203","1594032128","1594032128","1594032128"
"23326.938010157","1594032128","1594032128","1594032128"
"23341.938466951","1594032128","1594032128","1594032128"
"23356.938272177","1594032128","1594032128","1594032128"
"23371.938795315","1594032128","1594032128","1594032128"
"23386.938648893","1594032128","1594032128","1594032128"
"23401.938340459","1594032128","1594032128","1594032128"
"23416.938697798","1594032128","1594032128","1594032128"
"23431.938766834","1594032128","1594032128","1594032128"
"23446.938802479","1594032128","1594032128","1594032128"
"23461.938633728","1594032128","1594032128","1594032128"
"23476.938344133","1594032128","1594032128","1594032128"
"23491.93897523","1594032128","1594032128","1594032128"
"23506.938043807","1594032128","1594032128","1594032128"
"23521.93836963","1594032128","1594032128","1594032128"
"23536.938790128","1594032128","1594032128","1594032128"
"23551.938168496","1594032128","1594032128","1594032128"
"23566.938897887","1594032128","1594032128","1594032128"
"23581.93874767","1594032128","1594032128","1594032128"
"23596.937997929","1594032128","1594032128","1594032128"
"23611.938134612","1594032128","1594032128","1594032128"
"23626.938802556","1594032128","1594032128","1594032128"
"23641.938890279","1594032128","1594032128","1594032128"
"23656.938628027","1594032128","1594032128","1594032128"
"23671.940472236","1594032128","1594032128","1594032128"
"23686.938759318","1594032128","1594032128","1594032128"
"23701.938481347","1594032128","1594032128","1594032128"
"23716.938765976","1594032128","1594032128","1594032128"
"23731.93868435","1594032128","1594032128","1594032128"
"23746.938293402","1594032128","1594032128","1594032128"
"23761.938222849","1594032128","1594032128","1594032128"
"23776.938645816","1594032128","1594032128","1594032128"
"23791.938531381","1594032128","1594032128","1594032128"
"23806.938182347","1594032128","1594032128","1594032128"
"23821.938882287","1594032128","1594032128","1594032128"
"23836.938560091","1594032128","1594032128","1594032128"
"23851.938242373","1594032128","1594032128","1594032128"
"23866.938806559","1594032128","1594032128","1594032128"
"23881.938685899","1594032128","1594032128","1594032128"
"23896.938844627","1594032128","1594032128","1594032128"
"23911.938979063","1594032128","1594032128","1594032128"
"23926.93852615","1594032128","1594032128","1594032128"
"23941.938651661","1594032128","1594032128","1594032128"
"23956.938324753","1594032128","1594032128","1594032128"
"23971.938928437","1594032128","1594032128","1594032128"
"23986.938338368","1594032128","1594032128","1594032128"
"24001.938101155","1594032128","1594032128","1594032128"
"24016.938812446","1594032128","1594032128","1594032128"
"24031.93829403","1594032128","1594032128","1594032128"
"24046.938340962","1594032128","1594032128","1594032128"
"24061.93790774","1594032128","1594032128","1594032128"
"24076.938112911","1594032128","1594032128","1594032128"
"24091.938927107","1594032128","1594032128","1594032128"
"24106.93860505","1594032128","1594032128","1594032128"
"24121.93830777","1594032128","1594032128","1594032128"
"24136.93869636","1594032128","1594032128","1594032128"
"24151.93805647","1594032128","1594032128","1594032128"
"24166.937871897","1594032128","1594032128","1594032128"
"24181.938184926","1594032128","1594032128","1594032128"
"24196.938449959","1594032128","1594032128","1594032128"
"24211.939506492","1594032128","1594032128","1594032128"
"24226.938546677","1594032128","1594032128","1594032128"
"24241.938438571","1594032128","1594032128","1594032128"
"24256.938309576","1594032128","1594032128","1594032128"
"24271.93829041","1594032128","1594032128","1594032128"
"24286.938557545","1594032128","1594032128","1594032128"
"24301.93808743","1594032128","1594032128","1594032128"
"24316.938933761","1594032128","1594032128","1594032128"
"24331.938462639","1594032128","1594032128","1594032128"
"24346.938295387","1594032128","1594032128","1594032128"
"24361.938590689","1594032128","1594032128","1594032128"
"24376.938715849","1594032128","1594032128","1594032128"
"24391.938773445","1594032128","1594032128","1594032128"
"24406.938542349","1594032128","1594032128","1594032128"
"24421.938568553","1594032128","1594032128","1594032128"
"24436.93874773","1594032128","1594032128","1594032128"
"24451.938893789","1594032128","1594032128","1594032128"
"24466.938036622","1594032128","1594032128","1594032128"
"24481.938070058","1594032128","1594032128","1594032128"
"24496.938499571","1594032128","1594032128","1594032128"
"24511.937656916","1594032128","1594032128","1594032128"
"24526.93882857","1594032128","1594032128","1594032128"
"24541.937920978","1594032128","1594032128","1594032128"
"24556.938277143","1594032128","1594032128","1594032128"
"24571.938190905","1594032128","1594032128","1594032128"
"24586.938767431","1594032128","1594032128","1594032128"
"24601.938577918","1594032128","1594032128","1594032128"
"24616.938806369","1594032128","1594032128","1594032128"
"24631.938682736","1594032128","1594032128","1594032128"
"24646.938416395","1594032128","1594032128","1594032128"
"24661.938132482","1594032128","1594032128","1594032128"
"24676.938212889","1594032128","1594032128","1594032128"
"24691.937895928","1594032128","1594032128","1594032128"
"24706.938783678","1594032128","1594032128","1594032128"
"24721.938187083","1594032128","1594032128","1594032128"
"24736.938602714","1594032128","1594032128","1594032128"
"24751.938024215","1594032128","1594032128","1594032128"
"24766.938627088","1594032128","1594032128","1594032128"
"24781.938867791","1594032128","1594032128","1594032128"
"24796.937954527","1594032128","1594032128","1594032128"
"24811.937841284","1594032128","1594032128","1594032128"
"24826.938052127","1594032128","1594032128","1594032128"
"24841.938299053","1594032128","1594032128","1594032128"
"24856.938397878","1594032128","1594032128","1594032128"
"24871.938421488","1594032128","1594032128","1594032128"
"24886.938822309","1594032128","1594032128","1594032128"
"24901.938291073","1594032128","1594032128","1594032128"
"24916.938308154","1594032128","1594032128","1594032128"
"24931.938280452","1594032128","1594032128","1594032128"
"24946.938958672","1594032128","1594032128","1594032128"
"24961.938856515","1594032128","1594032128","1594032128"
"24976.938690687","1594032128","1594032128","1594032128"
"24991.938749896","1594032128","1594032128","1594032128"
"25006.938042511","1594032128","1594032128","1594032128"
"25021.93962338","1594032128","1594032128","1594032128"
"25036.938321333","1594032128","1594032128","1594032128"
"25051.938489125","1594032128","1594032128","1594032128"
"25066.938207639","1594032128","1594032128","1594032128"
"25081.938549229","1594032128","1594032128","1594032128"
"25096.938880306","1594032128","1594032128","1594032128"
"25111.938765487","1594032128","1594032128","1594032128"
"25126.937866397","1594032128","1594032128","1594032128"
"25141.938186636","1594032128","1594032128","1594032128"
"25156.938148278","1594032128","1594032128","1594032128"
"25171.938323378","1594032128","1594032128","1594032128"
"25186.938131656","1594032128","1594032128","1594032128"
"25201.938331009","1594032128","1594032128","1594032128"
"25216.93842489","1594032128","1594032128","1594032128"
"25231.938119302","1594032128","1594032128","1594032128"
"25246.938681696","1594032128","1594032128","1594032128"
"25261.938730681","1594032128","1594032128","1594032128"
"25276.938758471","1594032128","1594032128","1594032128"
"25291.938111119","1594032128","1594032128","1594032128"
"25306.93874481","1594032128","1594032128","1594032128"
"25321.937915237","1594032128","1594032128","1594032128"
"25336.938908001","1594032128","1594032128","1594032128"
"25351.9379727","1594032128","1594032128","1594032128"
"25366.938392654","1594032128","1594032128","1594032128"
"25381.938813714","1594032128","1594032128","1594032128"
"25396.938406464","1594032128","1594032128","1594032128"
"25411.938285841","1594032128","1594032128","1594032128"
"25426.937858999","1594032128","1594032128","1594032128"
"25441.938400045","1594032128","1594032128","1594032128"
"25456.937826821","1594032128","1594032128","1594032128"
"25471.93899443","1594032128","1594032128","1594032128"
"25486.938835108","1594032128","1594032128","1594032128"
"25501.938236933","1594032128","1594032128","1594032128"
"25516.939028845","1594032128","1594032128","1594032128"
"25531.938285454","1594032128","1594032128","1594032128"
"25546.938171071","1594032128","1594032128","1594032128"
"25561.938863996","1594032128","1594032128","1594032128"
"25576.938088704","1594032128","1594032128","1594032128"
"25591.938355216","1594032128","1594032128","1594032128"
"25606.938619573","1594032128","1594032128","1594032128"
"25621.938295061","1594032128","1594032128","1594032128"
"25636.938776231","1594032128","1594032128","1594032128"
"25651.938461784","1594032128","1594032128","1594032128"
"25666.938475123","1594032128","1594032128","1594032128"
"25681.938167171","1594032128","1594032128","1594032128"
"25696.938281992","1594032128","1594032128","1594032128"
"25711.938489031","1594032128","1594032128","1594032128"
"25726.938612477","1594032128","1594032128","1594032128"
"25741.938771756","1594032128","1594032128","1594032128"
"25756.937857918","1594032128","1594032128","1594032128"
"25771.938561917","1594032128","1594032128","1594032128"
"25786.938818196","1594032128","1594032128","1594032128"
"25801.938815629","1594032128","1594032128","1594032128"
"25816.938053771","1594032128","1594032128","1594032128"
"25831.93903429","1594032128","1594032128","1594032128"
"25846.938248003","1594032128","1594032128","1594032128"
"25861.93863652","1594032128","1594032128","1594032128"
"25876.938385059","1594032128","1594032128","1594032128"
"25891.93789976","1594032128","1594032128","1594032128"
"25906.937934918","1594032128","1594032128","1594032128"
"25921.938103051","1594032128","1594032128","1594032128"
"25936.93861161","1594032128","1594032128","1594032128"
"25951.938934509","1594032128","1594032128","1594032128"
"25966.937785794","1594032128","1594032128","1594032128"
"25981.938835192","1594032128","1594032128","1594032128"
"25996.938925259","1594032128","1594032128","1594032128"
"26011.938468708","1594032128","1594032128","1594032128"
"26026.938481799","1594032128","1594032128","1594032128"
"26041.938598738","1594032128","1594032128","1594032128"
"26056.938719689","1594032128","1594032128","1594032128"
"26071.938971376","1594032128","1594032128","1594032128"
"26086.938212793","1594032128","1594032128","1594032128"
"26101.93888691","1594032128","1594032128","1594032128"
"26116.939007493","1594032128","1594032128","1594032128"
"26131.93882246","1594032128","1594032128","1594032128"
"26146.938943007","1594032128","1594032128","1594032128"
"26161.938309153","1594032128","1594032128","1594032128"
"26176.938219615","1594032128","1594032128","1594032128"
"26191.938316622","1594032128","1594032128","1594032128"
"26206.938823834","1594032128","1594032128","1594032128"
"26221.938514319","1594032128","1594032128","1594032128"
"26236.938277965","1594032128","1594032128","1594032128"
"26251.938462946","1594032128","1594032128","1594032128"
"26266.938634436","1594032128","1594032128","1594032128"
"26281.938084399","1594032128","1594032128","1594032128"
"26296.938013392","1594032128","1594032128","1594032128"
"26311.93807874","1594032128","1594032128","1594032128"
"26326.93813394","1594032128","1594032128","1594032128"
"26341.938159137","1594032128","1594032128","1594032128"
"26356.938695988","1594032128","1594032128","1594032128"
"26371.938661767","1594032128","1594032128","1594032128"
"26386.938648173","1594032128","1594032128","1594032128"
"26401.938165855","1594032128","1594032128","1594032128"
"26416.938540719","1594032128","1594032128","1594032128"
"26431.93810892","1594032128","1594032128","1594032128"
"26446.938039871","1594032128","1594032128","1594032128"
"26461.938575389","1594032128","1594032128","1594032128"
"26476.937883676","1594032128","1594032128","1594032128"
"26491.938483542","1594032128","1594032128","1594032128"
"26506.938256645","1594032128","1594032128","1594032128"
"26521.938584988","1594032128","1594032128","1594032128"
"26536.93878719","1594032128","1594032128","1594032128"
"26551.93832128","1594032128","1594032128","1594032128"
"26566.937986824","1594032128","1594032128","1594032128"
"26581.938326233","1594032128","1594032128","1594032128"
"26596.938625205","1594032128","1594032128","1594032128"
"26611.938254176","1594032128","1594032128","1594032128"
"26626.938979739","1594032128","1594032128","1594032128"
"26641.938493273","1594032128","1594032128","1594032128"
"26656.938412274","1594032128","1594032128","1594032128"
"26671.938151408","1594032128","1594032128","1594032128"
"26686.93850739","1594032128","1594032128","1594032128"
"26701.938015006","1594032128","1594032128","1594032128"
"26716.938638076","1594032128","1594032128","1594032128"
"26731.938644624","1594032128","1594032128","1594032128"
"26746.937923584","1594032128","1594032128","1594032128"
"26761.938235007","1594032128","1594032128","1594032128"
"26776.938509136","1594032128","1594032128","1594032128"
"26791.938229391","1594032128","1594032128","1594032128"
"26806.938360766","1594032128","1594032128","1594032128"
"26821.938339469","1594032128","1594032128","1594032128"
"26836.938802884","1594032128","1594032128","1594032128"
"26851.937913071","1594032128","1594032128","1594032128"
"26866.937988527","1594032128","1594032128","1594032128"
"26881.938469162","1594032128","1594032128","1594032128"
"26896.938612342","1594032128","1594032128","1594032128"
"26911.938882479","1594032128","1594032128","1594032128"
"26926.938471466","1594032128","1594032128","1594032128"
"26941.938174737","1594032128","1594032128","1594032128"
"26956.938431272","1594032128","1594032128","1594032128"
"26971.93884095","1594032128","1594032128","1594032128"
"26986.938080754","1594032128","1594032128","1594032128"
"27001.938653305","1594032128","1594032128","1594032128"
"27016.938909839","1594032128","1594032128","1594032128"
"27031.937922445","1594032128","1594032128","1594032128"
"27046.938403792","1594032128","1594032128","1594032128"
"27061.938559567","1594032128","1594032128","1594032128"
"27076.938112303","1594032128","1594032128","1594032128"
"27091.938841216","1594032128","1594032128","1594032128"
"27106.938503055","1594032128","1594032128","1594032128"
"27121.938982781","1594032128","1594032128","1594032128"
"27136.938361409","1594032128","1594032128","1594032128"
"27151.938540565","1594032128","1594032128","1594032128"
"27166.938920223","1594032128","1594032128","1594032128"
"27181.938659436","1594032128","1594032128","1594032128"
"27196.938193021","1594032128","1594032128","1594032128"
"27211.937655249","1594032128","1594032128","1594032128"
"27226.938675948","1594032128","1594032128","1594032128"
"27241.93859997","1594032128","1594032128","1594032128"
"27256.938100325","1594032128","1594032128","1594032128"
"27271.938343517","1594032128","1594032128","1594032128"
"27286.938111691","1594032128","1594032128","1594032128"
"27301.938582772","1594032128","1594032128","1594032128"
"27316.938515584","1594032128","1594032128","1594032128"
"27331.938157651","1594032128","1594032128","1594032128"
"27346.938492435","1594032128","1594032128","1594032128"
"27361.938301878","1594032128","1594032128","1594032128"
"27376.93800551","1594032128","1594032128","1594032128"
"27391.938091289","1594032128","1594032128","1594032128"
"27406.938637155","1594032128","1594032128","1594032128"
"27421.938522948","1594032128","1594032128","1594032128"
"27436.938272366","1594032128","1594032128","1594032128"
"27451.93824833","1594032128","1594032128","1594032128"
"27466.938435537","1594032128","1594032128","1594032128"
"27481.938622847","1594032128","1594032128","1594032128"
"27496.938768607","1594032128","1594032128","1594032128"
"27511.938254671","1594032128","1594032128","1594032128"
"27526.938298805","1594032128","1594032128","1594032128"
"27541.938733971","1594032128","1594032128","1594032128"
"27556.9390083","1594032128","1594032128","1594032128"
"27571.938634066","1594032128","1594032128","1594032128"
"27586.938128994","1594032128","1594032128","1594032128"
"27601.938517109","1594032128","1594032128","1594032128"
"27616.938987477","1594032128","1594032128","1594032128"
"27631.938352185","1594032128","1594032128","1594032128"
"27646.93878993","1594032128","1594032128","1594032128"
"27661.938954033","1594032128","1594032128","1594032128"
"27676.938763476","1594032128","1594032128","1594032128"
"27691.938584377","1594032128","1594032128","1594032128"
"27706.938411507","1594032128","1594032128","1594032128"
"27721.938332034","1594032128","1594032128","1594032128"
"27736.938208243","1594032128","1594032128","1594032128"
"27751.938092216","1594032128","1594032128","1594032128"
"27766.938373227","1594032128","1594032128","1594032128"
"27781.937980501","1594032128","1594032128","1594032128"
"27796.938094328","1594032128","1594032128","1594032128"
"27811.938206084","1594032128","1594032128","1594032128"
"27826.938528994","1594032128","1594032128","1594032128"
"27841.938639411","1594032128","1594032128","1594032128"
"27856.938618398","1594032128","1594032128","1594032128"
"27871.938206941","1594032128","1594032128","1594032128"
"27886.938502939","1594032128","1594032128","1594032128"
"27901.937931338","1594032128","1594032128","1594032128"
"27916.938871733","1594032128","1594032128","1594032128"
"27931.93821607","1594032128","1594032128","1594032128"
"27946.938113263","1594032128","1594032128","1594032128"
"27961.938103805","1594032128","1594032128","1594032128"
"27976.938509465","1594032128","1594032128","1594032128"
"27991.937946305","1594032128","1594032128","1594032128"
"28006.938022602","1594032128","1594032128","1594032128"
"28021.93873994","1594032128","1594032128","1594032128"
"28036.938638397","1594032128","1594032128","1594032128"
"28051.93888091","1594032128","1594032128","1594032128"
"28066.938190446","1594032128","1594032128","1594032128"
"28081.937943573","1594032128","1594032128","1594032128"
"28096.937901981","1594032128","1594032128","1594032128"
"28111.938207958","1594032128","1594032128","1594032128"
"28126.938262565","1594032128","1594032128","1594032128"
"28141.938549138","1594032128","1594032128","1594032128"
"28156.938772206","1594032128","1594032128","1594032128"
"28171.937878295","1594032128","1594032128","1594032128"
"28186.938573087","1594032128","1594032128","1594032128"
"28201.938766268","1594032128","1594032128","1594032128"
"28216.938645156","1594032128","1594032128","1594032128"
"28231.938064246","1594032128","1594032128","1594032128"
"28246.93783048","1594032128","1594032128","1594032128"
"28261.938117503","1594032128","1594032128","1594032128"
"28276.938233679","1594032128","1594032128","1594032128"
"28291.93842177","1594032128","1594032128","1594032128"
"28306.938354616","1594032128","1594032128","1594032128"
"28321.93833054","1594032128","1594032128","1594032128"
"28336.9380944","1594032128","1594032128","1594032128"
"28351.938408555","1594032128","1594032128","1594032128"
"28366.938703944","1594032128","1594032128","1594032128"
"28381.93865851","1594032128","1594032128","1594032128"
"28396.938866899","1594032128","1594032128","1594032128"
"28411.93861929","1594032128","1594032128","1594032128"
"28426.938173021","1594032128","1594032128","1594032128"
"28441.938352963","1594032128","1594032128","1594032128"
"28456.938281268","1594032128","1594032128","1594032128"
"28471.938053064","1594032128","1594032128","1594032128"
"28486.938080509","1594032128","1594032128","1594032128"
"28501.938042972","1594032128","1594032128","1594032128"
"28516.938681664","1594032128","1594032128","1594032128"
"28531.93805991","1594032128","1594032128","1594032128"
"28546.938232845","1594032128","1594032128","1594032128"
"28561.938433989","1594032128","1594032128","1594032128"
"28576.938049406","1594032128","1594032128","1594032128"
"28591.937827206","1594032128","1594032128","1594032128"
"28606.938140645","1594032128","1594032128","1594032128"
"28621.93852944","1594032128","1594032128","1594032128"
"28636.938871925","1594032128","1594032128","1594032128"
"28651.937826894","1594032128","1594032128","1594032128"
"28666.938253036","1594032128","1594032128","1594032128"
"28681.938572466","1594032128","1594032128","1594032128"
"28696.937718709","1594032128","1594032128","1594032128"
"28711.938045568","1594032128","1594032128","1594032128"
"28726.938030463","1594032128","1594032128","1594032128"
"28741.938804441","1594032128","1594032128","1594032128"
"28756.938691627","1594032128","1594032128","1594032128"
"28771.938440801","1594032128","1594032128","1594032128"
"28786.938114158","1594032128","1594032128","1594032128"
"28801.938655037","1594032128","1594032128","1594032128"
"28816.93808839","1594032128","1594032128","1594032128"
"28831.938606143","1594032128","1594032128","1594032128"
"28846.938425179","1594032128","1594032128","1594032128"
"28861.937976857","1594032128","1594032128","1594032128"
"28876.937856765","1594032128","1594032128","1594032128"
"28891.938246579","1594032128","1594032128","1594032128"
"28906.937947942","1594032128","1594032128","1594032128"
"28921.938802868","1594032128","1594032128","1594032128"
"28936.938324757","1594032128","1594032128","1594032128"
"28951.938725784","1594032128","1594032128","1594032128"
"28966.938260232","1594032128","1594032128","1594032128"
"28981.938573136","1594032128","1594032128","1594032128"
"28996.938420355","1594032128","1594032128","1594032128"
"29011.937916846","1594032128","1594032128","1594032128"
"29026.938389837","1594032128","1594032128","1594032128"
"29041.938867639","1594032128","1594032128","1594032128"
"29056.9387299","1594032128","1594032128","1594032128"
"29071.938019458","1594032128","1594032128","1594032128"
"29086.937998149","1594032128","1594032128","1594032128"
"29101.938283699","1594032128","1594032128","1594032128"
"29116.938437386","1594032128","1594032128","1594032128"
"29131.938494123","1594032128","1594032128","1594032128"
"29146.938331518","1594032128","1594032128","1594032128"
"29161.938365781","1594032128","1594032128","1594032128"
"29176.938267738","1594032128","1594032128","1594032128"
"29191.938693083","1594032128","1594032128","1594032128"
"29206.938168813","1594032128","1594032128","1594032128"
"29221.938147731","1594032128","1594032128","1594032128"
"29236.938028136","1594032128","1594032128","1594032128"
"29251.938433445","1594032128","1594032128","1594032128"
"29266.938610648","1594032128","1594032128","1594032128"
"29281.938231227","1594032128","1594032128","1594032128"
"29296.938824163","1594032128","1594032128","1594032128"
"29311.93822589","1594032128","1594032128","1594032128"
"29326.938625308","1594032128","1594032128","1594032128"
"29341.938231445","1594032128","1594032128","1594032128"
"29356.938838913","1594032128","1594032128","1594032128"
"29371.938328565","1594032128","1594032128","1594032128"
"29386.938429896","1594032128","1594032128","1594032128"
"29401.938493768","1594032128","1594032128","1594032128"
"29416.93869167","1594032128","1594032128","1594032128"
"29431.938948638","1594032128","1594032128","1594032128"
"29446.938535009","1594032128","1594032128","1594032128"
"29461.938466984","1594032128","1594032128","1594032128"
"29476.938356823","1594032128","1594032128","1594032128"
"29491.938275936","1594032128","1594032128","1594032128"
"29506.938509377","1594032128","1594032128","1594032128"
"29521.93807581","1594032128","1594032128","1594032128"
"29536.938548559","1594032128","1594032128","1594032128"
"29551.938132877","1594032128","1594032128","1594032128"
"29566.938551187","1594032128","1594032128","1594032128"
"29581.938606594","1594032128","1594032128","1594032128"
"29596.938409754","1594032128","1594032128","1594032128"