"trainer/global_step","onFlashIPA_v0 - train_loss_step","onFlashIPA_v0 - train_loss_step__MIN","onFlashIPA_v0 - train_loss_step__MAX","onFlashIPA_v0 - _step","onFlashIPA_v0 - _step__MIN","onFlashIPA_v0 - _step__MAX"
"49","1.6538784503936768","1.6538784503936768","1.6538784503936768","0","0","0"
"99","1.514662742614746","1.514662742614746","1.514662742614746","1","1","1"
"149","1.5506854057312012","1.5506854057312012","1.5506854057312012","2","2","2"
"199","1.4141429662704468","1.4141429662704468","1.4141429662704468","3","3","3"
"249","1.3849503993988037","1.3849503993988037","1.3849503993988037","4","4","4"
"299","1.5674220323562622","1.5674220323562622","1.5674220323562622","5","5","5"
"349","1.265498161315918","1.265498161315918","1.265498161315918","6","6","6"
"399","1.409361720085144","1.409361720085144","1.409361720085144","7","7","7"
"449","1.3832730054855347","1.3832730054855347","1.3832730054855347","8","8","8"
"499","1.3094651699066162","1.3094651699066162","1.3094651699066162","10","10","10"
"549","1.1277498006820679","1.1277498006820679","1.1277498006820679","11","11","11"
"599","1.2720224857330322","1.2720224857330322","1.2720224857330322","12","12","12"
"649","1.2563060522079468","1.2563060522079468","1.2563060522079468","13","13","13"
"699","1.3401755094528198","1.3401755094528198","1.3401755094528198","14","14","14"
"749","1.3816568851470947","1.3816568851470947","1.3816568851470947","15","15","15"
"799","1.1758475303649902","1.1758475303649902","1.1758475303649902","16","16","16"
"849","1.3046793937683105","1.3046793937683105","1.3046793937683105","17","17","17"
"899","1.1646980047225952","1.1646980047225952","1.1646980047225952","18","18","18"
"949","1.2396726608276367","1.2396726608276367","1.2396726608276367","19","19","19"
"999","1.269990086555481","1.269990086555481","1.269990086555481","21","21","21"
"1049","1.3763905763626099","1.3763905763626099","1.3763905763626099","22","22","22"
"1099","1.4071836471557617","1.4071836471557617","1.4071836471557617","23","23","23"
"1149","1.1731044054031372","1.1731044054031372","1.1731044054031372","24","24","24"
"1199","1.3823741674423218","1.3823741674423218","1.3823741674423218","25","25","25"
"1249","1.2235230207443237","1.2235230207443237","1.2235230207443237","26","26","26"
"1299","1.266431212425232","1.266431212425232","1.266431212425232","27","27","27"
"1349","1.2293967008590698","1.2293967008590698","1.2293967008590698","28","28","28"
"1399","1.1510165929794312","1.1510165929794312","1.1510165929794312","29","29","29"
"1449","1.2875405550003052","1.2875405550003052","1.2875405550003052","30","30","30"
"1499","1.1312450170516968","1.1312450170516968","1.1312450170516968","32","32","32"
"1549","1.1980319023132324","1.1980319023132324","1.1980319023132324","33","33","33"
"1599","1.1515041589736938","1.1515041589736938","1.1515041589736938","34","34","34"
"1649","1.2015643119812012","1.2015643119812012","1.2015643119812012","35","35","35"
"1699","1.2329882383346558","1.2329882383346558","1.2329882383346558","36","36","36"
"1749","1.1507757902145386","1.1507757902145386","1.1507757902145386","37","37","37"
"1799","1.0616670846939087","1.0616670846939087","1.0616670846939087","38","38","38"
"1849","1.112069010734558","1.112069010734558","1.112069010734558","39","39","39"
"1899","1.1088842153549194","1.1088842153549194","1.1088842153549194","40","40","40"
"1949","1.2070943117141724","1.2070943117141724","1.2070943117141724","41","41","41"
"1999","1.157508373260498","1.157508373260498","1.157508373260498","43","43","43"
"2049","1.189357042312622","1.189357042312622","1.189357042312622","44","44","44"
"2099","1.1427643299102783","1.1427643299102783","1.1427643299102783","45","45","45"
"2149","1.2602273225784302","1.2602273225784302","1.2602273225784302","46","46","46"
"2199","1.2489409446716309","1.2489409446716309","1.2489409446716309","47","47","47"
"2249","1.0759795904159546","1.0759795904159546","1.0759795904159546","48","48","48"
"2299","1.1290602684020996","1.1290602684020996","1.1290602684020996","49","49","49"
"2349","1.1351709365844727","1.1351709365844727","1.1351709365844727","50","50","50"
"2399","1.0091239213943481","1.0091239213943481","1.0091239213943481","51","51","51"
"2449","1.2312383651733398","1.2312383651733398","1.2312383651733398","52","52","52"
"2499","1.2543730735778809","1.2543730735778809","1.2543730735778809","54","54","54"
"2549","1.178101897239685","1.178101897239685","1.178101897239685","55","55","55"
"2599","1.2820802927017212","1.2820802927017212","1.2820802927017212","56","56","56"
"2649","1.0280818939208984","1.0280818939208984","1.0280818939208984","57","57","57"
"2699","1.2598896026611328","1.2598896026611328","1.2598896026611328","58","58","58"
"2749","1.006264328956604","1.006264328956604","1.006264328956604","59","59","59"
"2799","1.0621016025543213","1.0621016025543213","1.0621016025543213","60","60","60"
"2849","1.1473846435546875","1.1473846435546875","1.1473846435546875","61","61","61"
"2899","1.0010700225830078","1.0010700225830078","1.0010700225830078","62","62","62"
"2949","1.1003729104995728","1.1003729104995728","1.1003729104995728","63","63","63"
"2999","0.9010449647903442","0.9010449647903442","0.9010449647903442","65","65","65"
"3049","1.1810271739959717","1.1810271739959717","1.1810271739959717","66","66","66"
"3099","1.0677412748336792","1.0677412748336792","1.0677412748336792","67","67","67"
"3149","1.0741009712219238","1.0741009712219238","1.0741009712219238","68","68","68"
"3199","1.1455780267715454","1.1455780267715454","1.1455780267715454","69","69","69"
"3249","1.081429362297058","1.081429362297058","1.081429362297058","70","70","70"
"3299","1.2762572765350342","1.2762572765350342","1.2762572765350342","71","71","71"
"3349","0.9297276735305786","0.9297276735305786","0.9297276735305786","72","72","72"
"3399","1.1726515293121338","1.1726515293121338","1.1726515293121338","73","73","73"
"3449","1.0312920808792114","1.0312920808792114","1.0312920808792114","74","74","74"
"3499","1.0779592990875244","1.0779592990875244","1.0779592990875244","76","76","76"
"3549","1.1843892335891724","1.1843892335891724","1.1843892335891724","77","77","77"
"3599","1.0184780359268188","1.0184780359268188","1.0184780359268188","78","78","78"
"3649","1.0489311218261719","1.0489311218261719","1.0489311218261719","79","79","79"
"3699","1.1401954889297485","1.1401954889297485","1.1401954889297485","80","80","80"
"3749","1.048100471496582","1.048100471496582","1.048100471496582","81","81","81"
"3799","0.9805609583854675","0.9805609583854675","0.9805609583854675","82","82","82"
"3849","0.9427163600921631","0.9427163600921631","0.9427163600921631","83","83","83"
"3899","1.0573598146438599","1.0573598146438599","1.0573598146438599","84","84","84"
"3949","1.138973355293274","1.138973355293274","1.138973355293274","86","86","86"
"3999","1.1386423110961914","1.1386423110961914","1.1386423110961914","87","87","87"
"4049","1.1300158500671387","1.1300158500671387","1.1300158500671387","88","88","88"
"4099","1.166253924369812","1.166253924369812","1.166253924369812","89","89","89"
"4149","1.0892804861068726","1.0892804861068726","1.0892804861068726","90","90","90"
"4199","0.9900103807449341","0.9900103807449341","0.9900103807449341","91","91","91"
"4249","1.1503322124481201","1.1503322124481201","1.1503322124481201","92","92","92"
"4299","1.161169171333313","1.161169171333313","1.161169171333313","93","93","93"
"4349","0.920930802822113","0.920930802822113","0.920930802822113","94","94","94"
"4399","1.0340313911437988","1.0340313911437988","1.0340313911437988","95","95","95"
"4449","0.996850311756134","0.996850311756134","0.996850311756134","97","97","97"
"4499","1.1171281337738037","1.1171281337738037","1.1171281337738037","98","98","98"
"4549","1.1707881689071655","1.1707881689071655","1.1707881689071655","99","99","99"
"4599","1.2243618965148926","1.2243618965148926","1.2243618965148926","100","100","100"
"4649","1.1231764554977417","1.1231764554977417","1.1231764554977417","101","101","101"
"4699","1.049317717552185","1.049317717552185","1.049317717552185","102","102","102"
"4749","0.9794056415557861","0.9794056415557861","0.9794056415557861","103","103","103"
"4799","1.0888460874557495","1.0888460874557495","1.0888460874557495","104","104","104"
"4849","0.9998634457588196","0.9998634457588196","0.9998634457588196","105","105","105"
"4899","1.1281296014785767","1.1281296014785767","1.1281296014785767","106","106","106"
"4949","1.047264814376831","1.047264814376831","1.047264814376831","108","108","108"
"4999","1.0995707511901855","1.0995707511901855","1.0995707511901855","109","109","109"
"5049","1.053985357284546","1.053985357284546","1.053985357284546","110","110","110"
"5099","0.9743057489395142","0.9743057489395142","0.9743057489395142","111","111","111"
"5149","1.0646544694900513","1.0646544694900513","1.0646544694900513","112","112","112"
"5199","1.162196159362793","1.162196159362793","1.162196159362793","113","113","113"
"5249","0.9558424353599548","0.9558424353599548","0.9558424353599548","114","114","114"
"5299","1.1235589981079102","1.1235589981079102","1.1235589981079102","115","115","115"
"5349","1.1198076009750366","1.1198076009750366","1.1198076009750366","116","116","116"
"5399","1.020984172821045","1.020984172821045","1.020984172821045","117","117","117"
"5449","1.016379952430725","1.016379952430725","1.016379952430725","119","119","119"
"5499","1.2201162576675415","1.2201162576675415","1.2201162576675415","120","120","120"
"5549","1.141682744026184","1.141682744026184","1.141682744026184","121","121","121"
"5599","0.9494532346725464","0.9494532346725464","0.9494532346725464","122","122","122"
"5649","1.0342657566070557","1.0342657566070557","1.0342657566070557","123","123","123"
"5699","1.0826303958892822","1.0826303958892822","1.0826303958892822","124","124","124"
"5749","1.0384242534637451","1.0384242534637451","1.0384242534637451","125","125","125"
"5799","1.0493569374084473","1.0493569374084473","1.0493569374084473","126","126","126"
"5849","1.0095553398132324","1.0095553398132324","1.0095553398132324","127","127","127"
"5899","1.0549036264419556","1.0549036264419556","1.0549036264419556","128","128","128"
"5949","0.9001891016960144","0.9001891016960144","0.9001891016960144","130","130","130"
"5999","1.013461947441101","1.013461947441101","1.013461947441101","131","131","131"
"6049","1.0466464757919312","1.0466464757919312","1.0466464757919312","132","132","132"
"6099","1.1478034257888794","1.1478034257888794","1.1478034257888794","133","133","133"
"6149","0.8438143730163574","0.8438143730163574","0.8438143730163574","134","134","134"
"6199","1.1506668329238892","1.1506668329238892","1.1506668329238892","135","135","135"
"6249","1.0272883176803589","1.0272883176803589","1.0272883176803589","136","136","136"
"6299","1.0521553754806519","1.0521553754806519","1.0521553754806519","137","137","137"
"6349","1.1952584981918335","1.1952584981918335","1.1952584981918335","138","138","138"
"6399","1.1526674032211304","1.1526674032211304","1.1526674032211304","139","139","139"
"6449","0.9950934052467346","0.9950934052467346","0.9950934052467346","141","141","141"
"6499","1.0218373537063599","1.0218373537063599","1.0218373537063599","142","142","142"
"6549","1.1010950803756714","1.1010950803756714","1.1010950803756714","143","143","143"
"6599","1.1268928050994873","1.1268928050994873","1.1268928050994873","144","144","144"
"6649","1.0114240646362305","1.0114240646362305","1.0114240646362305","145","145","145"
"6699","0.85616534948349","0.85616534948349","0.85616534948349","146","146","146"
"6749","1.0059977769851685","1.0059977769851685","1.0059977769851685","147","147","147"
"6799","0.9513245820999146","0.9513245820999146","0.9513245820999146","148","148","148"
"6849","1.060075283050537","1.060075283050537","1.060075283050537","149","149","149"
"6899","1.1517430543899536","1.1517430543899536","1.1517430543899536","150","150","150"
"6949","1.104728102684021","1.104728102684021","1.104728102684021","152","152","152"
"6999","1.1657073497772217","1.1657073497772217","1.1657073497772217","153","153","153"
"7049","0.9687566757202148","0.9687566757202148","0.9687566757202148","154","154","154"
"7099","1.1724416017532349","1.1724416017532349","1.1724416017532349","155","155","155"
"7149","1.0894110202789307","1.0894110202789307","1.0894110202789307","156","156","156"
"7199","1.1105215549468994","1.1105215549468994","1.1105215549468994","157","157","157"
"7249","1.0415353775024414","1.0415353775024414","1.0415353775024414","158","158","158"
"7299","0.9812710881233215","0.9812710881233215","0.9812710881233215","159","159","159"
"7349","0.8407208919525146","0.8407208919525146","0.8407208919525146","160","160","160"
"7399","1.09512197971344","1.09512197971344","1.09512197971344","162","162","162"
"7449","1.1789534091949463","1.1789534091949463","1.1789534091949463","163","163","163"
"7499","0.7951673865318298","0.7951673865318298","0.7951673865318298","164","164","164"
"7549","0.9313596487045288","0.9313596487045288","0.9313596487045288","165","165","165"
"7599","1.0197675228118896","1.0197675228118896","1.0197675228118896","166","166","166"
"7649","0.8389682769775391","0.8389682769775391","0.8389682769775391","167","167","167"
"7699","1.0235995054244995","1.0235995054244995","1.0235995054244995","168","168","168"
"7749","1.0969094038009644","1.0969094038009644","1.0969094038009644","169","169","169"
"7799","1.1701576709747314","1.1701576709747314","1.1701576709747314","170","170","170"
"7849","0.9104526042938232","0.9104526042938232","0.9104526042938232","171","171","171"
"7899","0.9671702980995178","0.9671702980995178","0.9671702980995178","173","173","173"
"7949","1.079266905784607","1.079266905784607","1.079266905784607","174","174","174"
"7999","1.059889793395996","1.059889793395996","1.059889793395996","175","175","175"
"8049","1.0147565603256226","1.0147565603256226","1.0147565603256226","176","176","176"
"8099","0.8917784094810486","0.8917784094810486","0.8917784094810486","177","177","177"
"8149","1.0011043548583984","1.0011043548583984","1.0011043548583984","178","178","178"
"8199","1.1391006708145142","1.1391006708145142","1.1391006708145142","179","179","179"
"8249","1.009000539779663","1.009000539779663","1.009000539779663","180","180","180"
"8299","1.0453401803970337","1.0453401803970337","1.0453401803970337","181","181","181"
"8349","0.8772657513618469","0.8772657513618469","0.8772657513618469","182","182","182"
"8399","1.1589356660842896","1.1589356660842896","1.1589356660842896","184","184","184"
"8449","0.9131503105163574","0.9131503105163574","0.9131503105163574","185","185","185"
"8499","1.2121477127075195","1.2121477127075195","1.2121477127075195","186","186","186"
"8549","0.9834246635437012","0.9834246635437012","0.9834246635437012","187","187","187"
"8599","1.016434669494629","1.016434669494629","1.016434669494629","188","188","188"
"8649","1.059521198272705","1.059521198272705","1.059521198272705","189","189","189"
"8699","1.0645424127578735","1.0645424127578735","1.0645424127578735","190","190","190"
"8749","1.0172148942947388","1.0172148942947388","1.0172148942947388","191","191","191"
"8799","0.929724395275116","0.929724395275116","0.929724395275116","192","192","192"
"8849","0.9815598130226135","0.9815598130226135","0.9815598130226135","193","193","193"
"8899","0.9551361203193665","0.9551361203193665","0.9551361203193665","195","195","195"
"8949","1.003906488418579","1.003906488418579","1.003906488418579","196","196","196"
"8999","0.9135673642158508","0.9135673642158508","0.9135673642158508","197","197","197"
"9049","1.0035643577575684","1.0035643577575684","1.0035643577575684","198","198","198"
"9099","1.0206356048583984","1.0206356048583984","1.0206356048583984","199","199","199"
"9149","1.0027427673339844","1.0027427673339844","1.0027427673339844","200","200","200"
"9199","0.9801034927368164","0.9801034927368164","0.9801034927368164","201","201","201"
"9249","1.040018081665039","1.040018081665039","1.040018081665039","202","202","202"
"9299","1.0166022777557373","1.0166022777557373","1.0166022777557373","203","203","203"
"9349","0.9354534149169922","0.9354534149169922","0.9354534149169922","204","204","204"
"9399","1.0624420642852783","1.0624420642852783","1.0624420642852783","206","206","206"
"9449","1.0641822814941406","1.0641822814941406","1.0641822814941406","207","207","207"
"9499","0.9593886733055115","0.9593886733055115","0.9593886733055115","208","208","208"
"9549","1.025680661201477","1.025680661201477","1.025680661201477","209","209","209"
"9599","0.9224079847335815","0.9224079847335815","0.9224079847335815","210","210","210"
"9649","0.9734428524971008","0.9734428524971008","0.9734428524971008","211","211","211"
"9699","0.9092769026756287","0.9092769026756287","0.9092769026756287","212","212","212"
"9749","0.931155264377594","0.931155264377594","0.931155264377594","213","213","213"
"9799","1.1138163805007935","1.1138163805007935","1.1138163805007935","214","214","214"
"9849","1.0093474388122559","1.0093474388122559","1.0093474388122559","215","215","215"
"9899","1.00743567943573","1.00743567943573","1.00743567943573","217","217","217"
"9949","0.9739713668823242","0.9739713668823242","0.9739713668823242","218","218","218"
"9999","0.8000560998916626","0.8000560998916626","0.8000560998916626","219","219","219"
"10049","1.068566918373108","1.068566918373108","1.068566918373108","220","220","220"
"10099","0.9887620806694031","0.9887620806694031","0.9887620806694031","221","221","221"
"10149","1.022702693939209","1.022702693939209","1.022702693939209","222","222","222"
"10199","1.0810751914978027","1.0810751914978027","1.0810751914978027","223","223","223"
"10249","1.0818688869476318","1.0818688869476318","1.0818688869476318","224","224","224"
"10299","1.1160354614257812","1.1160354614257812","1.1160354614257812","225","225","225"
"10349","1.0000813007354736","1.0000813007354736","1.0000813007354736","226","226","226"
"10399","0.7462571859359741","0.7462571859359741","0.7462571859359741","228","228","228"
"10449","0.9556304216384888","0.9556304216384888","0.9556304216384888","229","229","229"
"10499","0.8958579897880554","0.8958579897880554","0.8958579897880554","230","230","230"
"10549","0.991028368473053","0.991028368473053","0.991028368473053","231","231","231"
"10599","0.9535486698150635","0.9535486698150635","0.9535486698150635","232","232","232"
"10649","0.9433241486549377","0.9433241486549377","0.9433241486549377","233","233","233"
"10699","1.1017773151397705","1.1017773151397705","1.1017773151397705","234","234","234"
"10749","1.018290638923645","1.018290638923645","1.018290638923645","235","235","235"
"10799","1.051884412765503","1.051884412765503","1.051884412765503","236","236","236"
"10849","1.0372570753097534","1.0372570753097534","1.0372570753097534","238","238","238"
"10899","1.0305136442184448","1.0305136442184448","1.0305136442184448","239","239","239"
"10949","0.919035792350769","0.919035792350769","0.919035792350769","240","240","240"
"10999","0.9788703918457031","0.9788703918457031","0.9788703918457031","241","241","241"
"11049","0.9720727205276489","0.9720727205276489","0.9720727205276489","242","242","242"
"11099","0.9143986105918884","0.9143986105918884","0.9143986105918884","243","243","243"
"11149","0.9435454607009888","0.9435454607009888","0.9435454607009888","244","244","244"
"11199","0.9725590944290161","0.9725590944290161","0.9725590944290161","245","245","245"
"11249","1.113033652305603","1.113033652305603","1.113033652305603","246","246","246"
"11299","1.065194845199585","1.065194845199585","1.065194845199585","247","247","247"
"11349","0.933026909828186","0.933026909828186","0.933026909828186","249","249","249"
"11399","0.9068867564201355","0.9068867564201355","0.9068867564201355","250","250","250"
"11449","0.8737568259239197","0.8737568259239197","0.8737568259239197","251","251","251"
"11499","1.025628685951233","1.025628685951233","1.025628685951233","252","252","252"
"11549","0.9599320888519287","0.9599320888519287","0.9599320888519287","253","253","253"
"11599","1.0018653869628906","1.0018653869628906","1.0018653869628906","254","254","254"
"11649","0.8392675518989563","0.8392675518989563","0.8392675518989563","255","255","255"
"11699","1.0680900812149048","1.0680900812149048","1.0680900812149048","256","256","256"
"11749","0.9002756476402283","0.9002756476402283","0.9002756476402283","257","257","257"
"11799","1.1059926748275757","1.1059926748275757","1.1059926748275757","258","258","258"
"11849","0.7193421721458435","0.7193421721458435","0.7193421721458435","260","260","260"
"11899","0.8477843999862671","0.8477843999862671","0.8477843999862671","261","261","261"
"11949","1.238831877708435","1.238831877708435","1.238831877708435","262","262","262"
"11999","0.9036502242088318","0.9036502242088318","0.9036502242088318","263","263","263"
"12049","1.0096445083618164","1.0096445083618164","1.0096445083618164","264","264","264"
"12099","1.00225031375885","1.00225031375885","1.00225031375885","265","265","265"
"12149","0.9878864884376526","0.9878864884376526","0.9878864884376526","266","266","266"
"12199","0.9808348417282104","0.9808348417282104","0.9808348417282104","267","267","267"
"12249","0.9056612253189087","0.9056612253189087","0.9056612253189087","268","268","268"
"12299","0.95819091796875","0.95819091796875","0.95819091796875","269","269","269"
"12349","0.9426055550575256","0.9426055550575256","0.9426055550575256","271","271","271"
"12399","0.9139853119850159","0.9139853119850159","0.9139853119850159","272","272","272"
"12449","1.1028705835342407","1.1028705835342407","1.1028705835342407","273","273","273"
"12499","0.9704402685165405","0.9704402685165405","0.9704402685165405","274","274","274"
"12549","1.0613160133361816","1.0613160133361816","1.0613160133361816","275","275","275"
"12599","0.9181475639343262","0.9181475639343262","0.9181475639343262","276","276","276"
"12649","0.9134238362312317","0.9134238362312317","0.9134238362312317","277","277","277"
"12699","1.0089209079742432","1.0089209079742432","1.0089209079742432","278","278","278"
"12749","0.9216180443763733","0.9216180443763733","0.9216180443763733","279","279","279"
"12799","1.0227246284484863","1.0227246284484863","1.0227246284484863","280","280","280"
"12849","0.9638994336128235","0.9638994336128235","0.9638994336128235","282","282","282"
"12899","0.9405364394187927","0.9405364394187927","0.9405364394187927","283","283","283"
"12949","1.0024747848510742","1.0024747848510742","1.0024747848510742","284","284","284"
"12999","0.8290479183197021","0.8290479183197021","0.8290479183197021","285","285","285"
"13049","1.0214613676071167","1.0214613676071167","1.0214613676071167","286","286","286"
"13099","0.9626948237419128","0.9626948237419128","0.9626948237419128","287","287","287"
"13149","0.8732007741928101","0.8732007741928101","0.8732007741928101","288","288","288"
"13199","0.9720764756202698","0.9720764756202698","0.9720764756202698","289","289","289"
"13249","0.9755899906158447","0.9755899906158447","0.9755899906158447","290","290","290"
"13299","0.8702399730682373","0.8702399730682373","0.8702399730682373","291","291","291"
"13349","0.977097749710083","0.977097749710083","0.977097749710083","293","293","293"
"13399","1.0672167539596558","1.0672167539596558","1.0672167539596558","294","294","294"
"13449","0.8612293004989624","0.8612293004989624","0.8612293004989624","295","295","295"
"13499","0.9321398138999939","0.9321398138999939","0.9321398138999939","296","296","296"
"13549","0.9210020899772644","0.9210020899772644","0.9210020899772644","297","297","297"
"13599","0.9348796606063843","0.9348796606063843","0.9348796606063843","298","298","298"
"13649","1.0194662809371948","1.0194662809371948","1.0194662809371948","299","299","299"
"13699","0.9963847994804382","0.9963847994804382","0.9963847994804382","300","300","300"
"13749","1.1094850301742554","1.1094850301742554","1.1094850301742554","301","301","301"
"13799","0.9758650064468384","0.9758650064468384","0.9758650064468384","302","302","302"
"13849","0.8963590264320374","0.8963590264320374","0.8963590264320374","304","304","304"
"13899","0.8976776599884033","0.8976776599884033","0.8976776599884033","305","305","305"
"13949","0.9849300384521484","0.9849300384521484","0.9849300384521484","306","306","306"
"13999","0.9981564879417419","0.9981564879417419","0.9981564879417419","307","307","307"
"14049","1.0398428440093994","1.0398428440093994","1.0398428440093994","308","308","308"
"14099","0.9470795392990112","0.9470795392990112","0.9470795392990112","309","309","309"
"14149","0.813862681388855","0.813862681388855","0.813862681388855","310","310","310"
"14199","0.920048177242279","0.920048177242279","0.920048177242279","311","311","311"
"14249","1.0709162950515747","1.0709162950515747","1.0709162950515747","312","312","312"
"14299","0.9748607873916626","0.9748607873916626","0.9748607873916626","314","314","314"
"14349","0.9160704016685486","0.9160704016685486","0.9160704016685486","315","315","315"
"14399","1.0162972211837769","1.0162972211837769","1.0162972211837769","316","316","316"
"14449","0.9878902435302734","0.9878902435302734","0.9878902435302734","317","317","317"
"14499","0.9913981556892395","0.9913981556892395","0.9913981556892395","318","318","318"
"14549","0.9749605059623718","0.9749605059623718","0.9749605059623718","319","319","319"
"14599","1.0656810998916626","1.0656810998916626","1.0656810998916626","320","320","320"
"14649","1.0089287757873535","1.0089287757873535","1.0089287757873535","321","321","321"
"14699","1.1218805313110352","1.1218805313110352","1.1218805313110352","322","322","322"
"14749","0.9329589009284973","0.9329589009284973","0.9329589009284973","323","323","323"
"14799","0.8652750253677368","0.8652750253677368","0.8652750253677368","325","325","325"
"14849","0.9724724292755127","0.9724724292755127","0.9724724292755127","326","326","326"
"14899","0.961138129234314","0.961138129234314","0.961138129234314","327","327","327"
"14949","1.0016989707946777","1.0016989707946777","1.0016989707946777","328","328","328"
"14999","0.9922273755073547","0.9922273755073547","0.9922273755073547","329","329","329"
"15049","0.8893643021583557","0.8893643021583557","0.8893643021583557","330","330","330"
"15099","0.9473647475242615","0.9473647475242615","0.9473647475242615","331","331","331"
"15149","0.774498701095581","0.774498701095581","0.774498701095581","332","332","332"
"15199","1.0022270679473877","1.0022270679473877","1.0022270679473877","333","333","333"
"15249","1.0455330610275269","1.0455330610275269","1.0455330610275269","334","334","334"
"15299","1.0305153131484985","1.0305153131484985","1.0305153131484985","336","336","336"
"15349","0.9267330169677734","0.9267330169677734","0.9267330169677734","337","337","337"
"15399","0.9361909031867981","0.9361909031867981","0.9361909031867981","338","338","338"
"15449","0.8643170595169067","0.8643170595169067","0.8643170595169067","339","339","339"
"15499","0.9989044070243835","0.9989044070243835","0.9989044070243835","340","340","340"
"15549","0.9107338786125183","0.9107338786125183","0.9107338786125183","341","341","341"
"15599","0.9860799908638","0.9860799908638","0.9860799908638","342","342","342"
"15649","1.0726325511932373","1.0726325511932373","1.0726325511932373","343","343","343"
"15699","1.068326711654663","1.068326711654663","1.068326711654663","344","344","344"
"15749","0.9555283188819885","0.9555283188819885","0.9555283188819885","345","345","345"
"15799","0.9622265696525574","0.9622265696525574","0.9622265696525574","347","347","347"
"15849","0.8633952140808105","0.8633952140808105","0.8633952140808105","348","348","348"
"15899","1.0023233890533447","1.0023233890533447","1.0023233890533447","349","349","349"
"15949","0.8017627596855164","0.8017627596855164","0.8017627596855164","350","350","350"
"15999","0.9237200021743774","0.9237200021743774","0.9237200021743774","351","351","351"
"16049","0.9041033983230591","0.9041033983230591","0.9041033983230591","352","352","352"
"16099","0.9050073623657227","0.9050073623657227","0.9050073623657227","353","353","353"
"16149","1.032515287399292","1.032515287399292","1.032515287399292","354","354","354"
"16199","0.8215177655220032","0.8215177655220032","0.8215177655220032","355","355","355"
"16249","0.9734675288200378","0.9734675288200378","0.9734675288200378","356","356","356"
"16299","0.8769773244857788","0.8769773244857788","0.8769773244857788","358","358","358"
"16349","0.9965282082557678","0.9965282082557678","0.9965282082557678","359","359","359"
"16399","0.8374660015106201","0.8374660015106201","0.8374660015106201","360","360","360"
"16449","0.9200149774551392","0.9200149774551392","0.9200149774551392","361","361","361"
"16499","0.9394275546073914","0.9394275546073914","0.9394275546073914","362","362","362"
"16549","0.8491788506507874","0.8491788506507874","0.8491788506507874","363","363","363"
"16599","1.086775302886963","1.086775302886963","1.086775302886963","364","364","364"
"16649","0.9795796871185303","0.9795796871185303","0.9795796871185303","365","365","365"
"16699","0.9131008386611938","0.9131008386611938","0.9131008386611938","366","366","366"
"16749","0.8668509125709534","0.8668509125709534","0.8668509125709534","367","367","367"
"16799","1.0180002450942993","1.0180002450942993","1.0180002450942993","369","369","369"
"16849","0.949111819267273","0.949111819267273","0.949111819267273","370","370","370"
"16899","0.9405444264411926","0.9405444264411926","0.9405444264411926","371","371","371"
"16949","0.8971089124679565","0.8971089124679565","0.8971089124679565","372","372","372"
"16999","1.061407446861267","1.061407446861267","1.061407446861267","373","373","373"
"17049","0.7821372151374817","0.7821372151374817","0.7821372151374817","374","374","374"
"17099","0.9779998660087585","0.9779998660087585","0.9779998660087585","375","375","375"
"17149","0.9139591455459595","0.9139591455459595","0.9139591455459595","376","376","376"
"17199","1.0502872467041016","1.0502872467041016","1.0502872467041016","377","377","377"
"17249","1.0548955202102661","1.0548955202102661","1.0548955202102661","378","378","378"
"17299","0.8673534989356995","0.8673534989356995","0.8673534989356995","380","380","380"
"17349","0.8790749907493591","0.8790749907493591","0.8790749907493591","381","381","381"
"17399","0.9396998286247253","0.9396998286247253","0.9396998286247253","382","382","382"
"17449","0.913173496723175","0.913173496723175","0.913173496723175","383","383","383"
"17499","0.9947823286056519","0.9947823286056519","0.9947823286056519","384","384","384"
"17549","1.015970230102539","1.015970230102539","1.015970230102539","385","385","385"
"17599","1.176967978477478","1.176967978477478","1.176967978477478","386","386","386"
"17649","0.9868513345718384","0.9868513345718384","0.9868513345718384","387","387","387"
"17699","0.9950353503227234","0.9950353503227234","0.9950353503227234","388","388","388"
"17749","0.8858978748321533","0.8858978748321533","0.8858978748321533","390","390","390"
"17799","1.0536909103393555","1.0536909103393555","1.0536909103393555","391","391","391"
"17849","1.0329501628875732","1.0329501628875732","1.0329501628875732","392","392","392"
"17899","1.0514484643936157","1.0514484643936157","1.0514484643936157","393","393","393"
"17949","0.9963704943656921","0.9963704943656921","0.9963704943656921","394","394","394"
"17999","0.94492506980896","0.94492506980896","0.94492506980896","395","395","395"
"18049","0.9590634703636169","0.9590634703636169","0.9590634703636169","396","396","396"
"18099","0.7819594144821167","0.7819594144821167","0.7819594144821167","397","397","397"
"18149","0.7130102515220642","0.7130102515220642","0.7130102515220642","398","398","398"
"18199","1.0195388793945312","1.0195388793945312","1.0195388793945312","399","399","399"
"18249","1.0051997900009155","1.0051997900009155","1.0051997900009155","401","401","401"
"18299","0.8337888717651367","0.8337888717651367","0.8337888717651367","402","402","402"
"18349","0.9044145345687866","0.9044145345687866","0.9044145345687866","403","403","403"
"18399","0.9477429389953613","0.9477429389953613","0.9477429389953613","404","404","404"
"18449","0.960268497467041","0.960268497467041","0.960268497467041","405","405","405"
"18499","0.8665081858634949","0.8665081858634949","0.8665081858634949","406","406","406"
"18549","0.9953147172927856","0.9953147172927856","0.9953147172927856","407","407","407"
"18599","0.8651273846626282","0.8651273846626282","0.8651273846626282","408","408","408"
"18649","0.9258366227149963","0.9258366227149963","0.9258366227149963","409","409","409"
"18699","0.9068283438682556","0.9068283438682556","0.9068283438682556","410","410","410"
"18749","0.9671069979667664","0.9671069979667664","0.9671069979667664","412","412","412"
"18799","0.9961041212081909","0.9961041212081909","0.9961041212081909","413","413","413"
"18849","1.1766656637191772","1.1766656637191772","1.1766656637191772","414","414","414"
"18899","0.962700605392456","0.962700605392456","0.962700605392456","415","415","415"
"18949","0.9651087522506714","0.9651087522506714","0.9651087522506714","416","416","416"
"18999","1.0034427642822266","1.0034427642822266","1.0034427642822266","417","417","417"
"19049","0.8311452865600586","0.8311452865600586","0.8311452865600586","418","418","418"
"19099","1.02027428150177","1.02027428150177","1.02027428150177","419","419","419"
"19149","0.956287145614624","0.956287145614624","0.956287145614624","420","420","420"
"19199","0.9593555331230164","0.9593555331230164","0.9593555331230164","421","421","421"
"19249","0.8967357873916626","0.8967357873916626","0.8967357873916626","423","423","423"
"19299","0.9517711997032166","0.9517711997032166","0.9517711997032166","424","424","424"
"19349","1.011673092842102","1.011673092842102","1.011673092842102","425","425","425"
"19399","0.9857885241508484","0.9857885241508484","0.9857885241508484","426","426","426"
"19449","0.9833142757415771","0.9833142757415771","0.9833142757415771","427","427","427"
"19499","0.9326764345169067","0.9326764345169067","0.9326764345169067","428","428","428"
"19549","0.9309966564178467","0.9309966564178467","0.9309966564178467","429","429","429"
"19599","0.8508337736129761","0.8508337736129761","0.8508337736129761","430","430","430"
"19649","0.9649201035499573","0.9649201035499573","0.9649201035499573","431","431","431"
"19699","1.039390206336975","1.039390206336975","1.039390206336975","432","432","432"
"19749","1.021928310394287","1.021928310394287","1.021928310394287","434","434","434"
"19799","1.0487545728683472","1.0487545728683472","1.0487545728683472","435","435","435"
"19849","0.9482056498527527","0.9482056498527527","0.9482056498527527","436","436","436"
"19899","0.9783447980880737","0.9783447980880737","0.9783447980880737","437","437","437"
"19949","1.000718116760254","1.000718116760254","1.000718116760254","438","438","438"
"19999","0.8410922884941101","0.8410922884941101","0.8410922884941101","439","439","439"
"20049","0.9499132633209229","0.9499132633209229","0.9499132633209229","440","440","440"
"20099","0.9401751756668091","0.9401751756668091","0.9401751756668091","441","441","441"
"20149","0.8350687623023987","0.8350687623023987","0.8350687623023987","442","442","442"
"20199","0.908528208732605","0.908528208732605","0.908528208732605","443","443","443"
"20249","1.0155693292617798","1.0155693292617798","1.0155693292617798","445","445","445"
"20299","0.8269957304000854","0.8269957304000854","0.8269957304000854","446","446","446"
"20349","0.8907395005226135","0.8907395005226135","0.8907395005226135","447","447","447"
"20399","1.0775362253189087","1.0775362253189087","1.0775362253189087","448","448","448"
"20449","0.9440589547157288","0.9440589547157288","0.9440589547157288","449","449","449"
"20499","0.9714838266372681","0.9714838266372681","0.9714838266372681","450","450","450"
"20549","0.8477738499641418","0.8477738499641418","0.8477738499641418","451","451","451"
"20599","1.0194252729415894","1.0194252729415894","1.0194252729415894","452","452","452"
"20649","0.8276904225349426","0.8276904225349426","0.8276904225349426","453","453","453"
"20699","0.9043589234352112","0.9043589234352112","0.9043589234352112","454","454","454"
"20749","0.9469128847122192","0.9469128847122192","0.9469128847122192","456","456","456"
"20799","1.0109971761703491","1.0109971761703491","1.0109971761703491","457","457","457"
"20849","0.9595970511436462","0.9595970511436462","0.9595970511436462","458","458","458"
"20899","0.8708853721618652","0.8708853721618652","0.8708853721618652","459","459","459"
"20949","0.9384108781814575","0.9384108781814575","0.9384108781814575","460","460","460"
"20999","0.7858856916427612","0.7858856916427612","0.7858856916427612","461","461","461"
"21049","0.9711723923683167","0.9711723923683167","0.9711723923683167","462","462","462"
"21099","1.0672717094421387","1.0672717094421387","1.0672717094421387","463","463","463"
"21149","1.011230230331421","1.011230230331421","1.011230230331421","464","464","464"
"21199","1.0175716876983643","1.0175716876983643","1.0175716876983643","466","466","466"
"21249","0.9591081738471985","0.9591081738471985","0.9591081738471985","467","467","467"
"21299","1.0734902620315552","1.0734902620315552","1.0734902620315552","468","468","468"
"21349","0.909415066242218","0.909415066242218","0.909415066242218","469","469","469"
"21399","1.1022522449493408","1.1022522449493408","1.1022522449493408","470","470","470"
"21449","0.8745529651641846","0.8745529651641846","0.8745529651641846","471","471","471"
"21499","0.9237196445465088","0.9237196445465088","0.9237196445465088","472","472","472"
"21549","0.8303609490394592","0.8303609490394592","0.8303609490394592","473","473","473"
"21599","1.164940595626831","1.164940595626831","1.164940595626831","474","474","474"
"21649","0.8091211318969727","0.8091211318969727","0.8091211318969727","475","475","475"
"21699","0.9658458232879639","0.9658458232879639","0.9658458232879639","477","477","477"
"21749","0.9794911742210388","0.9794911742210388","0.9794911742210388","478","478","478"
"21799","0.9013157486915588","0.9013157486915588","0.9013157486915588","479","479","479"
"21849","0.9351096153259277","0.9351096153259277","0.9351096153259277","480","480","480"
"21899","0.9414581060409546","0.9414581060409546","0.9414581060409546","481","481","481"
"21949","0.9950757622718811","0.9950757622718811","0.9950757622718811","482","482","482"
"21999","0.9174100756645203","0.9174100756645203","0.9174100756645203","483","483","483"
"22049","0.9424133896827698","0.9424133896827698","0.9424133896827698","484","484","484"
"22099","0.948734700679779","0.948734700679779","0.948734700679779","485","485","485"
"22149","0.9522841572761536","0.9522841572761536","0.9522841572761536","486","486","486"
"22199","0.9392679333686829","0.9392679333686829","0.9392679333686829","488","488","488"
"22249","1.0544174909591675","1.0544174909591675","1.0544174909591675","489","489","489"
"22299","0.9075574278831482","0.9075574278831482","0.9075574278831482","490","490","490"
"22349","0.8144606351852417","0.8144606351852417","0.8144606351852417","491","491","491"
"22399","1.0417665243148804","1.0417665243148804","1.0417665243148804","492","492","492"
"22449","0.8837381601333618","0.8837381601333618","0.8837381601333618","493","493","493"
"22499","1.0089391469955444","1.0089391469955444","1.0089391469955444","494","494","494"
"22549","0.9747363328933716","0.9747363328933716","0.9747363328933716","495","495","495"
"22599","0.9570614099502563","0.9570614099502563","0.9570614099502563","496","496","496"
"22649","0.9932206869125366","0.9932206869125366","0.9932206869125366","497","497","497"
"22699","1.0479761362075806","1.0479761362075806","1.0479761362075806","499","499","499"
"22749","0.9545565247535706","0.9545565247535706","0.9545565247535706","500","500","500"
"22799","0.9216930866241455","0.9216930866241455","0.9216930866241455","501","501","501"
"22849","0.9261810779571533","0.9261810779571533","0.9261810779571533","502","502","502"
"22899","0.9687222242355347","0.9687222242355347","0.9687222242355347","503","503","503"
"22949","0.8853906393051147","0.8853906393051147","0.8853906393051147","504","504","504"
"22999","0.8175672888755798","0.8175672888755798","0.8175672888755798","505","505","505"
"23049","0.9139693379402161","0.9139693379402161","0.9139693379402161","506","506","506"
"23099","0.9755665063858032","0.9755665063858032","0.9755665063858032","507","507","507"
"23149","0.8194623589515686","0.8194623589515686","0.8194623589515686","508","508","508"
"23199","0.9736127257347107","0.9736127257347107","0.9736127257347107","510","510","510"
"23249","0.9448593258857727","0.9448593258857727","0.9448593258857727","511","511","511"
"23299","1.0333977937698364","1.0333977937698364","1.0333977937698364","512","512","512"
"23349","0.8558329939842224","0.8558329939842224","0.8558329939842224","513","513","513"
"23399","0.9099777936935425","0.9099777936935425","0.9099777936935425","514","514","514"
"23449","0.8477093577384949","0.8477093577384949","0.8477093577384949","515","515","515"
"23499","0.8762578368186951","0.8762578368186951","0.8762578368186951","516","516","516"
"23549","1.0150341987609863","1.0150341987609863","1.0150341987609863","517","517","517"
"23599","1.020001769065857","1.020001769065857","1.020001769065857","518","518","518"
"23649","0.8352386355400085","0.8352386355400085","0.8352386355400085","519","519","519"
"23699","0.9759142994880676","0.9759142994880676","0.9759142994880676","521","521","521"
"23749","0.9353040456771851","0.9353040456771851","0.9353040456771851","522","522","522"
"23799","0.9425376057624817","0.9425376057624817","0.9425376057624817","523","523","523"
"23849","1.0102441310882568","1.0102441310882568","1.0102441310882568","524","524","524"
"23899","0.9336874485015869","0.9336874485015869","0.9336874485015869","525","525","525"
"23949","1.0202476978302002","1.0202476978302002","1.0202476978302002","526","526","526"
"23999","1.0049554109573364","1.0049554109573364","1.0049554109573364","527","527","527"
"24049","0.8980333209037781","0.8980333209037781","0.8980333209037781","528","528","528"
"24099","0.885409414768219","0.885409414768219","0.885409414768219","529","529","529"
"24149","1.097307562828064","1.097307562828064","1.097307562828064","530","530","530"
"24199","1.0811611413955688","1.0811611413955688","1.0811611413955688","532","532","532"
"24249","0.7211453914642334","0.7211453914642334","0.7211453914642334","533","533","533"
"24299","1.0555583238601685","1.0555583238601685","1.0555583238601685","534","534","534"
"24349","1.0242120027542114","1.0242120027542114","1.0242120027542114","535","535","535"
"24399","0.9677018523216248","0.9677018523216248","0.9677018523216248","536","536","536"
"24449","0.9712536334991455","0.9712536334991455","0.9712536334991455","537","537","537"
"24499","1.0602374076843262","1.0602374076843262","1.0602374076843262","538","538","538"
"24549","0.8490241169929504","0.8490241169929504","0.8490241169929504","539","539","539"
"24599","0.9394923448562622","0.9394923448562622","0.9394923448562622","540","540","540"
"24649","0.8265886306762695","0.8265886306762695","0.8265886306762695","541","541","541"
"24699","0.875942587852478","0.875942587852478","0.875942587852478","543","543","543"
"24749","0.7667807340621948","0.7667807340621948","0.7667807340621948","544","544","544"
"24799","0.9177398085594177","0.9177398085594177","0.9177398085594177","545","545","545"
"24849","0.8334966897964478","0.8334966897964478","0.8334966897964478","546","546","546"
"24899","1.0105844736099243","1.0105844736099243","1.0105844736099243","547","547","547"
"24949","0.8183768391609192","0.8183768391609192","0.8183768391609192","548","548","548"
"24999","1.0103670358657837","1.0103670358657837","1.0103670358657837","549","549","549"
"25049","0.746207058429718","0.746207058429718","0.746207058429718","550","550","550"
"25099","1.0652159452438354","1.0652159452438354","1.0652159452438354","551","551","551"
"25149","0.8634969592094421","0.8634969592094421","0.8634969592094421","553","553","553"
"25199","0.8790377378463745","0.8790377378463745","0.8790377378463745","554","554","554"
"25249","0.9711387753486633","0.9711387753486633","0.9711387753486633","555","555","555"
"25299","0.983546793460846","0.983546793460846","0.983546793460846","556","556","556"
"25349","1.0283091068267822","1.0283091068267822","1.0283091068267822","557","557","557"
"25399","0.938668966293335","0.938668966293335","0.938668966293335","558","558","558"
"25449","0.9007372260093689","0.9007372260093689","0.9007372260093689","559","559","559"
"25499","0.8491942286491394","0.8491942286491394","0.8491942286491394","560","560","560"
"25549","0.8194763660430908","0.8194763660430908","0.8194763660430908","561","561","561"
"25599","1.0275522470474243","1.0275522470474243","1.0275522470474243","562","562","562"
"25649","0.9980544447898865","0.9980544447898865","0.9980544447898865","564","564","564"
"25699","0.9731213450431824","0.9731213450431824","0.9731213450431824","565","565","565"
"25749","0.9213805198669434","0.9213805198669434","0.9213805198669434","566","566","566"
"25799","0.8236643671989441","0.8236643671989441","0.8236643671989441","567","567","567"
"25849","0.7904834151268005","0.7904834151268005","0.7904834151268005","568","568","568"
"25899","0.7741572260856628","0.7741572260856628","0.7741572260856628","569","569","569"
"25949","0.9267314076423645","0.9267314076423645","0.9267314076423645","570","570","570"
"25999","0.8383680582046509","0.8383680582046509","0.8383680582046509","571","571","571"
"26049","0.7919288873672485","0.7919288873672485","0.7919288873672485","572","572","572"
"26099","1.0185800790786743","1.0185800790786743","1.0185800790786743","573","573","573"
"26149","0.7629226446151733","0.7629226446151733","0.7629226446151733","575","575","575"
"26199","0.8653575778007507","0.8653575778007507","0.8653575778007507","576","576","576"
"26249","0.8224824666976929","0.8224824666976929","0.8224824666976929","577","577","577"
"26299","1.06365966796875","1.06365966796875","1.06365966796875","578","578","578"
"26349","0.8188260793685913","0.8188260793685913","0.8188260793685913","579","579","579"
"26399","0.8899070620536804","0.8899070620536804","0.8899070620536804","580","580","580"
"26449","0.9441488981246948","0.9441488981246948","0.9441488981246948","581","581","581"
"26499","0.900408148765564","0.900408148765564","0.900408148765564","582","582","582"
"26549","0.8890088796615601","0.8890088796615601","0.8890088796615601","583","583","583"
"26599","0.8330458998680115","0.8330458998680115","0.8330458998680115","584","584","584"
"26649","0.8110160827636719","0.8110160827636719","0.8110160827636719","586","586","586"
"26699","0.9823998808860779","0.9823998808860779","0.9823998808860779","587","587","587"
"26749","1.2136646509170532","1.2136646509170532","1.2136646509170532","588","588","588"
"26799","0.8609123826026917","0.8609123826026917","0.8609123826026917","589","589","589"
"26849","1.0894941091537476","1.0894941091537476","1.0894941091537476","590","590","590"
"26899","0.878721296787262","0.878721296787262","0.878721296787262","591","591","591"
"26949","0.9213452935218811","0.9213452935218811","0.9213452935218811","592","592","592"
"26999","0.806233286857605","0.806233286857605","0.806233286857605","593","593","593"
"27049","0.9158521294593811","0.9158521294593811","0.9158521294593811","594","594","594"
"27099","0.9066752195358276","0.9066752195358276","0.9066752195358276","595","595","595"
"27149","0.9515343308448792","0.9515343308448792","0.9515343308448792","597","597","597"
"27199","0.9090029001235962","0.9090029001235962","0.9090029001235962","598","598","598"
"27249","0.972440779209137","0.972440779209137","0.972440779209137","599","599","599"
"27299","0.9165237545967102","0.9165237545967102","0.9165237545967102","600","600","600"
"27349","1.0226975679397583","1.0226975679397583","1.0226975679397583","601","601","601"
"27399","0.9582354426383972","0.9582354426383972","0.9582354426383972","602","602","602"
"27449","0.8740912675857544","0.8740912675857544","0.8740912675857544","603","603","603"
"27499","1.1057971715927124","1.1057971715927124","1.1057971715927124","604","604","604"
"27549","0.9840485453605652","0.9840485453605652","0.9840485453605652","605","605","605"
"27599","0.8286269307136536","0.8286269307136536","0.8286269307136536","606","606","606"
"27649","0.8841202259063721","0.8841202259063721","0.8841202259063721","608","608","608"
"27699","0.9207766056060791","0.9207766056060791","0.9207766056060791","609","609","609"
"27749","0.8833882808685303","0.8833882808685303","0.8833882808685303","610","610","610"
"27799","0.8161653876304626","0.8161653876304626","0.8161653876304626","611","611","611"
"27849","0.9807212948799133","0.9807212948799133","0.9807212948799133","612","612","612"
"27899","1.0108258724212646","1.0108258724212646","1.0108258724212646","613","613","613"
"27949","0.710263192653656","0.710263192653656","0.710263192653656","614","614","614"
"27999","0.8942769765853882","0.8942769765853882","0.8942769765853882","615","615","615"
"28049","1.0812588930130005","1.0812588930130005","1.0812588930130005","616","616","616"
"28099","0.9175941348075867","0.9175941348075867","0.9175941348075867","617","617","617"
"28149","0.9294748306274414","0.9294748306274414","0.9294748306274414","619","619","619"
"28199","0.8571857810020447","0.8571857810020447","0.8571857810020447","620","620","620"
"28249","1.0081840753555298","1.0081840753555298","1.0081840753555298","621","621","621"
"28299","1.0058499574661255","1.0058499574661255","1.0058499574661255","622","622","622"
"28349","0.8924851417541504","0.8924851417541504","0.8924851417541504","623","623","623"
"28399","0.9799754023551941","0.9799754023551941","0.9799754023551941","624","624","624"
"28449","0.9922177791595459","0.9922177791595459","0.9922177791595459","625","625","625"
"28499","0.9929114580154419","0.9929114580154419","0.9929114580154419","626","626","626"
"28549","0.9570003747940063","0.9570003747940063","0.9570003747940063","627","627","627"
"28599","0.877021849155426","0.877021849155426","0.877021849155426","629","629","629"
"28649","0.8890075087547302","0.8890075087547302","0.8890075087547302","630","630","630"
"28699","0.8523865938186646","0.8523865938186646","0.8523865938186646","631","631","631"
"28749","0.8861143589019775","0.8861143589019775","0.8861143589019775","632","632","632"
"28799","0.869083821773529","0.869083821773529","0.869083821773529","633","633","633"
"28849","0.8492540121078491","0.8492540121078491","0.8492540121078491","634","634","634"
"28899","0.8129665851593018","0.8129665851593018","0.8129665851593018","635","635","635"
"28949","0.7412300109863281","0.7412300109863281","0.7412300109863281","636","636","636"
"28999","1.016296148300171","1.016296148300171","1.016296148300171","637","637","637"
"29049","0.7405165433883667","0.7405165433883667","0.7405165433883667","638","638","638"
"29099","1.0152848958969116","1.0152848958969116","1.0152848958969116","640","640","640"
"29149","1.0207045078277588","1.0207045078277588","1.0207045078277588","641","641","641"
"29199","0.8558381795883179","0.8558381795883179","0.8558381795883179","642","642","642"
"29249","0.8040972948074341","0.8040972948074341","0.8040972948074341","643","643","643"
"29299","0.9401432871818542","0.9401432871818542","0.9401432871818542","644","644","644"
"29349","0.7987257242202759","0.7987257242202759","0.7987257242202759","645","645","645"
"29399","0.8437047004699707","0.8437047004699707","0.8437047004699707","646","646","646"
"29449","0.8524240851402283","0.8524240851402283","0.8524240851402283","647","647","647"
"29499","0.7984946966171265","0.7984946966171265","0.7984946966171265","648","648","648"
"29549","0.9060484170913696","0.9060484170913696","0.9060484170913696","649","649","649"
"29599","0.8670742511749268","0.8670742511749268","0.8670742511749268","651","651","651"
"29649","0.8589524626731873","0.8589524626731873","0.8589524626731873","652","652","652"
"29699","0.8499115109443665","0.8499115109443665","0.8499115109443665","653","653","653"
"29749","0.9590709209442139","0.9590709209442139","0.9590709209442139","654","654","654"
"29799","0.9552029371261597","0.9552029371261597","0.9552029371261597","655","655","655"
"29849","0.8688036799430847","0.8688036799430847","0.8688036799430847","656","656","656"
"29899","0.9344341158866882","0.9344341158866882","0.9344341158866882","657","657","657"
"29949","0.852946937084198","0.852946937084198","0.852946937084198","658","658","658"
"29999","0.9583315849304199","0.9583315849304199","0.9583315849304199","659","659","659"
"30049","0.9405055046081543","0.9405055046081543","0.9405055046081543","660","660","660"
"30099","0.9804876446723938","0.9804876446723938","0.9804876446723938","662","662","662"
"30149","0.9277658462524414","0.9277658462524414","0.9277658462524414","663","663","663"
"30199","1.000154733657837","1.000154733657837","1.000154733657837","664","664","664"
"30249","0.8443528413772583","0.8443528413772583","0.8443528413772583","665","665","665"
"30299","0.9973768591880798","0.9973768591880798","0.9973768591880798","666","666","666"
"30349","0.764851987361908","0.764851987361908","0.764851987361908","667","667","667"
"30399","0.9624322652816772","0.9624322652816772","0.9624322652816772","668","668","668"
"30449","0.9821122884750366","0.9821122884750366","0.9821122884750366","669","669","669"
"30499","1.1848013401031494","1.1848013401031494","1.1848013401031494","670","670","670"
"30549","0.8059245944023132","0.8059245944023132","0.8059245944023132","671","671","671"
"30599","0.7615752816200256","0.7615752816200256","0.7615752816200256","673","673","673"
"30649","1.009647250175476","1.009647250175476","1.009647250175476","674","674","674"
"30699","0.899646520614624","0.899646520614624","0.899646520614624","675","675","675"
"30749","0.8329707980155945","0.8329707980155945","0.8329707980155945","676","676","676"
"30799","0.8275206685066223","0.8275206685066223","0.8275206685066223","677","677","677"
"30849","1.0741385221481323","1.0741385221481323","1.0741385221481323","678","678","678"
"30899","0.8169858455657959","0.8169858455657959","0.8169858455657959","679","679","679"
"30949","1.0423004627227783","1.0423004627227783","1.0423004627227783","680","680","680"
"30999","0.8325621485710144","0.8325621485710144","0.8325621485710144","681","681","681"
"31049","0.7978634238243103","0.7978634238243103","0.7978634238243103","682","682","682"
"31099","0.8573036193847656","0.8573036193847656","0.8573036193847656","684","684","684"
"31149","0.8912703394889832","0.8912703394889832","0.8912703394889832","685","685","685"
"31199","0.9392212629318237","0.9392212629318237","0.9392212629318237","686","686","686"
"31249","0.887065052986145","0.887065052986145","0.887065052986145","687","687","687"
"31299","0.7220946550369263","0.7220946550369263","0.7220946550369263","688","688","688"
"31349","0.8934025168418884","0.8934025168418884","0.8934025168418884","689","689","689"
"31399","1.018174648284912","1.018174648284912","1.018174648284912","690","690","690"
"31449","0.7878062129020691","0.7878062129020691","0.7878062129020691","691","691","691"
"31499","0.9155163764953613","0.9155163764953613","0.9155163764953613","692","692","692"
"31549","0.839645504951477","0.839645504951477","0.839645504951477","693","693","693"
"31599","0.7273449897766113","0.7273449897766113","0.7273449897766113","695","695","695"
"31649","1.0178757905960083","1.0178757905960083","1.0178757905960083","696","696","696"
"31699","0.9089299440383911","0.9089299440383911","0.9089299440383911","697","697","697"
"31749","0.9471912980079651","0.9471912980079651","0.9471912980079651","698","698","698"
"31799","0.8097018599510193","0.8097018599510193","0.8097018599510193","699","699","699"
"31849","0.8748297691345215","0.8748297691345215","0.8748297691345215","700","700","700"
"31899","0.901028037071228","0.901028037071228","0.901028037071228","701","701","701"
"31949","0.836305558681488","0.836305558681488","0.836305558681488","702","702","702"
"31999","1.0050545930862427","1.0050545930862427","1.0050545930862427","703","703","703"
"32049","1.0624802112579346","1.0624802112579346","1.0624802112579346","705","705","705"
"32099","0.9383124709129333","0.9383124709129333","0.9383124709129333","706","706","706"
"32149","0.9278531670570374","0.9278531670570374","0.9278531670570374","707","707","707"
"32199","0.9473066926002502","0.9473066926002502","0.9473066926002502","708","708","708"
"32249","0.8984956741333008","0.8984956741333008","0.8984956741333008","709","709","709"
"32299","0.736598551273346","0.736598551273346","0.736598551273346","710","710","710"
"32349","0.998275876045227","0.998275876045227","0.998275876045227","711","711","711"
"32399","0.9149870872497559","0.9149870872497559","0.9149870872497559","712","712","712"
"32449","0.8379306793212891","0.8379306793212891","0.8379306793212891","713","713","713"
"32499","0.9516168236732483","0.9516168236732483","0.9516168236732483","714","714","714"
"32549","0.8881147503852844","0.8881147503852844","0.8881147503852844","716","716","716"
"32599","0.9242119193077087","0.9242119193077087","0.9242119193077087","717","717","717"
"32649","1.1036951541900635","1.1036951541900635","1.1036951541900635","718","718","718"
"32699","0.8142598271369934","0.8142598271369934","0.8142598271369934","719","719","719"
"32749","0.8403148651123047","0.8403148651123047","0.8403148651123047","720","720","720"
"32799","0.9507119655609131","0.9507119655609131","0.9507119655609131","721","721","721"
"32849","0.8811894655227661","0.8811894655227661","0.8811894655227661","722","722","722"
"32899","0.9041435122489929","0.9041435122489929","0.9041435122489929","723","723","723"
"32949","0.8266980051994324","0.8266980051994324","0.8266980051994324","724","724","724"
"32999","1.03669011592865","1.03669011592865","1.03669011592865","725","725","725"
"33049","0.8528427481651306","0.8528427481651306","0.8528427481651306","727","727","727"
"33099","0.9354111552238464","0.9354111552238464","0.9354111552238464","728","728","728"
"33149","1.019002914428711","1.019002914428711","1.019002914428711","729","729","729"
"33199","0.819998562335968","0.819998562335968","0.819998562335968","730","730","730"
"33249","0.9692531228065491","0.9692531228065491","0.9692531228065491","731","731","731"
"33299","0.8105356693267822","0.8105356693267822","0.8105356693267822","732","732","732"
"33349","0.8325565457344055","0.8325565457344055","0.8325565457344055","733","733","733"
"33399","0.9585108757019043","0.9585108757019043","0.9585108757019043","734","734","734"
"33449","0.916742205619812","0.916742205619812","0.916742205619812","735","735","735"
"33499","0.9318888783454895","0.9318888783454895","0.9318888783454895","736","736","736"
"33549","0.9554634690284729","0.9554634690284729","0.9554634690284729","738","738","738"
"33599","0.948418140411377","0.948418140411377","0.948418140411377","739","739","739"
"33649","1.0073093175888062","1.0073093175888062","1.0073093175888062","740","740","740"
"33699","0.9540839791297913","0.9540839791297913","0.9540839791297913","741","741","741"
"33749","0.8273171782493591","0.8273171782493591","0.8273171782493591","742","742","742"
"33799","0.8810921907424927","0.8810921907424927","0.8810921907424927","743","743","743"
"33849","0.8612582087516785","0.8612582087516785","0.8612582087516785","744","744","744"
"33899","0.7943349480628967","0.7943349480628967","0.7943349480628967","745","745","745"
"33949","0.8263383507728577","0.8263383507728577","0.8263383507728577","746","746","746"
"33999","1.069565773010254","1.069565773010254","1.069565773010254","747","747","747"
"34049","0.8665105700492859","0.8665105700492859","0.8665105700492859","749","749","749"
"34099","0.8973991870880127","0.8973991870880127","0.8973991870880127","750","750","750"
"34149","1.0289685726165771","1.0289685726165771","1.0289685726165771","751","751","751"
"34199","0.9597773551940918","0.9597773551940918","0.9597773551940918","752","752","752"
"34249","0.8398098945617676","0.8398098945617676","0.8398098945617676","753","753","753"
"34299","0.9207603335380554","0.9207603335380554","0.9207603335380554","754","754","754"
"34349","0.8588399291038513","0.8588399291038513","0.8588399291038513","755","755","755"
"34399","0.9402397871017456","0.9402397871017456","0.9402397871017456","756","756","756"
"34449","0.9164848327636719","0.9164848327636719","0.9164848327636719","757","757","757"
"34499","0.9932780265808105","0.9932780265808105","0.9932780265808105","758","758","758"
"34549","1.0371644496917725","1.0371644496917725","1.0371644496917725","760","760","760"
"34599","0.9247912764549255","0.9247912764549255","0.9247912764549255","761","761","761"
"34649","0.9299532175064087","0.9299532175064087","0.9299532175064087","762","762","762"
"34699","0.945115864276886","0.945115864276886","0.945115864276886","763","763","763"
"34749","0.8704922795295715","0.8704922795295715","0.8704922795295715","764","764","764"
"34799","0.9770479202270508","0.9770479202270508","0.9770479202270508","765","765","765"
"34849","0.9474849700927734","0.9474849700927734","0.9474849700927734","766","766","766"
"34899","0.9742432832717896","0.9742432832717896","0.9742432832717896","767","767","767"
"34949","0.8733922839164734","0.8733922839164734","0.8733922839164734","768","768","768"
"34999","1.0110630989074707","1.0110630989074707","1.0110630989074707","769","769","769"
"35049","0.8065739870071411","0.8065739870071411","0.8065739870071411","771","771","771"
"35099","0.7525308728218079","0.7525308728218079","0.7525308728218079","772","772","772"
"35149","0.944770336151123","0.944770336151123","0.944770336151123","773","773","773"
"35199","0.7893394827842712","0.7893394827842712","0.7893394827842712","774","774","774"
"35249","0.8661415576934814","0.8661415576934814","0.8661415576934814","775","775","775"
"35299","0.8786032199859619","0.8786032199859619","0.8786032199859619","776","776","776"
"35349","0.9952991008758545","0.9952991008758545","0.9952991008758545","777","777","777"
"35399","0.8552850484848022","0.8552850484848022","0.8552850484848022","778","778","778"
"35449","0.9145965576171875","0.9145965576171875","0.9145965576171875","779","779","779"
"35499","0.8825997710227966","0.8825997710227966","0.8825997710227966","781","781","781"
"35549","0.8839725255966187","0.8839725255966187","0.8839725255966187","782","782","782"
"35599","0.868018388748169","0.868018388748169","0.868018388748169","783","783","783"
"35649","0.860429584980011","0.860429584980011","0.860429584980011","784","784","784"
"35699","0.9187204837799072","0.9187204837799072","0.9187204837799072","785","785","785"
"35749","0.7736573815345764","0.7736573815345764","0.7736573815345764","786","786","786"
"35799","0.8994407653808594","0.8994407653808594","0.8994407653808594","787","787","787"
"35849","0.9316977858543396","0.9316977858543396","0.9316977858543396","788","788","788"
"35899","0.8217518925666809","0.8217518925666809","0.8217518925666809","789","789","789"
"35949","0.9291579127311707","0.9291579127311707","0.9291579127311707","790","790","790"
"35999","0.8777257204055786","0.8777257204055786","0.8777257204055786","792","792","792"
"36049","0.8433730006217957","0.8433730006217957","0.8433730006217957","793","793","793"
"36099","0.8798421025276184","0.8798421025276184","0.8798421025276184","794","794","794"
"36149","0.8533439636230469","0.8533439636230469","0.8533439636230469","795","795","795"
"36199","0.9413825273513794","0.9413825273513794","0.9413825273513794","796","796","796"
"36249","0.9564334154129028","0.9564334154129028","0.9564334154129028","797","797","797"
"36299","0.8872976303100586","0.8872976303100586","0.8872976303100586","798","798","798"
"36349","0.9300052523612976","0.9300052523612976","0.9300052523612976","799","799","799"
"36399","0.8842703700065613","0.8842703700065613","0.8842703700065613","800","800","800"
"36449","1.0179004669189453","1.0179004669189453","1.0179004669189453","801","801","801"
"36499","1.0518462657928467","1.0518462657928467","1.0518462657928467","803","803","803"
"36549","0.8741602897644043","0.8741602897644043","0.8741602897644043","804","804","804"
"36599","0.8716585636138916","0.8716585636138916","0.8716585636138916","805","805","805"
"36649","0.8461474180221558","0.8461474180221558","0.8461474180221558","806","806","806"
"36699","0.939362108707428","0.939362108707428","0.939362108707428","807","807","807"
"36749","1.080339789390564","1.080339789390564","1.080339789390564","808","808","808"
"36799","0.8334410786628723","0.8334410786628723","0.8334410786628723","809","809","809"
"36849","0.8473793864250183","0.8473793864250183","0.8473793864250183","810","810","810"
"36899","0.7550107836723328","0.7550107836723328","0.7550107836723328","811","811","811"
"36949","0.9626918435096741","0.9626918435096741","0.9626918435096741","812","812","812"
"36999","0.8279992341995239","0.8279992341995239","0.8279992341995239","814","814","814"
"37049","0.9424877166748047","0.9424877166748047","0.9424877166748047","815","815","815"
"37099","0.9297526478767395","0.9297526478767395","0.9297526478767395","816","816","816"
"37149","0.9515364170074463","0.9515364170074463","0.9515364170074463","817","817","817"
"37199","1.0040208101272583","1.0040208101272583","1.0040208101272583","818","818","818"
"37249","0.8818051218986511","0.8818051218986511","0.8818051218986511","819","819","819"
"37299","0.9016797542572021","0.9016797542572021","0.9016797542572021","820","820","820"
"37349","0.8778846859931946","0.8778846859931946","0.8778846859931946","821","821","821"
"37399","0.9627124667167664","0.9627124667167664","0.9627124667167664","822","822","822"
"37449","0.816651463508606","0.816651463508606","0.816651463508606","823","823","823"
"37499","0.8680233955383301","0.8680233955383301","0.8680233955383301","825","825","825"
"37549","0.7639972567558289","0.7639972567558289","0.7639972567558289","826","826","826"
"37599","0.893256664276123","0.893256664276123","0.893256664276123","827","827","827"
"37649","0.9022059440612793","0.9022059440612793","0.9022059440612793","828","828","828"
"37699","0.8977134823799133","0.8977134823799133","0.8977134823799133","829","829","829"
"37749","0.843936562538147","0.843936562538147","0.843936562538147","830","830","830"
"37799","0.9828436970710754","0.9828436970710754","0.9828436970710754","831","831","831"
"37849","0.7678433060646057","0.7678433060646057","0.7678433060646057","832","832","832"
"37899","0.8290473222732544","0.8290473222732544","0.8290473222732544","833","833","833"
"37949","0.7736833691596985","0.7736833691596985","0.7736833691596985","834","834","834"
"37999","0.9352792501449585","0.9352792501449585","0.9352792501449585","836","836","836"
"38049","0.9153335094451904","0.9153335094451904","0.9153335094451904","837","837","837"
"38099","0.8406438231468201","0.8406438231468201","0.8406438231468201","838","838","838"
"38149","0.7592159509658813","0.7592159509658813","0.7592159509658813","839","839","839"
"38199","0.9287380576133728","0.9287380576133728","0.9287380576133728","840","840","840"
"38249","0.9738253355026245","0.9738253355026245","0.9738253355026245","841","841","841"
"38299","0.8765166401863098","0.8765166401863098","0.8765166401863098","842","842","842"
"38349","0.9651387929916382","0.9651387929916382","0.9651387929916382","843","843","843"
"38399","0.997312068939209","0.997312068939209","0.997312068939209","844","844","844"
"38449","0.8542077541351318","0.8542077541351318","0.8542077541351318","845","845","845"
"38499","1.1241141557693481","1.1241141557693481","1.1241141557693481","847","847","847"
"38549","0.9579102993011475","0.9579102993011475","0.9579102993011475","848","848","848"
"38599","0.9069661498069763","0.9069661498069763","0.9069661498069763","849","849","849"
"38649","0.8311219811439514","0.8311219811439514","0.8311219811439514","850","850","850"
"38699","0.7790902256965637","0.7790902256965637","0.7790902256965637","851","851","851"
"38749","0.712276041507721","0.712276041507721","0.712276041507721","852","852","852"
"38799","0.8650568723678589","0.8650568723678589","0.8650568723678589","853","853","853"
"38849","0.805008053779602","0.805008053779602","0.805008053779602","854","854","854"
"38899","0.9647777080535889","0.9647777080535889","0.9647777080535889","855","855","855"
"38949","0.8271188139915466","0.8271188139915466","0.8271188139915466","857","857","857"
"38999","0.9256985783576965","0.9256985783576965","0.9256985783576965","858","858","858"
"39049","0.9255033135414124","0.9255033135414124","0.9255033135414124","859","859","859"
"39099","0.8811971545219421","0.8811971545219421","0.8811971545219421","860","860","860"
"39149","0.9310722947120667","0.9310722947120667","0.9310722947120667","861","861","861"
"39199","0.8269733190536499","0.8269733190536499","0.8269733190536499","862","862","862"
"39249","0.823794424533844","0.823794424533844","0.823794424533844","863","863","863"
"39299","0.9664782881736755","0.9664782881736755","0.9664782881736755","864","864","864"
"39349","1.0156681537628174","1.0156681537628174","1.0156681537628174","865","865","865"
"39399","0.9978048801422119","0.9978048801422119","0.9978048801422119","866","866","866"
"39449","0.879167914390564","0.879167914390564","0.879167914390564","868","868","868"
"39499","0.8287919163703918","0.8287919163703918","0.8287919163703918","869","869","869"
"39549","0.8464512825012207","0.8464512825012207","0.8464512825012207","870","870","870"
"39599","0.9424562454223633","0.9424562454223633","0.9424562454223633","871","871","871"
"39649","0.8726516366004944","0.8726516366004944","0.8726516366004944","872","872","872"
"39699","0.8939524292945862","0.8939524292945862","0.8939524292945862","873","873","873"
"39749","0.8170556426048279","0.8170556426048279","0.8170556426048279","874","874","874"
"39799","0.9549147486686707","0.9549147486686707","0.9549147486686707","875","875","875"
"39849","0.9076963067054749","0.9076963067054749","0.9076963067054749","876","876","876"
"39899","0.940787672996521","0.940787672996521","0.940787672996521","877","877","877"
"39949","0.9518893957138062","0.9518893957138062","0.9518893957138062","879","879","879"
"39999","0.95936119556427","0.95936119556427","0.95936119556427","880","880","880"
"40049","0.9689081311225891","0.9689081311225891","0.9689081311225891","881","881","881"
"40099","0.8059695959091187","0.8059695959091187","0.8059695959091187","882","882","882"
"40149","0.7689039707183838","0.7689039707183838","0.7689039707183838","883","883","883"
"40199","0.9525197744369507","0.9525197744369507","0.9525197744369507","884","884","884"
"40249","1.0753133296966553","1.0753133296966553","1.0753133296966553","885","885","885"
"40299","0.9019647240638733","0.9019647240638733","0.9019647240638733","886","886","886"
"40349","0.8222603797912598","0.8222603797912598","0.8222603797912598","887","887","887"
"40399","0.7621593475341797","0.7621593475341797","0.7621593475341797","888","888","888"
"40449","0.8724412322044373","0.8724412322044373","0.8724412322044373","890","890","890"
"40499","0.8208141922950745","0.8208141922950745","0.8208141922950745","891","891","891"
"40549","0.8785632252693176","0.8785632252693176","0.8785632252693176","892","892","892"
"40599","0.9036958813667297","0.9036958813667297","0.9036958813667297","893","893","893"
"40649","1.0098183155059814","1.0098183155059814","1.0098183155059814","894","894","894"
"40699","0.7796972393989563","0.7796972393989563","0.7796972393989563","895","895","895"
"40749","1.004776954650879","1.004776954650879","1.004776954650879","896","896","896"
"40799","0.9163216352462769","0.9163216352462769","0.9163216352462769","897","897","897"
"40849","0.8275454044342041","0.8275454044342041","0.8275454044342041","898","898","898"
"40899","0.8774266242980957","0.8774266242980957","0.8774266242980957","899","899","899"
"40949","0.9771480560302734","0.9771480560302734","0.9771480560302734","901","901","901"
"40999","0.9748390913009644","0.9748390913009644","0.9748390913009644","902","902","902"
"41049","0.9503645300865173","0.9503645300865173","0.9503645300865173","903","903","903"
"41099","0.8484420776367188","0.8484420776367188","0.8484420776367188","904","904","904"
"41149","0.8326048254966736","0.8326048254966736","0.8326048254966736","905","905","905"
"41199","0.8579636812210083","0.8579636812210083","0.8579636812210083","906","906","906"
"41249","0.8778704404830933","0.8778704404830933","0.8778704404830933","907","907","907"
"41299","1.0522351264953613","1.0522351264953613","1.0522351264953613","908","908","908"
"41349","0.7818986773490906","0.7818986773490906","0.7818986773490906","909","909","909"
"41399","0.9045413732528687","0.9045413732528687","0.9045413732528687","910","910","910"
"41449","0.9901509881019592","0.9901509881019592","0.9901509881019592","912","912","912"
"41499","1.0612069368362427","1.0612069368362427","1.0612069368362427","913","913","913"
"41549","0.9487090706825256","0.9487090706825256","0.9487090706825256","914","914","914"
"41599","0.8937982320785522","0.8937982320785522","0.8937982320785522","915","915","915"
"41649","0.8576733469963074","0.8576733469963074","0.8576733469963074","916","916","916"
"41699","0.8858421444892883","0.8858421444892883","0.8858421444892883","917","917","917"
"41749","0.8861209154129028","0.8861209154129028","0.8861209154129028","918","918","918"
"41799","1.0952568054199219","1.0952568054199219","1.0952568054199219","919","919","919"
"41849","0.8995794057846069","0.8995794057846069","0.8995794057846069","920","920","920"
"41899","0.9066850543022156","0.9066850543022156","0.9066850543022156","921","921","921"
"41949","0.761443555355072","0.761443555355072","0.761443555355072","923","923","923"
"41999","1.0006287097930908","1.0006287097930908","1.0006287097930908","924","924","924"
"42049","0.8602524399757385","0.8602524399757385","0.8602524399757385","925","925","925"
"42099","0.9099392294883728","0.9099392294883728","0.9099392294883728","926","926","926"
"42149","0.9196891188621521","0.9196891188621521","0.9196891188621521","927","927","927"
"42199","0.8091212511062622","0.8091212511062622","0.8091212511062622","928","928","928"
"42249","0.9065853953361511","0.9065853953361511","0.9065853953361511","929","929","929"
"42299","0.8182772994041443","0.8182772994041443","0.8182772994041443","930","930","930"
"42349","0.8005805611610413","0.8005805611610413","0.8005805611610413","931","931","931"
"42399","0.8259396553039551","0.8259396553039551","0.8259396553039551","933","933","933"
"42449","0.778845489025116","0.778845489025116","0.778845489025116","934","934","934"
"42499","0.9675998687744141","0.9675998687744141","0.9675998687744141","935","935","935"
"42549","0.8897063136100769","0.8897063136100769","0.8897063136100769","936","936","936"
"42599","0.7811349034309387","0.7811349034309387","0.7811349034309387","937","937","937"
"42649","1.0076167583465576","1.0076167583465576","1.0076167583465576","938","938","938"
"42699","0.8023853898048401","0.8023853898048401","0.8023853898048401","939","939","939"
"42749","0.901021420955658","0.901021420955658","0.901021420955658","940","940","940"
"42799","0.8602560758590698","0.8602560758590698","0.8602560758590698","941","941","941"
"42849","0.7633748650550842","0.7633748650550842","0.7633748650550842","942","942","942"
"42899","0.8780948519706726","0.8780948519706726","0.8780948519706726","944","944","944"
"42949","0.979232668876648","0.979232668876648","0.979232668876648","945","945","945"
"42999","0.8857237100601196","0.8857237100601196","0.8857237100601196","946","946","946"
"43049","0.9360617399215698","0.9360617399215698","0.9360617399215698","947","947","947"
"43099","0.9864668846130371","0.9864668846130371","0.9864668846130371","948","948","948"
"43149","0.9444274306297302","0.9444274306297302","0.9444274306297302","949","949","949"
"43199","0.838432252407074","0.838432252407074","0.838432252407074","950","950","950"
"43249","0.894988477230072","0.894988477230072","0.894988477230072","951","951","951"
"43299","0.81557297706604","0.81557297706604","0.81557297706604","952","952","952"
"43349","1.0307965278625488","1.0307965278625488","1.0307965278625488","953","953","953"
"43399","1.0226421356201172","1.0226421356201172","1.0226421356201172","955","955","955"
"43449","0.9296560287475586","0.9296560287475586","0.9296560287475586","956","956","956"
"43499","0.81630939245224","0.81630939245224","0.81630939245224","957","957","957"
"43549","0.8596909046173096","0.8596909046173096","0.8596909046173096","958","958","958"
"43599","0.788002610206604","0.788002610206604","0.788002610206604","959","959","959"
"43649","0.9646617770195007","0.9646617770195007","0.9646617770195007","960","960","960"
"43699","1.04728102684021","1.04728102684021","1.04728102684021","961","961","961"
"43749","0.8583944439888","0.8583944439888","0.8583944439888","962","962","962"
"43799","0.8371027708053589","0.8371027708053589","0.8371027708053589","963","963","963"
"43849","0.9090939164161682","0.9090939164161682","0.9090939164161682","964","964","964"
"43899","0.7444213032722473","0.7444213032722473","0.7444213032722473","966","966","966"
"43949","1.0294020175933838","1.0294020175933838","1.0294020175933838","967","967","967"
"43999","0.9106860160827637","0.9106860160827637","0.9106860160827637","968","968","968"
"44049","1.0242500305175781","1.0242500305175781","1.0242500305175781","969","969","969"
"44099","1.014835238456726","1.014835238456726","1.014835238456726","970","970","970"
"44149","0.8873670101165771","0.8873670101165771","0.8873670101165771","971","971","971"
"44199","0.8225167989730835","0.8225167989730835","0.8225167989730835","972","972","972"
"44249","0.7965275049209595","0.7965275049209595","0.7965275049209595","973","973","973"
"44299","1.026430606842041","1.026430606842041","1.026430606842041","974","974","974"
"44349","0.8627587556838989","0.8627587556838989","0.8627587556838989","975","975","975"
"44399","0.9504914879798889","0.9504914879798889","0.9504914879798889","977","977","977"
"44449","0.8742953538894653","0.8742953538894653","0.8742953538894653","978","978","978"
"44499","0.8522505164146423","0.8522505164146423","0.8522505164146423","979","979","979"
"44549","0.8694186806678772","0.8694186806678772","0.8694186806678772","980","980","980"
"44599","1.0444642305374146","1.0444642305374146","1.0444642305374146","981","981","981"
"44649","0.8190026879310608","0.8190026879310608","0.8190026879310608","982","982","982"
"44699","0.8370162844657898","0.8370162844657898","0.8370162844657898","983","983","983"
"44749","0.8285486102104187","0.8285486102104187","0.8285486102104187","984","984","984"
"44799","0.833795964717865","0.833795964717865","0.833795964717865","985","985","985"
"44849","0.8868559002876282","0.8868559002876282","0.8868559002876282","986","986","986"
"44899","0.8068860173225403","0.8068860173225403","0.8068860173225403","988","988","988"
"44949","0.8686095476150513","0.8686095476150513","0.8686095476150513","989","989","989"
"44999","1.0097273588180542","1.0097273588180542","1.0097273588180542","990","990","990"
"45049","0.9264212250709534","0.9264212250709534","0.9264212250709534","991","991","991"
"45099","1.0119173526763916","1.0119173526763916","1.0119173526763916","992","992","992"
"45149","0.928148627281189","0.928148627281189","0.928148627281189","993","993","993"
"45199","1.0048795938491821","1.0048795938491821","1.0048795938491821","994","994","994"
"45249","0.8028439879417419","0.8028439879417419","0.8028439879417419","995","995","995"
"45299","0.8007947206497192","0.8007947206497192","0.8007947206497192","996","996","996"
"45349","0.9553203582763672","0.9553203582763672","0.9553203582763672","997","997","997"
"45399","0.886986494064331","0.886986494064331","0.886986494064331","999","999","999"
"45449","1.1007510423660278","1.1007510423660278","1.1007510423660278","1000","1000","1000"
"45499","0.882356584072113","0.882356584072113","0.882356584072113","1001","1001","1001"
"45549","1.0561655759811401","1.0561655759811401","1.0561655759811401","1002","1002","1002"
"45599","0.9282686710357666","0.9282686710357666","0.9282686710357666","1003","1003","1003"
"45649","1.0065088272094727","1.0065088272094727","1.0065088272094727","1004","1004","1004"
"45699","0.7627323269844055","0.7627323269844055","0.7627323269844055","1005","1005","1005"
"45749","1.0560380220413208","1.0560380220413208","1.0560380220413208","1006","1006","1006"
"45799","0.9496948719024658","0.9496948719024658","0.9496948719024658","1007","1007","1007"
"45849","0.8088663816452026","0.8088663816452026","0.8088663816452026","1009","1009","1009"
"45899","0.906457781791687","0.906457781791687","0.906457781791687","1010","1010","1010"
"45949","0.8763541579246521","0.8763541579246521","0.8763541579246521","1011","1011","1011"
"45999","0.8315123915672302","0.8315123915672302","0.8315123915672302","1012","1012","1012"
"46049","0.8681090474128723","0.8681090474128723","0.8681090474128723","1013","1013","1013"
"46099","0.8744881749153137","0.8744881749153137","0.8744881749153137","1014","1014","1014"
"46149","0.951360285282135","0.951360285282135","0.951360285282135","1015","1015","1015"
"46199","0.8490700125694275","0.8490700125694275","0.8490700125694275","1016","1016","1016"
"46249","0.9615215063095093","0.9615215063095093","0.9615215063095093","1017","1017","1017"
"46299","0.9210813045501709","0.9210813045501709","0.9210813045501709","1018","1018","1018"
"46349","0.8945755362510681","0.8945755362510681","0.8945755362510681","1020","1020","1020"
"46399","0.9561898708343506","0.9561898708343506","0.9561898708343506","1021","1021","1021"
"46449","0.9141432046890259","0.9141432046890259","0.9141432046890259","1022","1022","1022"
"46499","0.8471207022666931","0.8471207022666931","0.8471207022666931","1023","1023","1023"
"46549","0.8761500120162964","0.8761500120162964","0.8761500120162964","1024","1024","1024"
"46599","0.8904535174369812","0.8904535174369812","0.8904535174369812","1025","1025","1025"
"46649","0.7682177424430847","0.7682177424430847","0.7682177424430847","1026","1026","1026"
"46699","0.9898143410682678","0.9898143410682678","0.9898143410682678","1027","1027","1027"
"46749","0.762377142906189","0.762377142906189","0.762377142906189","1028","1028","1028"
"46799","0.7935711145401001","0.7935711145401001","0.7935711145401001","1029","1029","1029"
"46849","0.8710632920265198","0.8710632920265198","0.8710632920265198","1031","1031","1031"
"46899","0.8381711840629578","0.8381711840629578","0.8381711840629578","1032","1032","1032"
"46949","1.058683156967163","1.058683156967163","1.058683156967163","1033","1033","1033"
"46999","0.9029310941696167","0.9029310941696167","0.9029310941696167","1034","1034","1034"
"47049","0.7324470281600952","0.7324470281600952","0.7324470281600952","1035","1035","1035"
"47099","0.9539775252342224","0.9539775252342224","0.9539775252342224","1036","1036","1036"
"47149","0.9141888618469238","0.9141888618469238","0.9141888618469238","1037","1037","1037"
"47199","0.9690365791320801","0.9690365791320801","0.9690365791320801","1038","1038","1038"
"47249","0.8564704060554504","0.8564704060554504","0.8564704060554504","1039","1039","1039"
"47299","1.0916597843170166","1.0916597843170166","1.0916597843170166","1040","1040","1040"
"47349","1.0563380718231201","1.0563380718231201","1.0563380718231201","1042","1042","1042"
"47399","0.9215095043182373","0.9215095043182373","0.9215095043182373","1043","1043","1043"
"47449","0.8407899141311646","0.8407899141311646","0.8407899141311646","1044","1044","1044"
"47499","0.9174891710281372","0.9174891710281372","0.9174891710281372","1045","1045","1045"
"47549","0.9675748348236084","0.9675748348236084","0.9675748348236084","1046","1046","1046"
"47599","0.9942631721496582","0.9942631721496582","0.9942631721496582","1047","1047","1047"
"47649","0.864589273929596","0.864589273929596","0.864589273929596","1048","1048","1048"
"47699","0.8264284133911133","0.8264284133911133","0.8264284133911133","1049","1049","1049"
"47749","0.8496626019477844","0.8496626019477844","0.8496626019477844","1050","1050","1050"
"47799","0.8373059630393982","0.8373059630393982","0.8373059630393982","1051","1051","1051"
"47849","0.8024815320968628","0.8024815320968628","0.8024815320968628","1053","1053","1053"
"47899","0.8318753242492676","0.8318753242492676","0.8318753242492676","1054","1054","1054"
"47949","0.8436989188194275","0.8436989188194275","0.8436989188194275","1055","1055","1055"
"47999","0.8498047590255737","0.8498047590255737","0.8498047590255737","1056","1056","1056"
"48049","0.8062690496444702","0.8062690496444702","0.8062690496444702","1057","1057","1057"
"48099","0.8533385396003723","0.8533385396003723","0.8533385396003723","1058","1058","1058"
"48149","0.9423803091049194","0.9423803091049194","0.9423803091049194","1059","1059","1059"
"48199","0.9513653516769409","0.9513653516769409","0.9513653516769409","1060","1060","1060"
"48249","0.87095046043396","0.87095046043396","0.87095046043396","1061","1061","1061"
"48299","0.8267126083374023","0.8267126083374023","0.8267126083374023","1062","1062","1062"
"48349","0.7999971508979797","0.7999971508979797","0.7999971508979797","1064","1064","1064"
"48399","0.8988713026046753","0.8988713026046753","0.8988713026046753","1065","1065","1065"
"48449","0.8488206267356873","0.8488206267356873","0.8488206267356873","1066","1066","1066"
"48499","0.833065390586853","0.833065390586853","0.833065390586853","1067","1067","1067"
"48549","0.8185789585113525","0.8185789585113525","0.8185789585113525","1068","1068","1068"
"48599","0.995822012424469","0.995822012424469","0.995822012424469","1069","1069","1069"
"48649","0.8040939569473267","0.8040939569473267","0.8040939569473267","1070","1070","1070"
"48699","0.9708987474441528","0.9708987474441528","0.9708987474441528","1071","1071","1071"
"48749","0.8584945201873779","0.8584945201873779","0.8584945201873779","1072","1072","1072"
"48799","0.8519789576530457","0.8519789576530457","0.8519789576530457","1073","1073","1073"
"48849","0.8371976613998413","0.8371976613998413","0.8371976613998413","1075","1075","1075"
"48899","0.9388148784637451","0.9388148784637451","0.9388148784637451","1076","1076","1076"
"48949","1.0060712099075317","1.0060712099075317","1.0060712099075317","1077","1077","1077"
"48999","0.9013020396232605","0.9013020396232605","0.9013020396232605","1078","1078","1078"
"49049","0.9128493666648865","0.9128493666648865","0.9128493666648865","1079","1079","1079"
"49099","0.8779451251029968","0.8779451251029968","0.8779451251029968","1080","1080","1080"
"49149","0.8915746808052063","0.8915746808052063","0.8915746808052063","1081","1081","1081"
"49199","0.9201146960258484","0.9201146960258484","0.9201146960258484","1082","1082","1082"
"49249","0.8422567844390869","0.8422567844390869","0.8422567844390869","1083","1083","1083"
"49299","1.0226061344146729","1.0226061344146729","1.0226061344146729","1084","1084","1084"
"49349","0.7798092365264893","0.7798092365264893","0.7798092365264893","1086","1086","1086"
"49399","0.9322323203086853","0.9322323203086853","0.9322323203086853","1087","1087","1087"
"49449","0.7655711770057678","0.7655711770057678","0.7655711770057678","1088","1088","1088"
"49499","0.9075462222099304","0.9075462222099304","0.9075462222099304","1089","1089","1089"
"49549","0.8371416926383972","0.8371416926383972","0.8371416926383972","1090","1090","1090"
"49599","1.0474352836608887","1.0474352836608887","1.0474352836608887","1091","1091","1091"
"49649","0.8018215894699097","0.8018215894699097","0.8018215894699097","1092","1092","1092"
"49699","0.8163307309150696","0.8163307309150696","0.8163307309150696","1093","1093","1093"
"49749","0.9569061398506165","0.9569061398506165","0.9569061398506165","1094","1094","1094"
"49799","0.816857635974884","0.816857635974884","0.816857635974884","1096","1096","1096"
"49849","0.875034749507904","0.875034749507904","0.875034749507904","1097","1097","1097"
"49899","0.7584330439567566","0.7584330439567566","0.7584330439567566","1098","1098","1098"
"49949","0.8249890208244324","0.8249890208244324","0.8249890208244324","1099","1099","1099"
"49999","0.8432080149650574","0.8432080149650574","0.8432080149650574","1100","1100","1100"
"50049","0.9759131669998169","0.9759131669998169","0.9759131669998169","1101","1101","1101"
"50099","0.8852607607841492","0.8852607607841492","0.8852607607841492","1102","1102","1102"
"50149","0.9668125510215759","0.9668125510215759","0.9668125510215759","1103","1103","1103"
"50199","0.7835425734519958","0.7835425734519958","0.7835425734519958","1104","1104","1104"
"50249","0.8766560554504395","0.8766560554504395","0.8766560554504395","1105","1105","1105"
"50299","0.8885052800178528","0.8885052800178528","0.8885052800178528","1107","1107","1107"
"50349","0.8026215434074402","0.8026215434074402","0.8026215434074402","1108","1108","1108"
"50399","0.7202368974685669","0.7202368974685669","0.7202368974685669","1109","1109","1109"
"50449","0.9999333024024963","0.9999333024024963","0.9999333024024963","1110","1110","1110"
"50499","0.7258543372154236","0.7258543372154236","0.7258543372154236","1111","1111","1111"
"50549","0.7834486365318298","0.7834486365318298","0.7834486365318298","1112","1112","1112"
"50599","0.9715383052825928","0.9715383052825928","0.9715383052825928","1113","1113","1113"
"50649","0.8591445684432983","0.8591445684432983","0.8591445684432983","1114","1114","1114"
"50699","1.0245933532714844","1.0245933532714844","1.0245933532714844","1115","1115","1115"
"50749","0.9970877766609192","0.9970877766609192","0.9970877766609192","1116","1116","1116"
"50799","0.843042254447937","0.843042254447937","0.843042254447937","1118","1118","1118"
"50849","0.9322569966316223","0.9322569966316223","0.9322569966316223","1119","1119","1119"
"50899","0.7600011229515076","0.7600011229515076","0.7600011229515076","1120","1120","1120"
"50949","0.9736161231994629","0.9736161231994629","0.9736161231994629","1121","1121","1121"
"50999","0.9026586413383484","0.9026586413383484","0.9026586413383484","1122","1122","1122"
"51049","1.0508954524993896","1.0508954524993896","1.0508954524993896","1123","1123","1123"
"51099","0.8912261724472046","0.8912261724472046","0.8912261724472046","1124","1124","1124"
"51149","0.8465898036956787","0.8465898036956787","0.8465898036956787","1125","1125","1125"
"51199","0.7758363485336304","0.7758363485336304","0.7758363485336304","1126","1126","1126"
"51249","0.9156317710876465","0.9156317710876465","0.9156317710876465","1127","1127","1127"
"51299","0.8893308043479919","0.8893308043479919","0.8893308043479919","1129","1129","1129"
"51349","0.9099680781364441","0.9099680781364441","0.9099680781364441","1130","1130","1130"
"51399","1.000436544418335","1.000436544418335","1.000436544418335","1131","1131","1131"
"51449","0.8994601368904114","0.8994601368904114","0.8994601368904114","1132","1132","1132"
"51499","0.947726309299469","0.947726309299469","0.947726309299469","1133","1133","1133"
"51549","0.799304187297821","0.799304187297821","0.799304187297821","1134","1134","1134"
"51599","0.6891394853591919","0.6891394853591919","0.6891394853591919","1135","1135","1135"
"51649","0.897051990032196","0.897051990032196","0.897051990032196","1136","1136","1136"
"51699","0.8355908989906311","0.8355908989906311","0.8355908989906311","1137","1137","1137"
"51749","0.8626139163970947","0.8626139163970947","0.8626139163970947","1138","1138","1138"
"51799","0.8744149208068848","0.8744149208068848","0.8744149208068848","1140","1140","1140"
"51849","0.8040930032730103","0.8040930032730103","0.8040930032730103","1141","1141","1141"
"51899","0.7673665881156921","0.7673665881156921","0.7673665881156921","1142","1142","1142"
"51949","0.9902147650718689","0.9902147650718689","0.9902147650718689","1143","1143","1143"
"51999","0.7630635499954224","0.7630635499954224","0.7630635499954224","1144","1144","1144"
"52049","0.9340388178825378","0.9340388178825378","0.9340388178825378","1145","1145","1145"
"52099","0.854159414768219","0.854159414768219","0.854159414768219","1146","1146","1146"
"52149","1.1487300395965576","1.1487300395965576","1.1487300395965576","1147","1147","1147"
"52199","0.8329562544822693","0.8329562544822693","0.8329562544822693","1148","1148","1148"
"52249","0.8774849772453308","0.8774849772453308","0.8774849772453308","1149","1149","1149"
"52299","0.9553349614143372","0.9553349614143372","0.9553349614143372","1151","1151","1151"
"52349","0.9299007654190063","0.9299007654190063","0.9299007654190063","1152","1152","1152"
"52399","0.9377456307411194","0.9377456307411194","0.9377456307411194","1153","1153","1153"
"52449","0.9643206000328064","0.9643206000328064","0.9643206000328064","1154","1154","1154"
"52499","0.8795240521430969","0.8795240521430969","0.8795240521430969","1155","1155","1155"
"52549","0.7471698522567749","0.7471698522567749","0.7471698522567749","1156","1156","1156"
"52599","0.79088294506073","0.79088294506073","0.79088294506073","1157","1157","1157"
"52649","0.8496633172035217","0.8496633172035217","0.8496633172035217","1158","1158","1158"
"52699","0.9395628571510315","0.9395628571510315","0.9395628571510315","1159","1159","1159"
"52749","0.9368254542350769","0.9368254542350769","0.9368254542350769","1160","1160","1160"
"52799","1.0076576471328735","1.0076576471328735","1.0076576471328735","1162","1162","1162"
"52849","0.7097844481468201","0.7097844481468201","0.7097844481468201","1163","1163","1163"
"52899","0.8951430916786194","0.8951430916786194","0.8951430916786194","1164","1164","1164"
"52949","0.9044431447982788","0.9044431447982788","0.9044431447982788","1165","1165","1165"
"52999","0.8743190169334412","0.8743190169334412","0.8743190169334412","1166","1166","1166"
"53049","1.00094735622406","1.00094735622406","1.00094735622406","1167","1167","1167"
"53099","0.7337592840194702","0.7337592840194702","0.7337592840194702","1168","1168","1168"
"53149","0.9412757158279419","0.9412757158279419","0.9412757158279419","1169","1169","1169"
"53199","0.6947891712188721","0.6947891712188721","0.6947891712188721","1170","1170","1170"
"53249","0.781510591506958","0.781510591506958","0.781510591506958","1172","1172","1172"
"53299","0.969315767288208","0.969315767288208","0.969315767288208","1173","1173","1173"
"53349","0.8066222667694092","0.8066222667694092","0.8066222667694092","1174","1174","1174"
"53399","0.8208717107772827","0.8208717107772827","0.8208717107772827","1175","1175","1175"
"53449","0.9278021454811096","0.9278021454811096","0.9278021454811096","1176","1176","1176"
"53499","0.7387999892234802","0.7387999892234802","0.7387999892234802","1177","1177","1177"
"53549","0.7724177837371826","0.7724177837371826","0.7724177837371826","1178","1178","1178"
"53599","0.8720763921737671","0.8720763921737671","0.8720763921737671","1179","1179","1179"
"53649","0.9968696236610413","0.9968696236610413","0.9968696236610413","1180","1180","1180"
"53699","0.7059891223907471","0.7059891223907471","0.7059891223907471","1181","1181","1181"
"53749","0.8923079371452332","0.8923079371452332","0.8923079371452332","1183","1183","1183"
"53799","0.8247575759887695","0.8247575759887695","0.8247575759887695","1184","1184","1184"
"53849","0.8263812065124512","0.8263812065124512","0.8263812065124512","1185","1185","1185"
"53899","0.9819533228874207","0.9819533228874207","0.9819533228874207","1186","1186","1186"
"53949","0.8648489713668823","0.8648489713668823","0.8648489713668823","1187","1187","1187"
"53999","0.8248370885848999","0.8248370885848999","0.8248370885848999","1188","1188","1188"
"54049","0.9681161642074585","0.9681161642074585","0.9681161642074585","1189","1189","1189"
"54099","0.9369836449623108","0.9369836449623108","0.9369836449623108","1190","1190","1190"
"54149","1.0452665090560913","1.0452665090560913","1.0452665090560913","1191","1191","1191"
"54199","1.0494821071624756","1.0494821071624756","1.0494821071624756","1192","1192","1192"
"54249","0.7412931323051453","0.7412931323051453","0.7412931323051453","1194","1194","1194"
"54299","0.9092302322387695","0.9092302322387695","0.9092302322387695","1195","1195","1195"
"54349","0.9268535375595093","0.9268535375595093","0.9268535375595093","1196","1196","1196"
"54399","0.7220746874809265","0.7220746874809265","0.7220746874809265","1197","1197","1197"
"54449","0.7730520963668823","0.7730520963668823","0.7730520963668823","1198","1198","1198"
"54499","0.9529174566268921","0.9529174566268921","0.9529174566268921","1199","1199","1199"
"54549","1.0104976892471313","1.0104976892471313","1.0104976892471313","1200","1200","1200"
"54599","0.9763383269309998","0.9763383269309998","0.9763383269309998","1201","1201","1201"
"54649","0.7876744866371155","0.7876744866371155","0.7876744866371155","1202","1202","1202"
"54699","0.9122393131256104","0.9122393131256104","0.9122393131256104","1203","1203","1203"
"54749","0.8568572402000427","0.8568572402000427","0.8568572402000427","1205","1205","1205"
"54799","1.0232946872711182","1.0232946872711182","1.0232946872711182","1206","1206","1206"
"54849","0.977263867855072","0.977263867855072","0.977263867855072","1207","1207","1207"
"54899","0.9675869941711426","0.9675869941711426","0.9675869941711426","1208","1208","1208"
"54949","0.7232670187950134","0.7232670187950134","0.7232670187950134","1209","1209","1209"
"54999","1.007906198501587","1.007906198501587","1.007906198501587","1210","1210","1210"
"55049","0.8359789252281189","0.8359789252281189","0.8359789252281189","1211","1211","1211"
"55099","0.9719375371932983","0.9719375371932983","0.9719375371932983","1212","1212","1212"
"55149","0.8621034622192383","0.8621034622192383","0.8621034622192383","1213","1213","1213"
"55199","0.9290660619735718","0.9290660619735718","0.9290660619735718","1214","1214","1214"
"55249","0.7277271747589111","0.7277271747589111","0.7277271747589111","1216","1216","1216"
"55299","0.804417073726654","0.804417073726654","0.804417073726654","1217","1217","1217"
"55349","1.0045628547668457","1.0045628547668457","1.0045628547668457","1218","1218","1218"
"55399","0.7761788368225098","0.7761788368225098","0.7761788368225098","1219","1219","1219"
"55449","0.7764912247657776","0.7764912247657776","0.7764912247657776","1220","1220","1220"
"55499","0.8170204758644104","0.8170204758644104","0.8170204758644104","1221","1221","1221"
"55549","0.7235091328620911","0.7235091328620911","0.7235091328620911","1222","1222","1222"
"55599","0.938461422920227","0.938461422920227","0.938461422920227","1223","1223","1223"
"55649","0.8591100573539734","0.8591100573539734","0.8591100573539734","1224","1224","1224"
"55699","0.7965145111083984","0.7965145111083984","0.7965145111083984","1225","1225","1225"
"55749","0.9633604884147644","0.9633604884147644","0.9633604884147644","1227","1227","1227"
"55799","0.7550002336502075","0.7550002336502075","0.7550002336502075","1228","1228","1228"
"55849","0.8977101445198059","0.8977101445198059","0.8977101445198059","1229","1229","1229"
"55899","0.9409985542297363","0.9409985542297363","0.9409985542297363","1230","1230","1230"
"55949","0.7779617309570312","0.7779617309570312","0.7779617309570312","1231","1231","1231"
"55999","0.8181155920028687","0.8181155920028687","0.8181155920028687","1232","1232","1232"
"56049","0.8605546951293945","0.8605546951293945","0.8605546951293945","1233","1233","1233"
"56099","0.9639194011688232","0.9639194011688232","0.9639194011688232","1234","1234","1234"
"56149","0.8658125996589661","0.8658125996589661","0.8658125996589661","1235","1235","1235"
"56199","0.8539446592330933","0.8539446592330933","0.8539446592330933","1236","1236","1236"
"56249","0.94241863489151","0.94241863489151","0.94241863489151","1238","1238","1238"
"56299","0.8753172159194946","0.8753172159194946","0.8753172159194946","1239","1239","1239"
"56349","0.9310578107833862","0.9310578107833862","0.9310578107833862","1240","1240","1240"
"56399","0.7883692979812622","0.7883692979812622","0.7883692979812622","1241","1241","1241"
"56449","0.8214375972747803","0.8214375972747803","0.8214375972747803","1242","1242","1242"
"56499","1.0411813259124756","1.0411813259124756","1.0411813259124756","1243","1243","1243"
"56549","0.7764476537704468","0.7764476537704468","0.7764476537704468","1244","1244","1244"
"56599","0.8531525731086731","0.8531525731086731","0.8531525731086731","1245","1245","1245"
"56649","0.7424339056015015","0.7424339056015015","0.7424339056015015","1246","1246","1246"
"56699","1.0356560945510864","1.0356560945510864","1.0356560945510864","1248","1248","1248"
"56749","1.109915852546692","1.109915852546692","1.109915852546692","1249","1249","1249"
"56799","0.8616349697113037","0.8616349697113037","0.8616349697113037","1250","1250","1250"
"56849","0.9155720472335815","0.9155720472335815","0.9155720472335815","1251","1251","1251"
"56899","1.0416407585144043","1.0416407585144043","1.0416407585144043","1252","1252","1252"
"56949","0.9607774019241333","0.9607774019241333","0.9607774019241333","1253","1253","1253"
"56999","0.8046649694442749","0.8046649694442749","0.8046649694442749","1254","1254","1254"
"57049","0.8790430426597595","0.8790430426597595","0.8790430426597595","1255","1255","1255"
"57099","0.8213881850242615","0.8213881850242615","0.8213881850242615","1256","1256","1256"
"57149","0.7592400312423706","0.7592400312423706","0.7592400312423706","1257","1257","1257"
"57199","0.8386819958686829","0.8386819958686829","0.8386819958686829","1259","1259","1259"
"57249","0.8400166630744934","0.8400166630744934","0.8400166630744934","1260","1260","1260"
"57299","0.7979539036750793","0.7979539036750793","0.7979539036750793","1261","1261","1261"
"57349","0.9233860373497009","0.9233860373497009","0.9233860373497009","1262","1262","1262"
"57399","0.7547523975372314","0.7547523975372314","0.7547523975372314","1263","1263","1263"
"57449","0.8293064832687378","0.8293064832687378","0.8293064832687378","1264","1264","1264"
"57499","0.8651949167251587","0.8651949167251587","0.8651949167251587","1265","1265","1265"
"57549","0.7901845574378967","0.7901845574378967","0.7901845574378967","1266","1266","1266"
"57599","1.0570398569107056","1.0570398569107056","1.0570398569107056","1267","1267","1267"
"57649","0.8434109091758728","0.8434109091758728","0.8434109091758728","1268","1268","1268"
"57699","0.7512204051017761","0.7512204051017761","0.7512204051017761","1270","1270","1270"
"57749","0.9678258299827576","0.9678258299827576","0.9678258299827576","1271","1271","1271"
"57799","0.9443084001541138","0.9443084001541138","0.9443084001541138","1272","1272","1272"
"57849","0.8258463144302368","0.8258463144302368","0.8258463144302368","1273","1273","1273"
"57899","0.850225031375885","0.850225031375885","0.850225031375885","1274","1274","1274"
"57949","0.8365742564201355","0.8365742564201355","0.8365742564201355","1275","1275","1275"
"57999","0.925588846206665","0.925588846206665","0.925588846206665","1276","1276","1276"
"58049","1.0060070753097534","1.0060070753097534","1.0060070753097534","1277","1277","1277"
"58099","0.9849109053611755","0.9849109053611755","0.9849109053611755","1278","1278","1278"
"58149","0.8207051753997803","0.8207051753997803","0.8207051753997803","1279","1279","1279"
"58199","0.836879312992096","0.836879312992096","0.836879312992096","1281","1281","1281"
"58249","0.9404016137123108","0.9404016137123108","0.9404016137123108","1282","1282","1282"
"58299","0.8549408912658691","0.8549408912658691","0.8549408912658691","1283","1283","1283"
"58349","1.061301589012146","1.061301589012146","1.061301589012146","1284","1284","1284"
"58399","0.9619453549385071","0.9619453549385071","0.9619453549385071","1285","1285","1285"
"58449","0.8671582341194153","0.8671582341194153","0.8671582341194153","1286","1286","1286"
"58499","0.9259560108184814","0.9259560108184814","0.9259560108184814","1287","1287","1287"
"58549","0.8709572553634644","0.8709572553634644","0.8709572553634644","1288","1288","1288"
"58599","0.7796478867530823","0.7796478867530823","0.7796478867530823","1289","1289","1289"
"58649","0.9263454675674438","0.9263454675674438","0.9263454675674438","1290","1290","1290"
"58699","0.8452174067497253","0.8452174067497253","0.8452174067497253","1292","1292","1292"
"58749","0.9347372055053711","0.9347372055053711","0.9347372055053711","1293","1293","1293"
"58799","0.92606121301651","0.92606121301651","0.92606121301651","1294","1294","1294"
"58849","0.9654378294944763","0.9654378294944763","0.9654378294944763","1295","1295","1295"
"58899","1.0467479228973389","1.0467479228973389","1.0467479228973389","1296","1296","1296"
"58949","0.9559454917907715","0.9559454917907715","0.9559454917907715","1297","1297","1297"
"58999","0.8039826154708862","0.8039826154708862","0.8039826154708862","1298","1298","1298"
"59049","0.8200402855873108","0.8200402855873108","0.8200402855873108","1299","1299","1299"
"59099","0.8315010070800781","0.8315010070800781","0.8315010070800781","1300","1300","1300"
"59149","0.7941222190856934","0.7941222190856934","0.7941222190856934","1301","1301","1301"
"59199","0.7721110582351685","0.7721110582351685","0.7721110582351685","1303","1303","1303"
"59249","0.962073564529419","0.962073564529419","0.962073564529419","1304","1304","1304"
"59299","0.9195228815078735","0.9195228815078735","0.9195228815078735","1305","1305","1305"
"59349","0.9548647999763489","0.9548647999763489","0.9548647999763489","1306","1306","1306"
"59399","0.96340411901474","0.96340411901474","0.96340411901474","1307","1307","1307"
"59449","0.921146810054779","0.921146810054779","0.921146810054779","1308","1308","1308"
"59499","0.9056116342544556","0.9056116342544556","0.9056116342544556","1309","1309","1309"
"59549","0.9694122672080994","0.9694122672080994","0.9694122672080994","1310","1310","1310"
"59599","0.8771193623542786","0.8771193623542786","0.8771193623542786","1311","1311","1311"
"59649","1.0162538290023804","1.0162538290023804","1.0162538290023804","1312","1312","1312"
"59699","0.9292252659797668","0.9292252659797668","0.9292252659797668","1314","1314","1314"
"59749","0.8144438862800598","0.8144438862800598","0.8144438862800598","1315","1315","1315"
"59799","0.7621423006057739","0.7621423006057739","0.7621423006057739","1316","1316","1316"
"59849","0.8057069778442383","0.8057069778442383","0.8057069778442383","1317","1317","1317"
"59899","0.8987942337989807","0.8987942337989807","0.8987942337989807","1318","1318","1318"
"59949","0.7760815620422363","0.7760815620422363","0.7760815620422363","1319","1319","1319"
"59999","0.9033935070037842","0.9033935070037842","0.9033935070037842","1320","1320","1320"
"60049","0.8679622411727905","0.8679622411727905","0.8679622411727905","1321","1321","1321"
"60099","0.7203046679496765","0.7203046679496765","0.7203046679496765","1322","1322","1322"
"60149","0.7724739909172058","0.7724739909172058","0.7724739909172058","1324","1324","1324"
"60199","0.8823819756507874","0.8823819756507874","0.8823819756507874","1325","1325","1325"
"60249","0.7653592228889465","0.7653592228889465","0.7653592228889465","1326","1326","1326"
"60299","0.8130114674568176","0.8130114674568176","0.8130114674568176","1327","1327","1327"
"60349","1.015055775642395","1.015055775642395","1.015055775642395","1328","1328","1328"
"60399","0.7561671733856201","0.7561671733856201","0.7561671733856201","1329","1329","1329"
"60449","1.0153053998947144","1.0153053998947144","1.0153053998947144","1330","1330","1330"
"60499","0.7519692182540894","0.7519692182540894","0.7519692182540894","1331","1331","1331"
"60549","0.9199321269989014","0.9199321269989014","0.9199321269989014","1332","1332","1332"
"60599","0.8541795611381531","0.8541795611381531","0.8541795611381531","1333","1333","1333"
"60649","0.8454082012176514","0.8454082012176514","0.8454082012176514","1335","1335","1335"
"60699","0.9505918622016907","0.9505918622016907","0.9505918622016907","1336","1336","1336"
"60749","0.671979546546936","0.671979546546936","0.671979546546936","1337","1337","1337"
"60799","0.7436858415603638","0.7436858415603638","0.7436858415603638","1338","1338","1338"
"60849","0.6851900219917297","0.6851900219917297","0.6851900219917297","1339","1339","1339"
"60899","0.8092803359031677","0.8092803359031677","0.8092803359031677","1340","1340","1340"
"60949","0.9258354902267456","0.9258354902267456","0.9258354902267456","1341","1341","1341"
"60999","0.8636319041252136","0.8636319041252136","0.8636319041252136","1342","1342","1342"
"61049","0.8869366645812988","0.8869366645812988","0.8869366645812988","1343","1343","1343"
"61099","0.8183279037475586","0.8183279037475586","0.8183279037475586","1344","1344","1344"
"61149","0.9469859600067139","0.9469859600067139","0.9469859600067139","1346","1346","1346"
"61199","0.9822432398796082","0.9822432398796082","0.9822432398796082","1347","1347","1347"
"61249","0.8918072581291199","0.8918072581291199","0.8918072581291199","1348","1348","1348"
"61299","0.9453262686729431","0.9453262686729431","0.9453262686729431","1349","1349","1349"
"61349","0.83495032787323","0.83495032787323","0.83495032787323","1350","1350","1350"
"61399","0.7499851584434509","0.7499851584434509","0.7499851584434509","1351","1351","1351"
"61449","0.8434911370277405","0.8434911370277405","0.8434911370277405","1352","1352","1352"
"61499","0.894477128982544","0.894477128982544","0.894477128982544","1353","1353","1353"
"61549","0.8438127636909485","0.8438127636909485","0.8438127636909485","1354","1354","1354"
"61599","0.8925961256027222","0.8925961256027222","0.8925961256027222","1355","1355","1355"
"61649","0.7890360951423645","0.7890360951423645","0.7890360951423645","1357","1357","1357"
"61699","0.7778609991073608","0.7778609991073608","0.7778609991073608","1358","1358","1358"
"61749","0.9091593027114868","0.9091593027114868","0.9091593027114868","1359","1359","1359"
"61799","0.8201451897621155","0.8201451897621155","0.8201451897621155","1360","1360","1360"
"61849","0.9919283986091614","0.9919283986091614","0.9919283986091614","1361","1361","1361"
"61899","0.8814674019813538","0.8814674019813538","0.8814674019813538","1362","1362","1362"
"61949","0.7120153903961182","0.7120153903961182","0.7120153903961182","1363","1363","1363"
"61999","0.8901612758636475","0.8901612758636475","0.8901612758636475","1364","1364","1364"
"62049","0.8424719572067261","0.8424719572067261","0.8424719572067261","1365","1365","1365"
"62099","0.9042686223983765","0.9042686223983765","0.9042686223983765","1366","1366","1366"
"62149","0.9551522731781006","0.9551522731781006","0.9551522731781006","1368","1368","1368"
"62199","0.7531073093414307","0.7531073093414307","0.7531073093414307","1369","1369","1369"
"62249","0.8605374693870544","0.8605374693870544","0.8605374693870544","1370","1370","1370"
"62299","1.0470961332321167","1.0470961332321167","1.0470961332321167","1371","1371","1371"
"62349","0.8562992811203003","0.8562992811203003","0.8562992811203003","1372","1372","1372"
"62399","0.6784576177597046","0.6784576177597046","0.6784576177597046","1373","1373","1373"
"62449","0.932357668876648","0.932357668876648","0.932357668876648","1374","1374","1374"
"62499","1.0218607187271118","1.0218607187271118","1.0218607187271118","1375","1375","1375"
"62549","0.9646416902542114","0.9646416902542114","0.9646416902542114","1376","1376","1376"
"62599","0.9930242300033569","0.9930242300033569","0.9930242300033569","1377","1377","1377"
"62649","0.9475955367088318","0.9475955367088318","0.9475955367088318","1379","1379","1379"
"62699","0.8318239450454712","0.8318239450454712","0.8318239450454712","1380","1380","1380"
"62749","0.9091981053352356","0.9091981053352356","0.9091981053352356","1381","1381","1381"
"62799","0.8331482410430908","0.8331482410430908","0.8331482410430908","1382","1382","1382"
"62849","0.8867793679237366","0.8867793679237366","0.8867793679237366","1383","1383","1383"
"62899","1.0107532739639282","1.0107532739639282","1.0107532739639282","1384","1384","1384"
"62949","0.8652582168579102","0.8652582168579102","0.8652582168579102","1385","1385","1385"
"62999","0.8318570256233215","0.8318570256233215","0.8318570256233215","1386","1386","1386"
"63049","0.9135152101516724","0.9135152101516724","0.9135152101516724","1387","1387","1387"
"63099","0.8661859035491943","0.8661859035491943","0.8661859035491943","1388","1388","1388"
"63149","0.7004273533821106","0.7004273533821106","0.7004273533821106","1390","1390","1390"
"63199","0.8908589482307434","0.8908589482307434","0.8908589482307434","1391","1391","1391"
"63249","0.7354148030281067","0.7354148030281067","0.7354148030281067","1392","1392","1392"
"63299","0.817179262638092","0.817179262638092","0.817179262638092","1393","1393","1393"
"63349","1.0089726448059082","1.0089726448059082","1.0089726448059082","1394","1394","1394"
"63399","1.0073093175888062","1.0073093175888062","1.0073093175888062","1395","1395","1395"
"63449","0.8342430591583252","0.8342430591583252","0.8342430591583252","1396","1396","1396"
"63499","0.924159049987793","0.924159049987793","0.924159049987793","1397","1397","1397"
"63549","0.9126715660095215","0.9126715660095215","0.9126715660095215","1398","1398","1398"
"63599","0.7979100942611694","0.7979100942611694","0.7979100942611694","1400","1400","1400"
"63649","0.9735276699066162","0.9735276699066162","0.9735276699066162","1401","1401","1401"
"63699","0.7639195919036865","0.7639195919036865","0.7639195919036865","1402","1402","1402"
"63749","0.8906118869781494","0.8906118869781494","0.8906118869781494","1403","1403","1403"
"63799","0.8421708345413208","0.8421708345413208","0.8421708345413208","1404","1404","1404"
"63849","0.919029951095581","0.919029951095581","0.919029951095581","1405","1405","1405"
"63899","0.8656436204910278","0.8656436204910278","0.8656436204910278","1406","1406","1406"
"63949","0.8988822102546692","0.8988822102546692","0.8988822102546692","1407","1407","1407"
"63999","0.847326397895813","0.847326397895813","0.847326397895813","1408","1408","1408"
"64049","1.0037357807159424","1.0037357807159424","1.0037357807159424","1409","1409","1409"
"64099","0.7671725749969482","0.7671725749969482","0.7671725749969482","1411","1411","1411"
"64149","0.7011038661003113","0.7011038661003113","0.7011038661003113","1412","1412","1412"
"64199","0.882552981376648","0.882552981376648","0.882552981376648","1413","1413","1413"
"64249","1.060435175895691","1.060435175895691","1.060435175895691","1414","1414","1414"
"64299","0.9215805530548096","0.9215805530548096","0.9215805530548096","1415","1415","1415"
"64349","0.9711440801620483","0.9711440801620483","0.9711440801620483","1416","1416","1416"
"64399","0.8585679531097412","0.8585679531097412","0.8585679531097412","1417","1417","1417"
"64449","0.8956652879714966","0.8956652879714966","0.8956652879714966","1418","1418","1418"
"64499","1.0262356996536255","1.0262356996536255","1.0262356996536255","1419","1419","1419"
"64549","0.9546927213668823","0.9546927213668823","0.9546927213668823","1420","1420","1420"
"64599","0.9440780878067017","0.9440780878067017","0.9440780878067017","1422","1422","1422"
"64649","0.7740324139595032","0.7740324139595032","0.7740324139595032","1423","1423","1423"
"64699","0.906591534614563","0.906591534614563","0.906591534614563","1424","1424","1424"
"64749","0.8793929219245911","0.8793929219245911","0.8793929219245911","1425","1425","1425"
"64799","0.9255826473236084","0.9255826473236084","0.9255826473236084","1426","1426","1426"
"64849","0.9072557687759399","0.9072557687759399","0.9072557687759399","1427","1427","1427"
"64899","0.9874622821807861","0.9874622821807861","0.9874622821807861","1428","1428","1428"
"64949","0.9357443451881409","0.9357443451881409","0.9357443451881409","1429","1429","1429"
"64999","0.9765264391899109","0.9765264391899109","0.9765264391899109","1430","1430","1430"
"65049","0.7793056964874268","0.7793056964874268","0.7793056964874268","1431","1431","1431"
"65099","0.8853827714920044","0.8853827714920044","0.8853827714920044","1433","1433","1433"
"65149","0.8664467930793762","0.8664467930793762","0.8664467930793762","1434","1434","1434"
"65199","0.8515733480453491","0.8515733480453491","0.8515733480453491","1435","1435","1435"
"65249","0.8113208413124084","0.8113208413124084","0.8113208413124084","1436","1436","1436"
"65299","0.9677382707595825","0.9677382707595825","0.9677382707595825","1437","1437","1437"
"65349","0.8974874019622803","0.8974874019622803","0.8974874019622803","1438","1438","1438"
"65399","0.7670488953590393","0.7670488953590393","0.7670488953590393","1439","1439","1439"
"65449","0.7259917855262756","0.7259917855262756","0.7259917855262756","1440","1440","1440"
"65499","0.9861783385276794","0.9861783385276794","0.9861783385276794","1441","1441","1441"
"65549","0.6803122162818909","0.6803122162818909","0.6803122162818909","1442","1442","1442"
"65599","0.7675952315330505","0.7675952315330505","0.7675952315330505","1444","1444","1444"
"65649","0.8414626717567444","0.8414626717567444","0.8414626717567444","1445","1445","1445"
"65699","0.902898907661438","0.902898907661438","0.902898907661438","1446","1446","1446"
"65749","0.8766590356826782","0.8766590356826782","0.8766590356826782","1447","1447","1447"
"65799","0.8158606886863708","0.8158606886863708","0.8158606886863708","1448","1448","1448"
"65849","0.8053486347198486","0.8053486347198486","0.8053486347198486","1449","1449","1449"
"65899","0.678573727607727","0.678573727607727","0.678573727607727","1450","1450","1450"
"65949","0.7913447022438049","0.7913447022438049","0.7913447022438049","1451","1451","1451"
"65999","1.004339337348938","1.004339337348938","1.004339337348938","1452","1452","1452"
"66049","0.7727296948432922","0.7727296948432922","0.7727296948432922","1453","1453","1453"
"66099","0.8777655363082886","0.8777655363082886","0.8777655363082886","1455","1455","1455"
"66149","0.8746762275695801","0.8746762275695801","0.8746762275695801","1456","1456","1456"
"66199","0.8879978656768799","0.8879978656768799","0.8879978656768799","1457","1457","1457"
"66249","0.76246577501297","0.76246577501297","0.76246577501297","1458","1458","1458"
"66299","0.8427237272262573","0.8427237272262573","0.8427237272262573","1459","1459","1459"
"66349","0.8659514784812927","0.8659514784812927","0.8659514784812927","1460","1460","1460"
"66399","0.7784605026245117","0.7784605026245117","0.7784605026245117","1461","1461","1461"
"66449","0.8537256121635437","0.8537256121635437","0.8537256121635437","1462","1462","1462"
"66499","0.9222020506858826","0.9222020506858826","0.9222020506858826","1463","1463","1463"
"66549","0.9366250038146973","0.9366250038146973","0.9366250038146973","1464","1464","1464"
"66599","0.9171828031539917","0.9171828031539917","0.9171828031539917","1466","1466","1466"
"66649","0.9332979321479797","0.9332979321479797","0.9332979321479797","1467","1467","1467"
"66699","0.8954532742500305","0.8954532742500305","0.8954532742500305","1468","1468","1468"
"66749","0.8412627577781677","0.8412627577781677","0.8412627577781677","1469","1469","1469"
"66799","0.8785691261291504","0.8785691261291504","0.8785691261291504","1470","1470","1470"
"66849","0.8934071063995361","0.8934071063995361","0.8934071063995361","1471","1471","1471"
"66899","0.624472439289093","0.624472439289093","0.624472439289093","1472","1472","1472"
"66949","0.7865266799926758","0.7865266799926758","0.7865266799926758","1473","1473","1473"
"66999","0.9779964685440063","0.9779964685440063","0.9779964685440063","1474","1474","1474"
"67049","0.8669275641441345","0.8669275641441345","0.8669275641441345","1476","1476","1476"
"67099","0.8408624529838562","0.8408624529838562","0.8408624529838562","1477","1477","1477"
"67149","0.8104756474494934","0.8104756474494934","0.8104756474494934","1478","1478","1478"
"67199","0.8252047300338745","0.8252047300338745","0.8252047300338745","1479","1479","1479"
"67249","0.8596081733703613","0.8596081733703613","0.8596081733703613","1480","1480","1480"
"67299","0.7738342881202698","0.7738342881202698","0.7738342881202698","1481","1481","1481"
"67349","0.8230407238006592","0.8230407238006592","0.8230407238006592","1482","1482","1482"
"67399","0.896865725517273","0.896865725517273","0.896865725517273","1483","1483","1483"
"67449","0.847771406173706","0.847771406173706","0.847771406173706","1484","1484","1484"
"67499","0.8157185316085815","0.8157185316085815","0.8157185316085815","1485","1485","1485"
"67549","0.7380563020706177","0.7380563020706177","0.7380563020706177","1487","1487","1487"
"67599","0.9018117785453796","0.9018117785453796","0.9018117785453796","1488","1488","1488"
"67649","0.8336496949195862","0.8336496949195862","0.8336496949195862","1489","1489","1489"
"67699","0.7642961144447327","0.7642961144447327","0.7642961144447327","1490","1490","1490"
"67749","0.9361256957054138","0.9361256957054138","0.9361256957054138","1491","1491","1491"
"67799","0.8625615239143372","0.8625615239143372","0.8625615239143372","1492","1492","1492"
"67849","0.9583548307418823","0.9583548307418823","0.9583548307418823","1493","1493","1493"
"67899","0.8236084580421448","0.8236084580421448","0.8236084580421448","1494","1494","1494"
"67949","0.8342571258544922","0.8342571258544922","0.8342571258544922","1495","1495","1495"
"67999","0.9816252589225769","0.9816252589225769","0.9816252589225769","1496","1496","1496"
"68049","0.7842485308647156","0.7842485308647156","0.7842485308647156","1498","1498","1498"
"68099","0.8324666023254395","0.8324666023254395","0.8324666023254395","1499","1499","1499"
"68149","0.9863938689231873","0.9863938689231873","0.9863938689231873","1500","1500","1500"
"68199","0.7941136956214905","0.7941136956214905","0.7941136956214905","1501","1501","1501"
"68249","0.8225616216659546","0.8225616216659546","0.8225616216659546","1502","1502","1502"
"68299","0.8232016563415527","0.8232016563415527","0.8232016563415527","1503","1503","1503"
"68349","0.751964271068573","0.751964271068573","0.751964271068573","1504","1504","1504"
"68399","0.8623427748680115","0.8623427748680115","0.8623427748680115","1505","1505","1505"
"68449","0.9383580088615417","0.9383580088615417","0.9383580088615417","1506","1506","1506"
"68499","0.8974114656448364","0.8974114656448364","0.8974114656448364","1507","1507","1507"
"68549","0.7870118021965027","0.7870118021965027","0.7870118021965027","1509","1509","1509"
"68599","0.8394029140472412","0.8394029140472412","0.8394029140472412","1510","1510","1510"
"68649","0.8359432220458984","0.8359432220458984","0.8359432220458984","1511","1511","1511"
"68699","0.9366047382354736","0.9366047382354736","0.9366047382354736","1512","1512","1512"
"68749","0.8953866362571716","0.8953866362571716","0.8953866362571716","1513","1513","1513"
"68799","0.840874433517456","0.840874433517456","0.840874433517456","1514","1514","1514"
"68849","0.681475818157196","0.681475818157196","0.681475818157196","1515","1515","1515"
"68899","0.8516190648078918","0.8516190648078918","0.8516190648078918","1516","1516","1516"
"68949","0.8767135739326477","0.8767135739326477","0.8767135739326477","1517","1517","1517"
"68999","0.8540169596672058","0.8540169596672058","0.8540169596672058","1518","1518","1518"
"69049","0.8545196056365967","0.8545196056365967","0.8545196056365967","1520","1520","1520"
"69099","0.9895395040512085","0.9895395040512085","0.9895395040512085","1521","1521","1521"
"69149","1.010596513748169","1.010596513748169","1.010596513748169","1522","1522","1522"
"69199","1.0035309791564941","1.0035309791564941","1.0035309791564941","1523","1523","1523"
"69249","0.8862324953079224","0.8862324953079224","0.8862324953079224","1524","1524","1524"
"69299","0.8932686448097229","0.8932686448097229","0.8932686448097229","1525","1525","1525"
"69349","0.829210638999939","0.829210638999939","0.829210638999939","1526","1526","1526"
"69399","0.9549153447151184","0.9549153447151184","0.9549153447151184","1527","1527","1527"
"69449","0.9244012236595154","0.9244012236595154","0.9244012236595154","1528","1528","1528"
"69499","1.0335326194763184","1.0335326194763184","1.0335326194763184","1529","1529","1529"
"69549","0.7812038064002991","0.7812038064002991","0.7812038064002991","1531","1531","1531"
"69599","0.738178551197052","0.738178551197052","0.738178551197052","1532","1532","1532"
"69649","0.8665587306022644","0.8665587306022644","0.8665587306022644","1533","1533","1533"
"69699","0.7581672072410583","0.7581672072410583","0.7581672072410583","1534","1534","1534"
"69749","0.9012933969497681","0.9012933969497681","0.9012933969497681","1535","1535","1535"
"69799","0.8284532427787781","0.8284532427787781","0.8284532427787781","1536","1536","1536"
"69849","0.8987837433815002","0.8987837433815002","0.8987837433815002","1537","1537","1537"
"69899","0.9573517441749573","0.9573517441749573","0.9573517441749573","1538","1538","1538"
"69949","0.7741202116012573","0.7741202116012573","0.7741202116012573","1539","1539","1539"
"69999","0.8587943911552429","0.8587943911552429","0.8587943911552429","1540","1540","1540"
"70049","0.6139448881149292","0.6139448881149292","0.6139448881149292","1542","1542","1542"
"70099","0.8645952939987183","0.8645952939987183","0.8645952939987183","1543","1543","1543"
"70149","0.8956913352012634","0.8956913352012634","0.8956913352012634","1544","1544","1544"
"70199","0.7212808132171631","0.7212808132171631","0.7212808132171631","1545","1545","1545"
"70249","0.8546382188796997","0.8546382188796997","0.8546382188796997","1546","1546","1546"
"70299","0.8983360528945923","0.8983360528945923","0.8983360528945923","1547","1547","1547"
"70349","0.846351146697998","0.846351146697998","0.846351146697998","1548","1548","1548"
"70399","0.8597342371940613","0.8597342371940613","0.8597342371940613","1549","1549","1549"
"70449","0.7360615730285645","0.7360615730285645","0.7360615730285645","1550","1550","1550"
"70499","0.7226254343986511","0.7226254343986511","0.7226254343986511","1552","1552","1552"
"70549","0.9693456888198853","0.9693456888198853","0.9693456888198853","1553","1553","1553"
"70599","0.9162847399711609","0.9162847399711609","0.9162847399711609","1554","1554","1554"
"70649","0.7866105437278748","0.7866105437278748","0.7866105437278748","1555","1555","1555"
"70699","0.7600464224815369","0.7600464224815369","0.7600464224815369","1556","1556","1556"
"70749","0.9382185935974121","0.9382185935974121","0.9382185935974121","1557","1557","1557"
"70799","0.847731351852417","0.847731351852417","0.847731351852417","1558","1558","1558"
"70849","0.8598202466964722","0.8598202466964722","0.8598202466964722","1559","1559","1559"
"70899","0.7798146605491638","0.7798146605491638","0.7798146605491638","1560","1560","1560"
"70949","0.9080837368965149","0.9080837368965149","0.9080837368965149","1561","1561","1561"
"70999","0.9797052145004272","0.9797052145004272","0.9797052145004272","1563","1563","1563"
"71049","0.9628557562828064","0.9628557562828064","0.9628557562828064","1564","1564","1564"
"71099","0.9051222205162048","0.9051222205162048","0.9051222205162048","1565","1565","1565"
"71149","0.8075447678565979","0.8075447678565979","0.8075447678565979","1566","1566","1566"
"71199","0.8577467799186707","0.8577467799186707","0.8577467799186707","1567","1567","1567"
"71249","0.8830773830413818","0.8830773830413818","0.8830773830413818","1568","1568","1568"
"71299","0.8302504420280457","0.8302504420280457","0.8302504420280457","1569","1569","1569"
"71349","0.8901233673095703","0.8901233673095703","0.8901233673095703","1570","1570","1570"
"71399","0.7539268136024475","0.7539268136024475","0.7539268136024475","1571","1571","1571"
"71449","0.8528304696083069","0.8528304696083069","0.8528304696083069","1572","1572","1572"
"71499","1.0534082651138306","1.0534082651138306","1.0534082651138306","1574","1574","1574"
"71549","0.946466863155365","0.946466863155365","0.946466863155365","1575","1575","1575"
"71599","0.8558301329612732","0.8558301329612732","0.8558301329612732","1576","1576","1576"
"71649","0.9152251482009888","0.9152251482009888","0.9152251482009888","1577","1577","1577"
"71699","0.9615299105644226","0.9615299105644226","0.9615299105644226","1578","1578","1578"
"71749","0.962652325630188","0.962652325630188","0.962652325630188","1579","1579","1579"
"71799","0.9745527505874634","0.9745527505874634","0.9745527505874634","1580","1580","1580"
"71849","0.8931207656860352","0.8931207656860352","0.8931207656860352","1581","1581","1581"
"71899","0.9628248810768127","0.9628248810768127","0.9628248810768127","1582","1582","1582"
"71949","0.9461961984634399","0.9461961984634399","0.9461961984634399","1583","1583","1583"
"71999","0.8445399403572083","0.8445399403572083","0.8445399403572083","1585","1585","1585"
"72049","0.9349736571311951","0.9349736571311951","0.9349736571311951","1586","1586","1586"
"72099","0.8399279117584229","0.8399279117584229","0.8399279117584229","1587","1587","1587"
"72149","0.7689738273620605","0.7689738273620605","0.7689738273620605","1588","1588","1588"
"72199","0.888500452041626","0.888500452041626","0.888500452041626","1589","1589","1589"
"72249","0.8607872724533081","0.8607872724533081","0.8607872724533081","1590","1590","1590"
"72299","0.7613341808319092","0.7613341808319092","0.7613341808319092","1591","1591","1591"
"72349","0.9546369910240173","0.9546369910240173","0.9546369910240173","1592","1592","1592"
"72399","0.892693817615509","0.892693817615509","0.892693817615509","1593","1593","1593"
"72449","0.7875922918319702","0.7875922918319702","0.7875922918319702","1594","1594","1594"
"72499","0.8990952372550964","0.8990952372550964","0.8990952372550964","1596","1596","1596"
"72549","0.8654628396034241","0.8654628396034241","0.8654628396034241","1597","1597","1597"
"72599","0.8839136362075806","0.8839136362075806","0.8839136362075806","1598","1598","1598"
"72649","0.7573257088661194","0.7573257088661194","0.7573257088661194","1599","1599","1599"
"72699","0.8296577334403992","0.8296577334403992","0.8296577334403992","1600","1600","1600"
"72749","0.9298653602600098","0.9298653602600098","0.9298653602600098","1601","1601","1601"
"72799","0.7812058329582214","0.7812058329582214","0.7812058329582214","1602","1602","1602"
"72849","0.8873138427734375","0.8873138427734375","0.8873138427734375","1603","1603","1603"
"72899","0.9634079337120056","0.9634079337120056","0.9634079337120056","1604","1604","1604"
"72949","0.8854014277458191","0.8854014277458191","0.8854014277458191","1605","1605","1605"
"72999","1.0824254751205444","1.0824254751205444","1.0824254751205444","1607","1607","1607"
"73049","0.8000117540359497","0.8000117540359497","0.8000117540359497","1608","1608","1608"
"73099","0.8939287066459656","0.8939287066459656","0.8939287066459656","1609","1609","1609"
"73149","0.72926926612854","0.72926926612854","0.72926926612854","1610","1610","1610"
"73199","0.8078125715255737","0.8078125715255737","0.8078125715255737","1611","1611","1611"
"73249","0.863685131072998","0.863685131072998","0.863685131072998","1612","1612","1612"
"73299","0.8053299188613892","0.8053299188613892","0.8053299188613892","1613","1613","1613"
"73349","0.8986185193061829","0.8986185193061829","0.8986185193061829","1614","1614","1614"
"73399","0.8267744779586792","0.8267744779586792","0.8267744779586792","1615","1615","1615"
"73449","0.7648961544036865","0.7648961544036865","0.7648961544036865","1616","1616","1616"
"73499","0.8722995519638062","0.8722995519638062","0.8722995519638062","1618","1618","1618"
"73549","0.9060694575309753","0.9060694575309753","0.9060694575309753","1619","1619","1619"
"73599","0.7075884938240051","0.7075884938240051","0.7075884938240051","1620","1620","1620"
"73649","0.7799302339553833","0.7799302339553833","0.7799302339553833","1621","1621","1621"
"73699","0.9958023428916931","0.9958023428916931","0.9958023428916931","1622","1622","1622"
"73749","0.7728837728500366","0.7728837728500366","0.7728837728500366","1623","1623","1623"
"73799","0.7318552136421204","0.7318552136421204","0.7318552136421204","1624","1624","1624"
"73849","0.9198196530342102","0.9198196530342102","0.9198196530342102","1625","1625","1625"
"73899","0.863011360168457","0.863011360168457","0.863011360168457","1626","1626","1626"
"73949","0.8363116979598999","0.8363116979598999","0.8363116979598999","1627","1627","1627"
"73999","0.9599974751472473","0.9599974751472473","0.9599974751472473","1629","1629","1629"
"74049","0.7627582550048828","0.7627582550048828","0.7627582550048828","1630","1630","1630"
"74099","0.8048245310783386","0.8048245310783386","0.8048245310783386","1631","1631","1631"
"74149","0.9254724979400635","0.9254724979400635","0.9254724979400635","1632","1632","1632"
"74199","0.9844850301742554","0.9844850301742554","0.9844850301742554","1633","1633","1633"
"74249","1.0189303159713745","1.0189303159713745","1.0189303159713745","1634","1634","1634"
"74299","0.8398143649101257","0.8398143649101257","0.8398143649101257","1635","1635","1635"
"74349","0.8770900964736938","0.8770900964736938","0.8770900964736938","1636","1636","1636"
"74399","0.9576389193534851","0.9576389193534851","0.9576389193534851","1637","1637","1637"
"74449","0.876377522945404","0.876377522945404","0.876377522945404","1639","1639","1639"
"74499","0.9521366357803345","0.9521366357803345","0.9521366357803345","1640","1640","1640"
"74549","0.8736891746520996","0.8736891746520996","0.8736891746520996","1641","1641","1641"
"74599","0.8055921792984009","0.8055921792984009","0.8055921792984009","1642","1642","1642"
"74649","0.8561345934867859","0.8561345934867859","0.8561345934867859","1643","1643","1643"
"74699","0.7407324314117432","0.7407324314117432","0.7407324314117432","1644","1644","1644"
"74749","0.8920645117759705","0.8920645117759705","0.8920645117759705","1645","1645","1645"
"74799","0.7422102093696594","0.7422102093696594","0.7422102093696594","1646","1646","1646"
"74849","0.9384229183197021","0.9384229183197021","0.9384229183197021","1647","1647","1647"
"74899","0.6996058225631714","0.6996058225631714","0.6996058225631714","1648","1648","1648"
"74949","1.0121313333511353","1.0121313333511353","1.0121313333511353","1650","1650","1650"
"74999","0.7799992561340332","0.7799992561340332","0.7799992561340332","1651","1651","1651"
"75049","0.8342166543006897","0.8342166543006897","0.8342166543006897","1652","1652","1652"
"75099","0.8585706353187561","0.8585706353187561","0.8585706353187561","1653","1653","1653"
"75149","0.7957161664962769","0.7957161664962769","0.7957161664962769","1654","1654","1654"
"75199","0.9518334865570068","0.9518334865570068","0.9518334865570068","1655","1655","1655"
"75249","0.8863593339920044","0.8863593339920044","0.8863593339920044","1656","1656","1656"
"75299","0.9741458892822266","0.9741458892822266","0.9741458892822266","1657","1657","1657"
"75349","0.989221453666687","0.989221453666687","0.989221453666687","1658","1658","1658"
"75399","0.9417605996131897","0.9417605996131897","0.9417605996131897","1659","1659","1659"
"75449","0.8784525990486145","0.8784525990486145","0.8784525990486145","1661","1661","1661"
"75499","0.8002070188522339","0.8002070188522339","0.8002070188522339","1662","1662","1662"
"75549","0.9655818343162537","0.9655818343162537","0.9655818343162537","1663","1663","1663"
"75599","0.7854564785957336","0.7854564785957336","0.7854564785957336","1664","1664","1664"
"75649","0.9945709705352783","0.9945709705352783","0.9945709705352783","1665","1665","1665"
"75699","0.9426811933517456","0.9426811933517456","0.9426811933517456","1666","1666","1666"
"75749","1.0014909505844116","1.0014909505844116","1.0014909505844116","1667","1667","1667"
"75799","0.8950141668319702","0.8950141668319702","0.8950141668319702","1668","1668","1668"
"75849","0.8420107364654541","0.8420107364654541","0.8420107364654541","1669","1669","1669"
"75899","0.8089069724082947","0.8089069724082947","0.8089069724082947","1670","1670","1670"
"75949","1.0422559976577759","1.0422559976577759","1.0422559976577759","1672","1672","1672"
"75999","0.8550394773483276","0.8550394773483276","0.8550394773483276","1673","1673","1673"
"76049","0.7742963433265686","0.7742963433265686","0.7742963433265686","1674","1674","1674"
"76099","0.8692178726196289","0.8692178726196289","0.8692178726196289","1675","1675","1675"
"76149","1.002825140953064","1.002825140953064","1.002825140953064","1676","1676","1676"
"76199","0.7180783748626709","0.7180783748626709","0.7180783748626709","1677","1677","1677"
"76249","0.9981945753097534","0.9981945753097534","0.9981945753097534","1678","1678","1678"
"76299","0.7645828127861023","0.7645828127861023","0.7645828127861023","1679","1679","1679"
"76349","0.8829890489578247","0.8829890489578247","0.8829890489578247","1680","1680","1680"
"76399","0.9053092002868652","0.9053092002868652","0.9053092002868652","1681","1681","1681"
"76449","0.7945975661277771","0.7945975661277771","0.7945975661277771","1683","1683","1683"
"76499","1.0187920331954956","1.0187920331954956","1.0187920331954956","1684","1684","1684"
"76549","0.8925840258598328","0.8925840258598328","0.8925840258598328","1685","1685","1685"
"76599","0.9686339497566223","0.9686339497566223","0.9686339497566223","1686","1686","1686"
"76649","0.790372908115387","0.790372908115387","0.790372908115387","1687","1687","1687"
"76699","0.7382967472076416","0.7382967472076416","0.7382967472076416","1688","1688","1688"
"76749","0.7066329121589661","0.7066329121589661","0.7066329121589661","1689","1689","1689"
"76799","0.8105150461196899","0.8105150461196899","0.8105150461196899","1690","1690","1690"
"76849","0.8996129035949707","0.8996129035949707","0.8996129035949707","1691","1691","1691"
"76899","0.9010171294212341","0.9010171294212341","0.9010171294212341","1692","1692","1692"
"76949","0.8342107534408569","0.8342107534408569","0.8342107534408569","1694","1694","1694"
"76999","0.8095813989639282","0.8095813989639282","0.8095813989639282","1695","1695","1695"
"77049","0.8441483378410339","0.8441483378410339","0.8441483378410339","1696","1696","1696"
"77099","1.0078487396240234","1.0078487396240234","1.0078487396240234","1697","1697","1697"
"77149","0.7894967794418335","0.7894967794418335","0.7894967794418335","1698","1698","1698"
"77199","0.7327008247375488","0.7327008247375488","0.7327008247375488","1699","1699","1699"
"77249","0.8825670480728149","0.8825670480728149","0.8825670480728149","1700","1700","1700"
"77299","0.9495700597763062","0.9495700597763062","0.9495700597763062","1701","1701","1701"
"77349","0.9838172793388367","0.9838172793388367","0.9838172793388367","1702","1702","1702"
"77399","0.8685480356216431","0.8685480356216431","0.8685480356216431","1703","1703","1703"
"77449","0.9984329342842102","0.9984329342842102","0.9984329342842102","1705","1705","1705"
"77499","0.79271399974823","0.79271399974823","0.79271399974823","1706","1706","1706"
"77549","0.7660043239593506","0.7660043239593506","0.7660043239593506","1707","1707","1707"
"77599","0.7381877899169922","0.7381877899169922","0.7381877899169922","1708","1708","1708"
"77649","0.8297174572944641","0.8297174572944641","0.8297174572944641","1709","1709","1709"
"77699","0.9399608373641968","0.9399608373641968","0.9399608373641968","1710","1710","1710"
"77749","0.8014393448829651","0.8014393448829651","0.8014393448829651","1711","1711","1711"
"77799","0.8203524947166443","0.8203524947166443","0.8203524947166443","1712","1712","1712"
"77849","0.8510441184043884","0.8510441184043884","0.8510441184043884","1713","1713","1713"
"77899","0.773429811000824","0.773429811000824","0.773429811000824","1715","1715","1715"
"77949","0.8966057300567627","0.8966057300567627","0.8966057300567627","1716","1716","1716"
"77999","0.8239409923553467","0.8239409923553467","0.8239409923553467","1717","1717","1717"
"78049","1.0733336210250854","1.0733336210250854","1.0733336210250854","1718","1718","1718"
"78099","0.742671549320221","0.742671549320221","0.742671549320221","1719","1719","1719"
"78149","0.9743713736534119","0.9743713736534119","0.9743713736534119","1720","1720","1720"
"78199","0.9327362775802612","0.9327362775802612","0.9327362775802612","1721","1721","1721"
"78249","0.9544017910957336","0.9544017910957336","0.9544017910957336","1722","1722","1722"
"78299","0.818208634853363","0.818208634853363","0.818208634853363","1723","1723","1723"
"78349","0.8447704315185547","0.8447704315185547","0.8447704315185547","1724","1724","1724"
"78399","0.8528727889060974","0.8528727889060974","0.8528727889060974","1726","1726","1726"
"78449","0.8429568409919739","0.8429568409919739","0.8429568409919739","1727","1727","1727"
"78499","0.8463714122772217","0.8463714122772217","0.8463714122772217","1728","1728","1728"
"78549","0.7002919912338257","0.7002919912338257","0.7002919912338257","1729","1729","1729"
"78599","0.8711828589439392","0.8711828589439392","0.8711828589439392","1730","1730","1730"
"78649","0.9968796372413635","0.9968796372413635","0.9968796372413635","1731","1731","1731"
"78699","0.8594570159912109","0.8594570159912109","0.8594570159912109","1732","1732","1732"
"78749","1.0126116275787354","1.0126116275787354","1.0126116275787354","1733","1733","1733"
"78799","0.9307874441146851","0.9307874441146851","0.9307874441146851","1734","1734","1734"
"78849","0.9434443116188049","0.9434443116188049","0.9434443116188049","1735","1735","1735"
"78899","0.7515925765037537","0.7515925765037537","0.7515925765037537","1737","1737","1737"
"78949","0.8259791135787964","0.8259791135787964","0.8259791135787964","1738","1738","1738"
"78999","0.9286964535713196","0.9286964535713196","0.9286964535713196","1739","1739","1739"
"79049","0.8479469418525696","0.8479469418525696","0.8479469418525696","1740","1740","1740"
"79099","0.6501728296279907","0.6501728296279907","0.6501728296279907","1741","1741","1741"
"79149","0.9557392001152039","0.9557392001152039","0.9557392001152039","1742","1742","1742"
"79199","0.9309196472167969","0.9309196472167969","0.9309196472167969","1743","1743","1743"
"79249","0.7855363488197327","0.7855363488197327","0.7855363488197327","1744","1744","1744"
"79299","0.7401659488677979","0.7401659488677979","0.7401659488677979","1745","1745","1745"
"79349","1.0244230031967163","1.0244230031967163","1.0244230031967163","1746","1746","1746"
"79399","0.8216650485992432","0.8216650485992432","0.8216650485992432","1748","1748","1748"
"79449","0.8696912527084351","0.8696912527084351","0.8696912527084351","1749","1749","1749"
"79499","0.9596107006072998","0.9596107006072998","0.9596107006072998","1750","1750","1750"
"79549","0.9391776919364929","0.9391776919364929","0.9391776919364929","1751","1751","1751"
"79599","0.9678316712379456","0.9678316712379456","0.9678316712379456","1752","1752","1752"
"79649","0.7208144068717957","0.7208144068717957","0.7208144068717957","1753","1753","1753"
"79699","0.7821869254112244","0.7821869254112244","0.7821869254112244","1754","1754","1754"
"79749","0.8440485000610352","0.8440485000610352","0.8440485000610352","1755","1755","1755"
"79799","0.8789705038070679","0.8789705038070679","0.8789705038070679","1756","1756","1756"
"79849","0.8128008842468262","0.8128008842468262","0.8128008842468262","1757","1757","1757"
"79899","0.7656356692314148","0.7656356692314148","0.7656356692314148","1759","1759","1759"
"79949","0.8230841755867004","0.8230841755867004","0.8230841755867004","1760","1760","1760"
"79999","0.8101605772972107","0.8101605772972107","0.8101605772972107","1761","1761","1761"
"80049","0.7886075377464294","0.7886075377464294","0.7886075377464294","1762","1762","1762"
"80099","0.9933289289474487","0.9933289289474487","0.9933289289474487","1763","1763","1763"
"80149","0.9244423508644104","0.9244423508644104","0.9244423508644104","1764","1764","1764"
"80199","0.9558005928993225","0.9558005928993225","0.9558005928993225","1765","1765","1765"
"80249","0.9009464979171753","0.9009464979171753","0.9009464979171753","1766","1766","1766"
"80299","0.8536949157714844","0.8536949157714844","0.8536949157714844","1767","1767","1767"
"80349","1.0101754665374756","1.0101754665374756","1.0101754665374756","1768","1768","1768"
"80399","1.0394554138183594","1.0394554138183594","1.0394554138183594","1770","1770","1770"
"80449","0.8932579159736633","0.8932579159736633","0.8932579159736633","1771","1771","1771"
"80499","0.7801845669746399","0.7801845669746399","0.7801845669746399","1772","1772","1772"
"80549","0.8804643154144287","0.8804643154144287","0.8804643154144287","1773","1773","1773"
"80599","0.7742226123809814","0.7742226123809814","0.7742226123809814","1774","1774","1774"
"80649","0.7930259704589844","0.7930259704589844","0.7930259704589844","1775","1775","1775"
"80699","0.9368893504142761","0.9368893504142761","0.9368893504142761","1776","1776","1776"
"80749","0.8996626734733582","0.8996626734733582","0.8996626734733582","1777","1777","1777"
"80799","0.8482903838157654","0.8482903838157654","0.8482903838157654","1778","1778","1778"
"80849","0.7755632400512695","0.7755632400512695","0.7755632400512695","1779","1779","1779"
"80899","0.9365032315254211","0.9365032315254211","0.9365032315254211","1781","1781","1781"
"80949","0.8490120768547058","0.8490120768547058","0.8490120768547058","1782","1782","1782"
"80999","0.8684154748916626","0.8684154748916626","0.8684154748916626","1783","1783","1783"
"81049","0.880595862865448","0.880595862865448","0.880595862865448","1784","1784","1784"
"81099","0.8790141344070435","0.8790141344070435","0.8790141344070435","1785","1785","1785"
"81149","1.058138132095337","1.058138132095337","1.058138132095337","1786","1786","1786"
"81199","0.8623979687690735","0.8623979687690735","0.8623979687690735","1787","1787","1787"
"81249","0.8352530598640442","0.8352530598640442","0.8352530598640442","1788","1788","1788"
"81299","0.8824469447135925","0.8824469447135925","0.8824469447135925","1789","1789","1789"
"81349","0.8887112140655518","0.8887112140655518","0.8887112140655518","1791","1791","1791"
"81399","0.7022369503974915","0.7022369503974915","0.7022369503974915","1792","1792","1792"
"81449","0.7920426726341248","0.7920426726341248","0.7920426726341248","1793","1793","1793"
"81499","0.7632033228874207","0.7632033228874207","0.7632033228874207","1794","1794","1794"
"81549","0.8845188021659851","0.8845188021659851","0.8845188021659851","1795","1795","1795"
"81599","0.7591146230697632","0.7591146230697632","0.7591146230697632","1796","1796","1796"
"81649","0.908501386642456","0.908501386642456","0.908501386642456","1797","1797","1797"
"81699","0.8754204511642456","0.8754204511642456","0.8754204511642456","1798","1798","1798"
"81749","0.9166811108589172","0.9166811108589172","0.9166811108589172","1799","1799","1799"
"81799","0.6797452569007874","0.6797452569007874","0.6797452569007874","1800","1800","1800"
"81849","0.9978394508361816","0.9978394508361816","0.9978394508361816","1802","1802","1802"
"81899","0.8909679055213928","0.8909679055213928","0.8909679055213928","1803","1803","1803"
"81949","0.8782418370246887","0.8782418370246887","0.8782418370246887","1804","1804","1804"
"81999","0.9534515738487244","0.9534515738487244","0.9534515738487244","1805","1805","1805"
"82049","0.849206268787384","0.849206268787384","0.849206268787384","1806","1806","1806"
"82099","0.7724087238311768","0.7724087238311768","0.7724087238311768","1807","1807","1807"
"82149","0.8491853475570679","0.8491853475570679","0.8491853475570679","1808","1808","1808"
"82199","0.9001028537750244","0.9001028537750244","0.9001028537750244","1809","1809","1809"
"82249","0.828116774559021","0.828116774559021","0.828116774559021","1810","1810","1810"
"82299","0.8667620420455933","0.8667620420455933","0.8667620420455933","1811","1811","1811"
"82349","0.8487204909324646","0.8487204909324646","0.8487204909324646","1813","1813","1813"
"82399","0.7573037147521973","0.7573037147521973","0.7573037147521973","1814","1814","1814"
"82449","0.7581793069839478","0.7581793069839478","0.7581793069839478","1815","1815","1815"
"82499","0.8465995788574219","0.8465995788574219","0.8465995788574219","1816","1816","1816"
"82549","0.774452805519104","0.774452805519104","0.774452805519104","1817","1817","1817"
"82599","0.8186171650886536","0.8186171650886536","0.8186171650886536","1818","1818","1818"
"82649","0.813628077507019","0.813628077507019","0.813628077507019","1819","1819","1819"
"82699","0.7760522961616516","0.7760522961616516","0.7760522961616516","1820","1820","1820"
"82749","0.8816560506820679","0.8816560506820679","0.8816560506820679","1821","1821","1821"
"82799","1.0330523252487183","1.0330523252487183","1.0330523252487183","1822","1822","1822"
"82849","0.8540937304496765","0.8540937304496765","0.8540937304496765","1824","1824","1824"
"82899","0.7297906875610352","0.7297906875610352","0.7297906875610352","1825","1825","1825"
"82949","0.7278040051460266","0.7278040051460266","0.7278040051460266","1826","1826","1826"
"82999","0.7800683379173279","0.7800683379173279","0.7800683379173279","1827","1827","1827"
"83049","0.8164488077163696","0.8164488077163696","0.8164488077163696","1828","1828","1828"
"83099","0.8263741135597229","0.8263741135597229","0.8263741135597229","1829","1829","1829"
"83149","0.7026167511940002","0.7026167511940002","0.7026167511940002","1830","1830","1830"
"83199","0.9343935251235962","0.9343935251235962","0.9343935251235962","1831","1831","1831"
"83249","0.9954894781112671","0.9954894781112671","0.9954894781112671","1832","1832","1832"
"83299","1.0134153366088867","1.0134153366088867","1.0134153366088867","1833","1833","1833"
"83349","0.847586452960968","0.847586452960968","0.847586452960968","1835","1835","1835"
"83399","1.000207781791687","1.000207781791687","1.000207781791687","1836","1836","1836"
"83449","0.7738261818885803","0.7738261818885803","0.7738261818885803","1837","1837","1837"
"83499","0.8634849786758423","0.8634849786758423","0.8634849786758423","1838","1838","1838"
"83549","0.8274082541465759","0.8274082541465759","0.8274082541465759","1839","1839","1839"
"83599","0.9400246739387512","0.9400246739387512","0.9400246739387512","1840","1840","1840"
"83649","0.7693350315093994","0.7693350315093994","0.7693350315093994","1841","1841","1841"
"83699","0.8391295075416565","0.8391295075416565","0.8391295075416565","1842","1842","1842"
"83749","0.7850679159164429","0.7850679159164429","0.7850679159164429","1843","1843","1843"
"83799","0.8643041253089905","0.8643041253089905","0.8643041253089905","1844","1844","1844"
"83849","0.839546263217926","0.839546263217926","0.839546263217926","1846","1846","1846"
"83899","0.8585599064826965","0.8585599064826965","0.8585599064826965","1847","1847","1847"
"83949","0.7941945791244507","0.7941945791244507","0.7941945791244507","1848","1848","1848"
"83999","0.8525016903877258","0.8525016903877258","0.8525016903877258","1849","1849","1849"
"84049","0.8998158574104309","0.8998158574104309","0.8998158574104309","1850","1850","1850"
"84099","0.858129620552063","0.858129620552063","0.858129620552063","1851","1851","1851"
"84149","0.8065185546875","0.8065185546875","0.8065185546875","1852","1852","1852"
"84199","0.8360616564750671","0.8360616564750671","0.8360616564750671","1853","1853","1853"
"84249","0.982049822807312","0.982049822807312","0.982049822807312","1854","1854","1854"
"84299","0.9638606905937195","0.9638606905937195","0.9638606905937195","1855","1855","1855"
"84349","0.839154839515686","0.839154839515686","0.839154839515686","1857","1857","1857"
"84399","0.692377507686615","0.692377507686615","0.692377507686615","1858","1858","1858"
"84449","0.8374891877174377","0.8374891877174377","0.8374891877174377","1859","1859","1859"
"84499","0.7575502395629883","0.7575502395629883","0.7575502395629883","1860","1860","1860"
"84549","0.6669359803199768","0.6669359803199768","0.6669359803199768","1861","1861","1861"
"84599","0.7315568923950195","0.7315568923950195","0.7315568923950195","1862","1862","1862"
"84649","0.8909121155738831","0.8909121155738831","0.8909121155738831","1863","1863","1863"
"84699","0.9163661003112793","0.9163661003112793","0.9163661003112793","1864","1864","1864"
"84749","0.85298752784729","0.85298752784729","0.85298752784729","1865","1865","1865"
"84799","0.7869243621826172","0.7869243621826172","0.7869243621826172","1867","1867","1867"
"84849","0.8449352979660034","0.8449352979660034","0.8449352979660034","1868","1868","1868"
"84899","0.8595457077026367","0.8595457077026367","0.8595457077026367","1869","1869","1869"
"84949","0.6454446911811829","0.6454446911811829","0.6454446911811829","1870","1870","1870"
"84999","0.9795969128608704","0.9795969128608704","0.9795969128608704","1871","1871","1871"
"85049","0.9970444440841675","0.9970444440841675","0.9970444440841675","1872","1872","1872"
"85099","0.8397250771522522","0.8397250771522522","0.8397250771522522","1873","1873","1873"
"85149","0.8812993764877319","0.8812993764877319","0.8812993764877319","1874","1874","1874"
"85199","0.752551794052124","0.752551794052124","0.752551794052124","1875","1875","1875"
"85249","0.9674088954925537","0.9674088954925537","0.9674088954925537","1876","1876","1876"
"85299","0.8755760788917542","0.8755760788917542","0.8755760788917542","1878","1878","1878"
"85349","0.7869104743003845","0.7869104743003845","0.7869104743003845","1879","1879","1879"
"85399","0.9315304160118103","0.9315304160118103","0.9315304160118103","1880","1880","1880"
"85449","0.8118237257003784","0.8118237257003784","0.8118237257003784","1881","1881","1881"
"85499","0.8276308178901672","0.8276308178901672","0.8276308178901672","1882","1882","1882"
"85549","0.8779419660568237","0.8779419660568237","0.8779419660568237","1883","1883","1883"
"85599","0.785348653793335","0.785348653793335","0.785348653793335","1884","1884","1884"
"85649","0.9211977124214172","0.9211977124214172","0.9211977124214172","1885","1885","1885"
"85699","0.8333738446235657","0.8333738446235657","0.8333738446235657","1886","1886","1886"
"85749","0.9014829397201538","0.9014829397201538","0.9014829397201538","1887","1887","1887"
"85799","0.824642539024353","0.824642539024353","0.824642539024353","1889","1889","1889"
"85849","0.8625619411468506","0.8625619411468506","0.8625619411468506","1890","1890","1890"
"85899","0.9372666478157043","0.9372666478157043","0.9372666478157043","1891","1891","1891"
"85949","0.9309380650520325","0.9309380650520325","0.9309380650520325","1892","1892","1892"
"85999","0.821761429309845","0.821761429309845","0.821761429309845","1893","1893","1893"
"86049","0.8235182762145996","0.8235182762145996","0.8235182762145996","1894","1894","1894"
"86099","0.8554570078849792","0.8554570078849792","0.8554570078849792","1895","1895","1895"
"86149","0.8365278840065002","0.8365278840065002","0.8365278840065002","1896","1896","1896"
"86199","0.7178367376327515","0.7178367376327515","0.7178367376327515","1897","1897","1897"
"86249","0.7920464873313904","0.7920464873313904","0.7920464873313904","1898","1898","1898"
"86299","0.7948707342147827","0.7948707342147827","0.7948707342147827","1900","1900","1900"
"86349","0.8808266520500183","0.8808266520500183","0.8808266520500183","1901","1901","1901"
"86399","0.8548984527587891","0.8548984527587891","0.8548984527587891","1902","1902","1902"
"86449","0.9048470854759216","0.9048470854759216","0.9048470854759216","1903","1903","1903"
"86499","0.7025935053825378","0.7025935053825378","0.7025935053825378","1904","1904","1904"
"86549","1.0425947904586792","1.0425947904586792","1.0425947904586792","1905","1905","1905"
"86599","0.9647313356399536","0.9647313356399536","0.9647313356399536","1906","1906","1906"
"86649","0.843505859375","0.843505859375","0.843505859375","1907","1907","1907"
"86699","0.7954184412956238","0.7954184412956238","0.7954184412956238","1908","1908","1908"
"86749","0.8989966511726379","0.8989966511726379","0.8989966511726379","1909","1909","1909"
"86799","0.9319502711296082","0.9319502711296082","0.9319502711296082","1911","1911","1911"
"86849","0.8643316030502319","0.8643316030502319","0.8643316030502319","1912","1912","1912"
"86899","0.9321253299713135","0.9321253299713135","0.9321253299713135","1913","1913","1913"
"86949","0.8587379455566406","0.8587379455566406","0.8587379455566406","1914","1914","1914"
"86999","0.8046015501022339","0.8046015501022339","0.8046015501022339","1915","1915","1915"
"87049","0.891068160533905","0.891068160533905","0.891068160533905","1916","1916","1916"
"87099","0.7754743099212646","0.7754743099212646","0.7754743099212646","1917","1917","1917"
"87149","1.007279872894287","1.007279872894287","1.007279872894287","1918","1918","1918"
"87199","0.7661075592041016","0.7661075592041016","0.7661075592041016","1919","1919","1919"
"87249","0.7420222759246826","0.7420222759246826","0.7420222759246826","1920","1920","1920"
"87299","0.7590834498405457","0.7590834498405457","0.7590834498405457","1922","1922","1922"
"87349","0.8042324781417847","0.8042324781417847","0.8042324781417847","1923","1923","1923"
"87399","1.001855492591858","1.001855492591858","1.001855492591858","1924","1924","1924"
"87449","0.9679979085922241","0.9679979085922241","0.9679979085922241","1925","1925","1925"
"87499","0.8438782691955566","0.8438782691955566","0.8438782691955566","1926","1926","1926"
"87549","0.7665814757347107","0.7665814757347107","0.7665814757347107","1927","1927","1927"
"87599","0.95986407995224","0.95986407995224","0.95986407995224","1928","1928","1928"
"87649","0.8472460508346558","0.8472460508346558","0.8472460508346558","1929","1929","1929"
"87699","0.8763364553451538","0.8763364553451538","0.8763364553451538","1930","1930","1930"
"87749","0.9074304103851318","0.9074304103851318","0.9074304103851318","1931","1931","1931"
"87799","0.8973321318626404","0.8973321318626404","0.8973321318626404","1933","1933","1933"
"87849","0.8475325703620911","0.8475325703620911","0.8475325703620911","1934","1934","1934"
"87899","0.977512001991272","0.977512001991272","0.977512001991272","1935","1935","1935"
"87949","0.882648229598999","0.882648229598999","0.882648229598999","1936","1936","1936"
"87999","0.9654184579849243","0.9654184579849243","0.9654184579849243","1937","1937","1937"
"88049","0.9749136567115784","0.9749136567115784","0.9749136567115784","1938","1938","1938"
"88099","0.7266243696212769","0.7266243696212769","0.7266243696212769","1939","1939","1939"
"88149","0.7273848652839661","0.7273848652839661","0.7273848652839661","1940","1940","1940"
"88199","0.8858730792999268","0.8858730792999268","0.8858730792999268","1941","1941","1941"
"88249","0.8420125842094421","0.8420125842094421","0.8420125842094421","1943","1943","1943"
"88299","0.652344822883606","0.652344822883606","0.652344822883606","1944","1944","1944"
"88349","0.898844301700592","0.898844301700592","0.898844301700592","1945","1945","1945"
"88399","0.9662805795669556","0.9662805795669556","0.9662805795669556","1946","1946","1946"
"88449","0.8660315871238708","0.8660315871238708","0.8660315871238708","1947","1947","1947"
"88499","0.7363629341125488","0.7363629341125488","0.7363629341125488","1948","1948","1948"
"88549","0.8784254193305969","0.8784254193305969","0.8784254193305969","1949","1949","1949"
"88599","0.9459902048110962","0.9459902048110962","0.9459902048110962","1950","1950","1950"
"88649","0.822028636932373","0.822028636932373","0.822028636932373","1951","1951","1951"
"88699","1.008561134338379","1.008561134338379","1.008561134338379","1952","1952","1952"
"88749","0.8577675223350525","0.8577675223350525","0.8577675223350525","1954","1954","1954"
"88799","0.7299395203590393","0.7299395203590393","0.7299395203590393","1955","1955","1955"
"88849","1.0381337404251099","1.0381337404251099","1.0381337404251099","1956","1956","1956"
"88899","0.9536405801773071","0.9536405801773071","0.9536405801773071","1957","1957","1957"
"88949","0.8976044058799744","0.8976044058799744","0.8976044058799744","1958","1958","1958"
"88999","0.7501031756401062","0.7501031756401062","0.7501031756401062","1959","1959","1959"
"89049","0.9373463988304138","0.9373463988304138","0.9373463988304138","1960","1960","1960"
"89099","0.8032932877540588","0.8032932877540588","0.8032932877540588","1961","1961","1961"
"89149","0.7884060740470886","0.7884060740470886","0.7884060740470886","1962","1962","1962"
"89199","1.0178978443145752","1.0178978443145752","1.0178978443145752","1963","1963","1963"
"89249","0.8289879560470581","0.8289879560470581","0.8289879560470581","1965","1965","1965"
"89299","0.9726694822311401","0.9726694822311401","0.9726694822311401","1966","1966","1966"
"89349","0.7348736524581909","0.7348736524581909","0.7348736524581909","1967","1967","1967"
"89399","0.9658758044242859","0.9658758044242859","0.9658758044242859","1968","1968","1968"
"89449","0.8827968239784241","0.8827968239784241","0.8827968239784241","1969","1969","1969"
"89499","0.8497973084449768","0.8497973084449768","0.8497973084449768","1970","1970","1970"
"89549","0.8585185408592224","0.8585185408592224","0.8585185408592224","1971","1971","1971"
"89599","0.6589150428771973","0.6589150428771973","0.6589150428771973","1972","1972","1972"
"89649","0.8885535001754761","0.8885535001754761","0.8885535001754761","1973","1973","1973"
"89699","0.9163815975189209","0.9163815975189209","0.9163815975189209","1974","1974","1974"
"89749","0.6940017938613892","0.6940017938613892","0.6940017938613892","1976","1976","1976"
"89799","0.8071680665016174","0.8071680665016174","0.8071680665016174","1977","1977","1977"
"89849","0.9571648836135864","0.9571648836135864","0.9571648836135864","1978","1978","1978"
"89899","0.8520991206169128","0.8520991206169128","0.8520991206169128","1979","1979","1979"
"89949","0.9599875807762146","0.9599875807762146","0.9599875807762146","1980","1980","1980"
"89999","0.7668888568878174","0.7668888568878174","0.7668888568878174","1981","1981","1981"
"90049","0.7876477241516113","0.7876477241516113","0.7876477241516113","1982","1982","1982"
"90099","0.8817468881607056","0.8817468881607056","0.8817468881607056","1983","1983","1983"
"90149","0.988806962966919","0.988806962966919","0.988806962966919","1984","1984","1984"
"90199","0.8508653044700623","0.8508653044700623","0.8508653044700623","1985","1985","1985"
"90249","0.7716544270515442","0.7716544270515442","0.7716544270515442","1987","1987","1987"
"90299","0.8492916822433472","0.8492916822433472","0.8492916822433472","1988","1988","1988"
"90349","0.8479070067405701","0.8479070067405701","0.8479070067405701","1989","1989","1989"
"90399","0.8842775821685791","0.8842775821685791","0.8842775821685791","1990","1990","1990"
"90449","0.983707845211029","0.983707845211029","0.983707845211029","1991","1991","1991"
"90499","0.9602043628692627","0.9602043628692627","0.9602043628692627","1992","1992","1992"
"90549","0.779062807559967","0.779062807559967","0.779062807559967","1993","1993","1993"
"90599","0.7971372008323669","0.7971372008323669","0.7971372008323669","1994","1994","1994"
"90649","0.9132976531982422","0.9132976531982422","0.9132976531982422","1995","1995","1995"
"90699","0.7442914843559265","0.7442914843559265","0.7442914843559265","1996","1996","1996"
"90749","0.8800365328788757","0.8800365328788757","0.8800365328788757","1998","1998","1998"
"90799","0.7070398926734924","0.7070398926734924","0.7070398926734924","1999","1999","1999"
"90849","0.7625014185905457","0.7625014185905457","0.7625014185905457","2000","2000","2000"
"90899","0.8525809049606323","0.8525809049606323","0.8525809049606323","2001","2001","2001"
"90949","0.8720892667770386","0.8720892667770386","0.8720892667770386","2002","2002","2002"
"90999","0.8523480296134949","0.8523480296134949","0.8523480296134949","2003","2003","2003"
"91049","0.8069935441017151","0.8069935441017151","0.8069935441017151","2004","2004","2004"
"91099","0.8790959715843201","0.8790959715843201","0.8790959715843201","2005","2005","2005"
"91149","0.9170058369636536","0.9170058369636536","0.9170058369636536","2006","2006","2006"
"91199","0.9583742022514343","0.9583742022514343","0.9583742022514343","2007","2007","2007"
"91249","0.7598021030426025","0.7598021030426025","0.7598021030426025","2009","2009","2009"
"91299","0.8569405674934387","0.8569405674934387","0.8569405674934387","2010","2010","2010"
"91349","0.706745982170105","0.706745982170105","0.706745982170105","2011","2011","2011"
"91399","0.8253140449523926","0.8253140449523926","0.8253140449523926","2012","2012","2012"
"91449","0.9477744698524475","0.9477744698524475","0.9477744698524475","2013","2013","2013"
"91499","0.8085552453994751","0.8085552453994751","0.8085552453994751","2014","2014","2014"
"91549","0.8922088146209717","0.8922088146209717","0.8922088146209717","2015","2015","2015"
"91599","0.8169009685516357","0.8169009685516357","0.8169009685516357","2016","2016","2016"
"91649","0.8369531035423279","0.8369531035423279","0.8369531035423279","2017","2017","2017"
"91699","0.9421133399009705","0.9421133399009705","0.9421133399009705","2019","2019","2019"
"91749","0.7531039714813232","0.7531039714813232","0.7531039714813232","2020","2020","2020"
"91799","0.8975066542625427","0.8975066542625427","0.8975066542625427","2021","2021","2021"
"91849","0.8082681894302368","0.8082681894302368","0.8082681894302368","2022","2022","2022"
"91899","0.9690974354743958","0.9690974354743958","0.9690974354743958","2023","2023","2023"
"91949","0.8085409998893738","0.8085409998893738","0.8085409998893738","2024","2024","2024"
"91999","0.9688985347747803","0.9688985347747803","0.9688985347747803","2025","2025","2025"
"92049","0.9457529783248901","0.9457529783248901","0.9457529783248901","2026","2026","2026"
"92099","0.8014119863510132","0.8014119863510132","0.8014119863510132","2027","2027","2027"
"92149","0.8215134143829346","0.8215134143829346","0.8215134143829346","2028","2028","2028"
"92199","0.8541745543479919","0.8541745543479919","0.8541745543479919","2030","2030","2030"
"92249","0.8461997509002686","0.8461997509002686","0.8461997509002686","2031","2031","2031"
"92299","0.8690877556800842","0.8690877556800842","0.8690877556800842","2032","2032","2032"
"92349","0.7788885831832886","0.7788885831832886","0.7788885831832886","2033","2033","2033"
"92399","0.8965165615081787","0.8965165615081787","0.8965165615081787","2034","2034","2034"
"92449","0.8557521104812622","0.8557521104812622","0.8557521104812622","2035","2035","2035"
"92499","0.8012940883636475","0.8012940883636475","0.8012940883636475","2036","2036","2036"
"92549","1.0930681228637695","1.0930681228637695","1.0930681228637695","2037","2037","2037"
"92599","0.7781943082809448","0.7781943082809448","0.7781943082809448","2038","2038","2038"
"92649","0.9597883820533752","0.9597883820533752","0.9597883820533752","2039","2039","2039"
"92699","0.7984336018562317","0.7984336018562317","0.7984336018562317","2041","2041","2041"
"92749","0.8606123924255371","0.8606123924255371","0.8606123924255371","2042","2042","2042"
"92799","0.8060486912727356","0.8060486912727356","0.8060486912727356","2043","2043","2043"
"92849","0.7040963172912598","0.7040963172912598","0.7040963172912598","2044","2044","2044"
"92899","0.8575053215026855","0.8575053215026855","0.8575053215026855","2045","2045","2045"
"92949","0.9196636080741882","0.9196636080741882","0.9196636080741882","2046","2046","2046"
"92999","0.7995815873146057","0.7995815873146057","0.7995815873146057","2047","2047","2047"
"93049","0.9913780689239502","0.9913780689239502","0.9913780689239502","2048","2048","2048"
"93099","0.8085880279541016","0.8085880279541016","0.8085880279541016","2049","2049","2049"
"93149","0.9735488295555115","0.9735488295555115","0.9735488295555115","2050","2050","2050"
"93199","0.9193151593208313","0.9193151593208313","0.9193151593208313","2052","2052","2052"
"93249","0.8832001686096191","0.8832001686096191","0.8832001686096191","2053","2053","2053"
"93299","0.8374791741371155","0.8374791741371155","0.8374791741371155","2054","2054","2054"
"93349","0.827433705329895","0.827433705329895","0.827433705329895","2055","2055","2055"
"93399","0.8544249534606934","0.8544249534606934","0.8544249534606934","2056","2056","2056"
"93449","0.8189873099327087","0.8189873099327087","0.8189873099327087","2057","2057","2057"
"93499","0.8162828683853149","0.8162828683853149","0.8162828683853149","2058","2058","2058"
"93549","0.910836935043335","0.910836935043335","0.910836935043335","2059","2059","2059"
"93599","0.8782805800437927","0.8782805800437927","0.8782805800437927","2060","2060","2060"
"93649","0.7823678255081177","0.7823678255081177","0.7823678255081177","2061","2061","2061"
"93699","0.9140223860740662","0.9140223860740662","0.9140223860740662","2063","2063","2063"
"93749","0.7046366930007935","0.7046366930007935","0.7046366930007935","2064","2064","2064"
"93799","0.9053406119346619","0.9053406119346619","0.9053406119346619","2065","2065","2065"
"93849","0.8535215258598328","0.8535215258598328","0.8535215258598328","2066","2066","2066"
"93899","0.7620882987976074","0.7620882987976074","0.7620882987976074","2067","2067","2067"
"93949","0.7962172031402588","0.7962172031402588","0.7962172031402588","2068","2068","2068"
"93999","0.7201443910598755","0.7201443910598755","0.7201443910598755","2069","2069","2069"
"94049","1.0170434713363647","1.0170434713363647","1.0170434713363647","2070","2070","2070"
"94099","0.6984423995018005","0.6984423995018005","0.6984423995018005","2071","2071","2071"
"94149","0.715910792350769","0.715910792350769","0.715910792350769","2072","2072","2072"
"94199","0.7674355506896973","0.7674355506896973","0.7674355506896973","2074","2074","2074"
"94249","0.9274352192878723","0.9274352192878723","0.9274352192878723","2075","2075","2075"
"94299","0.8131089806556702","0.8131089806556702","0.8131089806556702","2076","2076","2076"
"94349","0.8606384992599487","0.8606384992599487","0.8606384992599487","2077","2077","2077"
"94399","0.8483600616455078","0.8483600616455078","0.8483600616455078","2078","2078","2078"
"94449","0.686007559299469","0.686007559299469","0.686007559299469","2079","2079","2079"
"94499","0.7836422920227051","0.7836422920227051","0.7836422920227051","2080","2080","2080"
"94549","0.8748756647109985","0.8748756647109985","0.8748756647109985","2081","2081","2081"
"94599","0.8240672945976257","0.8240672945976257","0.8240672945976257","2082","2082","2082"
"94649","0.7702200412750244","0.7702200412750244","0.7702200412750244","2083","2083","2083"
"94699","0.8288096189498901","0.8288096189498901","0.8288096189498901","2085","2085","2085"
"94749","0.9328315258026123","0.9328315258026123","0.9328315258026123","2086","2086","2086"
"94799","0.9010887742042542","0.9010887742042542","0.9010887742042542","2087","2087","2087"
"94849","0.9535340666770935","0.9535340666770935","0.9535340666770935","2088","2088","2088"
"94899","0.8763900995254517","0.8763900995254517","0.8763900995254517","2089","2089","2089"
"94949","0.6375921964645386","0.6375921964645386","0.6375921964645386","2090","2090","2090"
"94999","0.9005672931671143","0.9005672931671143","0.9005672931671143","2091","2091","2091"
"95049","0.8901903033256531","0.8901903033256531","0.8901903033256531","2092","2092","2092"
"95099","0.8448690176010132","0.8448690176010132","0.8448690176010132","2093","2093","2093"
"95149","0.8879669308662415","0.8879669308662415","0.8879669308662415","2095","2095","2095"
"95199","0.8155403733253479","0.8155403733253479","0.8155403733253479","2096","2096","2096"
"95249","0.8938635587692261","0.8938635587692261","0.8938635587692261","2097","2097","2097"
"95299","0.8354172706604004","0.8354172706604004","0.8354172706604004","2098","2098","2098"
"95349","0.7313615679740906","0.7313615679740906","0.7313615679740906","2099","2099","2099"
"95399","0.8085400462150574","0.8085400462150574","0.8085400462150574","2100","2100","2100"
"95449","0.7828974723815918","0.7828974723815918","0.7828974723815918","2101","2101","2101"
"95499","0.8427029252052307","0.8427029252052307","0.8427029252052307","2102","2102","2102"
"95549","0.8160621523857117","0.8160621523857117","0.8160621523857117","2103","2103","2103"
"95599","0.8777642846107483","0.8777642846107483","0.8777642846107483","2104","2104","2104"
"95649","0.849581241607666","0.849581241607666","0.849581241607666","2106","2106","2106"
"95699","0.9164546728134155","0.9164546728134155","0.9164546728134155","2107","2107","2107"
"95749","0.8488596677780151","0.8488596677780151","0.8488596677780151","2108","2108","2108"
"95799","0.8584766983985901","0.8584766983985901","0.8584766983985901","2109","2109","2109"
"95849","0.8989382386207581","0.8989382386207581","0.8989382386207581","2110","2110","2110"
"95899","0.930317223072052","0.930317223072052","0.930317223072052","2111","2111","2111"
"95949","0.8864203691482544","0.8864203691482544","0.8864203691482544","2112","2112","2112"
"95999","1.0706630945205688","1.0706630945205688","1.0706630945205688","2113","2113","2113"
"96049","0.7049895524978638","0.7049895524978638","0.7049895524978638","2114","2114","2114"
"96099","0.8669955134391785","0.8669955134391785","0.8669955134391785","2115","2115","2115"
"96149","0.8559748530387878","0.8559748530387878","0.8559748530387878","2117","2117","2117"
"96199","0.817792534828186","0.817792534828186","0.817792534828186","2118","2118","2118"
"96249","0.8137999773025513","0.8137999773025513","0.8137999773025513","2119","2119","2119"
"96299","0.8415398597717285","0.8415398597717285","0.8415398597717285","2120","2120","2120"
"96349","1.0317434072494507","1.0317434072494507","1.0317434072494507","2121","2121","2121"
"96399","0.9394814968109131","0.9394814968109131","0.9394814968109131","2122","2122","2122"
"96449","0.9674472808837891","0.9674472808837891","0.9674472808837891","2123","2123","2123"
"96499","0.9344218969345093","0.9344218969345093","0.9344218969345093","2124","2124","2124"
"96549","0.839617133140564","0.839617133140564","0.839617133140564","2125","2125","2125"
"96599","0.7918956279754639","0.7918956279754639","0.7918956279754639","2126","2126","2126"
"96649","0.8200547099113464","0.8200547099113464","0.8200547099113464","2128","2128","2128"
"96699","0.8886211514472961","0.8886211514472961","0.8886211514472961","2129","2129","2129"
"96749","0.9129182696342468","0.9129182696342468","0.9129182696342468","2130","2130","2130"
"96799","0.9428018927574158","0.9428018927574158","0.9428018927574158","2131","2131","2131"
"96849","0.8714118599891663","0.8714118599891663","0.8714118599891663","2132","2132","2132"
"96899","0.7378021478652954","0.7378021478652954","0.7378021478652954","2133","2133","2133"
"96949","0.8745309114456177","0.8745309114456177","0.8745309114456177","2134","2134","2134"
"96999","0.728340208530426","0.728340208530426","0.728340208530426","2135","2135","2135"
"97049","0.8753477931022644","0.8753477931022644","0.8753477931022644","2136","2136","2136"
"97099","0.817327082157135","0.817327082157135","0.817327082157135","2137","2137","2137"
"97149","0.8183669447898865","0.8183669447898865","0.8183669447898865","2139","2139","2139"
"97199","0.9715553522109985","0.9715553522109985","0.9715553522109985","2140","2140","2140"
"97249","0.8569033741950989","0.8569033741950989","0.8569033741950989","2141","2141","2141"
"97299","0.8026160001754761","0.8026160001754761","0.8026160001754761","2142","2142","2142"
"97349","0.8288160562515259","0.8288160562515259","0.8288160562515259","2143","2143","2143"
"97399","0.8160004615783691","0.8160004615783691","0.8160004615783691","2144","2144","2144"
"97449","0.8893206715583801","0.8893206715583801","0.8893206715583801","2145","2145","2145"
"97499","0.8059561252593994","0.8059561252593994","0.8059561252593994","2146","2146","2146"
"97549","0.852212131023407","0.852212131023407","0.852212131023407","2147","2147","2147"
"97599","0.8511025309562683","0.8511025309562683","0.8511025309562683","2148","2148","2148"
"97649","0.9595730304718018","0.9595730304718018","0.9595730304718018","2150","2150","2150"
"97699","0.8679943680763245","0.8679943680763245","0.8679943680763245","2151","2151","2151"
"97749","0.7904446125030518","0.7904446125030518","0.7904446125030518","2152","2152","2152"
"97799","0.8112668991088867","0.8112668991088867","0.8112668991088867","2153","2153","2153"
"97849","0.9681525230407715","0.9681525230407715","0.9681525230407715","2154","2154","2154"
"97899","0.9353116750717163","0.9353116750717163","0.9353116750717163","2155","2155","2155"
"97949","0.8441243171691895","0.8441243171691895","0.8441243171691895","2156","2156","2156"
"97999","0.83399897813797","0.83399897813797","0.83399897813797","2157","2157","2157"
"98049","0.9396955370903015","0.9396955370903015","0.9396955370903015","2158","2158","2158"
"98099","0.8553845286369324","0.8553845286369324","0.8553845286369324","2159","2159","2159"
"98149","0.9056583046913147","0.9056583046913147","0.9056583046913147","2161","2161","2161"
"98199","0.9490747451782227","0.9490747451782227","0.9490747451782227","2162","2162","2162"
"98249","0.7195084095001221","0.7195084095001221","0.7195084095001221","2163","2163","2163"
"98299","0.6588693857192993","0.6588693857192993","0.6588693857192993","2164","2164","2164"
"98349","0.8772282600402832","0.8772282600402832","0.8772282600402832","2165","2165","2165"
"98399","0.9465318918228149","0.9465318918228149","0.9465318918228149","2166","2166","2166"
"98449","0.7189743518829346","0.7189743518829346","0.7189743518829346","2167","2167","2167"
"98499","0.8557349443435669","0.8557349443435669","0.8557349443435669","2168","2168","2168"
"98549","0.9595525860786438","0.9595525860786438","0.9595525860786438","2169","2169","2169"
"98599","0.7685487270355225","0.7685487270355225","0.7685487270355225","2170","2170","2170"
"98649","0.6776769161224365","0.6776769161224365","0.6776769161224365","2172","2172","2172"
"98699","0.9765835404396057","0.9765835404396057","0.9765835404396057","2173","2173","2173"
"98749","0.8710605502128601","0.8710605502128601","0.8710605502128601","2174","2174","2174"
"98799","0.7662761807441711","0.7662761807441711","0.7662761807441711","2175","2175","2175"
"98849","0.8405262231826782","0.8405262231826782","0.8405262231826782","2176","2176","2176"
"98899","0.9043670296669006","0.9043670296669006","0.9043670296669006","2177","2177","2177"
"98949","0.8363538384437561","0.8363538384437561","0.8363538384437561","2178","2178","2178"
"98999","0.8383471369743347","0.8383471369743347","0.8383471369743347","2179","2179","2179"
"99049","0.9613839387893677","0.9613839387893677","0.9613839387893677","2180","2180","2180"
"99099","0.8389103412628174","0.8389103412628174","0.8389103412628174","2182","2182","2182"
"99149","0.774019718170166","0.774019718170166","0.774019718170166","2183","2183","2183"
"99199","0.7696041464805603","0.7696041464805603","0.7696041464805603","2184","2184","2184"
"99249","0.9113641977310181","0.9113641977310181","0.9113641977310181","2185","2185","2185"
"99299","0.8890582919120789","0.8890582919120789","0.8890582919120789","2186","2186","2186"
"99349","0.834928572177887","0.834928572177887","0.834928572177887","2187","2187","2187"
"99399","0.9214751124382019","0.9214751124382019","0.9214751124382019","2188","2188","2188"
"99449","0.6412989497184753","0.6412989497184753","0.6412989497184753","2189","2189","2189"
"99499","0.9197608828544617","0.9197608828544617","0.9197608828544617","2190","2190","2190"
"99549","0.8058336973190308","0.8058336973190308","0.8058336973190308","2191","2191","2191"
"99599","0.9681084156036377","0.9681084156036377","0.9681084156036377","2193","2193","2193"
"99649","0.8470875024795532","0.8470875024795532","0.8470875024795532","2194","2194","2194"
"99699","0.9240546226501465","0.9240546226501465","0.9240546226501465","2195","2195","2195"
"99749","0.9799046516418457","0.9799046516418457","0.9799046516418457","2196","2196","2196"
"99799","0.8204828500747681","0.8204828500747681","0.8204828500747681","2197","2197","2197"
"99849","0.9497097134590149","0.9497097134590149","0.9497097134590149","2198","2198","2198"
"99899","0.8322163224220276","0.8322163224220276","0.8322163224220276","2199","2199","2199"
"99949","0.6907488107681274","0.6907488107681274","0.6907488107681274","2200","2200","2200"
"99999","0.6581540703773499","0.6581540703773499","0.6581540703773499","2201","2201","2201"
"100049","0.8365245461463928","0.8365245461463928","0.8365245461463928","2202","2202","2202"
"100099","0.968951940536499","0.968951940536499","0.968951940536499","2204","2204","2204"
"100149","0.8900004625320435","0.8900004625320435","0.8900004625320435","2205","2205","2205"
"100199","0.9186723828315735","0.9186723828315735","0.9186723828315735","2206","2206","2206"
"100249","0.9135931730270386","0.9135931730270386","0.9135931730270386","2207","2207","2207"
"100299","0.93057781457901","0.93057781457901","0.93057781457901","2208","2208","2208"
"100349","0.9581939578056335","0.9581939578056335","0.9581939578056335","2209","2209","2209"
"100399","0.7031025886535645","0.7031025886535645","0.7031025886535645","2210","2210","2210"
"100449","0.9948638677597046","0.9948638677597046","0.9948638677597046","2211","2211","2211"
"100499","0.9048042297363281","0.9048042297363281","0.9048042297363281","2212","2212","2212"
"100549","0.9049755930900574","0.9049755930900574","0.9049755930900574","2213","2213","2213"
"100599","0.8509485721588135","0.8509485721588135","0.8509485721588135","2215","2215","2215"
"100649","0.8851908445358276","0.8851908445358276","0.8851908445358276","2216","2216","2216"
"100699","0.8378742337226868","0.8378742337226868","0.8378742337226868","2217","2217","2217"
"100749","0.8291871547698975","0.8291871547698975","0.8291871547698975","2218","2218","2218"
"100799","0.7770116925239563","0.7770116925239563","0.7770116925239563","2219","2219","2219"
"100849","0.8275898694992065","0.8275898694992065","0.8275898694992065","2220","2220","2220"
"100899","0.8127815127372742","0.8127815127372742","0.8127815127372742","2221","2221","2221"
"100949","0.8633111119270325","0.8633111119270325","0.8633111119270325","2222","2222","2222"
"100999","1.118181586265564","1.118181586265564","1.118181586265564","2223","2223","2223"
"101049","0.884516179561615","0.884516179561615","0.884516179561615","2224","2224","2224"
"101099","0.9929637312889099","0.9929637312889099","0.9929637312889099","2226","2226","2226"
"101149","0.8861649632453918","0.8861649632453918","0.8861649632453918","2227","2227","2227"
"101199","0.8131067752838135","0.8131067752838135","0.8131067752838135","2228","2228","2228"
"101249","0.8955358266830444","0.8955358266830444","0.8955358266830444","2229","2229","2229"
"101299","0.696091890335083","0.696091890335083","0.696091890335083","2230","2230","2230"
"101349","0.8042270541191101","0.8042270541191101","0.8042270541191101","2231","2231","2231"
"101399","0.8950055837631226","0.8950055837631226","0.8950055837631226","2232","2232","2232"
"101449","0.8228012323379517","0.8228012323379517","0.8228012323379517","2233","2233","2233"
"101499","0.916183352470398","0.916183352470398","0.916183352470398","2234","2234","2234"
"101549","0.9142943024635315","0.9142943024635315","0.9142943024635315","2235","2235","2235"
"101599","0.8860640525817871","0.8860640525817871","0.8860640525817871","2237","2237","2237"
"101649","0.8237254619598389","0.8237254619598389","0.8237254619598389","2238","2238","2238"
"101699","0.8869099617004395","0.8869099617004395","0.8869099617004395","2239","2239","2239"
"101749","0.7928513288497925","0.7928513288497925","0.7928513288497925","2240","2240","2240"
"101799","0.853175938129425","0.853175938129425","0.853175938129425","2241","2241","2241"
"101849","0.8670003414154053","0.8670003414154053","0.8670003414154053","2242","2242","2242"
"101899","0.8439287543296814","0.8439287543296814","0.8439287543296814","2243","2243","2243"
"101949","0.7498597502708435","0.7498597502708435","0.7498597502708435","2244","2244","2244"
"101999","0.7645170092582703","0.7645170092582703","0.7645170092582703","2245","2245","2245"
"102049","0.818884551525116","0.818884551525116","0.818884551525116","2246","2246","2246"
"102099","0.9568932056427002","0.9568932056427002","0.9568932056427002","2248","2248","2248"
"102149","0.7868450880050659","0.7868450880050659","0.7868450880050659","2249","2249","2249"
"102199","0.7967914938926697","0.7967914938926697","0.7967914938926697","2250","2250","2250"
"102249","0.8414331674575806","0.8414331674575806","0.8414331674575806","2251","2251","2251"
"102299","0.9192920327186584","0.9192920327186584","0.9192920327186584","2252","2252","2252"
"102349","0.7865073680877686","0.7865073680877686","0.7865073680877686","2253","2253","2253"
"102399","0.8030019402503967","0.8030019402503967","0.8030019402503967","2254","2254","2254"
"102449","0.7627912759780884","0.7627912759780884","0.7627912759780884","2255","2255","2255"
"102499","0.7741649150848389","0.7741649150848389","0.7741649150848389","2256","2256","2256"
"102549","0.9073424339294434","0.9073424339294434","0.9073424339294434","2258","2258","2258"
"102599","0.8012481927871704","0.8012481927871704","0.8012481927871704","2259","2259","2259"
"102649","0.8308162093162537","0.8308162093162537","0.8308162093162537","2260","2260","2260"
"102699","0.8561332821846008","0.8561332821846008","0.8561332821846008","2261","2261","2261"
"102749","1.01949942111969","1.01949942111969","1.01949942111969","2262","2262","2262"
"102799","0.9572214484214783","0.9572214484214783","0.9572214484214783","2263","2263","2263"
"102849","0.9917778968811035","0.9917778968811035","0.9917778968811035","2264","2264","2264"
"102899","0.901473343372345","0.901473343372345","0.901473343372345","2265","2265","2265"
"102949","0.889325737953186","0.889325737953186","0.889325737953186","2266","2266","2266"
"102999","0.7943882942199707","0.7943882942199707","0.7943882942199707","2267","2267","2267"
"103049","0.9189484715461731","0.9189484715461731","0.9189484715461731","2269","2269","2269"
"103099","0.8341402411460876","0.8341402411460876","0.8341402411460876","2270","2270","2270"
"103149","0.8639826774597168","0.8639826774597168","0.8639826774597168","2271","2271","2271"
"103199","0.7167767286300659","0.7167767286300659","0.7167767286300659","2272","2272","2272"
"103249","0.9249892234802246","0.9249892234802246","0.9249892234802246","2273","2273","2273"
"103299","0.9098888635635376","0.9098888635635376","0.9098888635635376","2274","2274","2274"
"103349","0.8288902044296265","0.8288902044296265","0.8288902044296265","2275","2275","2275"
"103399","0.7454584836959839","0.7454584836959839","0.7454584836959839","2276","2276","2276"
"103449","1.0177724361419678","1.0177724361419678","1.0177724361419678","2277","2277","2277"
"103499","0.7227781414985657","0.7227781414985657","0.7227781414985657","2278","2278","2278"
"103549","0.8324047327041626","0.8324047327041626","0.8324047327041626","2280","2280","2280"
"103599","0.7713325619697571","0.7713325619697571","0.7713325619697571","2281","2281","2281"
"103649","0.8626401424407959","0.8626401424407959","0.8626401424407959","2282","2282","2282"
"103699","0.7775552868843079","0.7775552868843079","0.7775552868843079","2283","2283","2283"
"103749","0.8432376384735107","0.8432376384735107","0.8432376384735107","2284","2284","2284"
"103799","0.8024520874023438","0.8024520874023438","0.8024520874023438","2285","2285","2285"
"103849","0.7999327778816223","0.7999327778816223","0.7999327778816223","2286","2286","2286"
"103899","0.8509912490844727","0.8509912490844727","0.8509912490844727","2287","2287","2287"
"103949","0.7544763684272766","0.7544763684272766","0.7544763684272766","2288","2288","2288"
"103999","0.8771346807479858","0.8771346807479858","0.8771346807479858","2289","2289","2289"
"104049","0.9035242199897766","0.9035242199897766","0.9035242199897766","2291","2291","2291"
"104099","0.8998353481292725","0.8998353481292725","0.8998353481292725","2292","2292","2292"
"104149","0.9555763006210327","0.9555763006210327","0.9555763006210327","2293","2293","2293"
"104199","0.912942111492157","0.912942111492157","0.912942111492157","2294","2294","2294"
"104249","0.8214820027351379","0.8214820027351379","0.8214820027351379","2295","2295","2295"
"104299","0.9728555083274841","0.9728555083274841","0.9728555083274841","2296","2296","2296"
"104349","0.9451770186424255","0.9451770186424255","0.9451770186424255","2297","2297","2297"
"104399","0.946933388710022","0.946933388710022","0.946933388710022","2298","2298","2298"
"104449","0.7818225026130676","0.7818225026130676","0.7818225026130676","2299","2299","2299"
"104499","0.9036047458648682","0.9036047458648682","0.9036047458648682","2300","2300","2300"
"104549","0.8077946305274963","0.8077946305274963","0.8077946305274963","2302","2302","2302"
"104599","0.9008341431617737","0.9008341431617737","0.9008341431617737","2303","2303","2303"
"104649","0.735141932964325","0.735141932964325","0.735141932964325","2304","2304","2304"
"104699","0.7019591331481934","0.7019591331481934","0.7019591331481934","2305","2305","2305"
"104749","0.8624826669692993","0.8624826669692993","0.8624826669692993","2306","2306","2306"
"104799","0.7989110350608826","0.7989110350608826","0.7989110350608826","2307","2307","2307"
"104849","0.7357187271118164","0.7357187271118164","0.7357187271118164","2308","2308","2308"
"104899","0.7850044369697571","0.7850044369697571","0.7850044369697571","2309","2309","2309"
"104949","0.816446840763092","0.816446840763092","0.816446840763092","2310","2310","2310"
"104999","0.791883111000061","0.791883111000061","0.791883111000061","2311","2311","2311"
"105049","0.779086172580719","0.779086172580719","0.779086172580719","2313","2313","2313"
"105099","0.76622474193573","0.76622474193573","0.76622474193573","2314","2314","2314"
"105149","0.9286730885505676","0.9286730885505676","0.9286730885505676","2315","2315","2315"
"105199","0.8500221371650696","0.8500221371650696","0.8500221371650696","2316","2316","2316"
"105249","0.8951608538627625","0.8951608538627625","0.8951608538627625","2317","2317","2317"
"105299","0.8160398602485657","0.8160398602485657","0.8160398602485657","2318","2318","2318"
"105349","0.8011890649795532","0.8011890649795532","0.8011890649795532","2319","2319","2319"
"105399","0.8959323763847351","0.8959323763847351","0.8959323763847351","2320","2320","2320"
"105449","0.8425120115280151","0.8425120115280151","0.8425120115280151","2321","2321","2321"
"105499","0.8354671001434326","0.8354671001434326","0.8354671001434326","2322","2322","2322"
"105549","0.6895036697387695","0.6895036697387695","0.6895036697387695","2324","2324","2324"
"105599","0.7773672938346863","0.7773672938346863","0.7773672938346863","2325","2325","2325"
"105649","0.92954421043396","0.92954421043396","0.92954421043396","2326","2326","2326"
"105699","0.8800114393234253","0.8800114393234253","0.8800114393234253","2327","2327","2327"
"105749","0.9023985862731934","0.9023985862731934","0.9023985862731934","2328","2328","2328"
"105799","0.9008201360702515","0.9008201360702515","0.9008201360702515","2329","2329","2329"
"105849","0.9358603358268738","0.9358603358268738","0.9358603358268738","2330","2330","2330"
"105899","0.7604269981384277","0.7604269981384277","0.7604269981384277","2331","2331","2331"
"105949","0.7813984155654907","0.7813984155654907","0.7813984155654907","2332","2332","2332"
"105999","0.8513578176498413","0.8513578176498413","0.8513578176498413","2334","2334","2334"
"106049","0.7817111015319824","0.7817111015319824","0.7817111015319824","2335","2335","2335"
"106099","0.8218823671340942","0.8218823671340942","0.8218823671340942","2336","2336","2336"
"106149","0.7528984546661377","0.7528984546661377","0.7528984546661377","2337","2337","2337"
"106199","0.6979026198387146","0.6979026198387146","0.6979026198387146","2338","2338","2338"
"106249","0.8718388676643372","0.8718388676643372","0.8718388676643372","2339","2339","2339"
"106299","0.7078809142112732","0.7078809142112732","0.7078809142112732","2340","2340","2340"
"106349","0.9171249270439148","0.9171249270439148","0.9171249270439148","2341","2341","2341"
"106399","0.9414754509925842","0.9414754509925842","0.9414754509925842","2342","2342","2342"
"106449","0.8163340091705322","0.8163340091705322","0.8163340091705322","2343","2343","2343"
"106499","0.7618202567100525","0.7618202567100525","0.7618202567100525","2345","2345","2345"
"106549","0.9051190614700317","0.9051190614700317","0.9051190614700317","2346","2346","2346"
"106599","0.7541959881782532","0.7541959881782532","0.7541959881782532","2347","2347","2347"
"106649","0.9646543860435486","0.9646543860435486","0.9646543860435486","2348","2348","2348"
"106699","0.7549421191215515","0.7549421191215515","0.7549421191215515","2349","2349","2349"
"106749","0.846595823764801","0.846595823764801","0.846595823764801","2350","2350","2350"
"106799","0.9098169207572937","0.9098169207572937","0.9098169207572937","2351","2351","2351"
"106849","0.8869808316230774","0.8869808316230774","0.8869808316230774","2352","2352","2352"
"106899","0.8724666833877563","0.8724666833877563","0.8724666833877563","2353","2353","2353"
"106949","0.7576332688331604","0.7576332688331604","0.7576332688331604","2354","2354","2354"
"106999","0.7650381326675415","0.7650381326675415","0.7650381326675415","2356","2356","2356"
"107049","1.0616583824157715","1.0616583824157715","1.0616583824157715","2357","2357","2357"
"107099","0.878311812877655","0.878311812877655","0.878311812877655","2358","2358","2358"
"107149","0.7768331170082092","0.7768331170082092","0.7768331170082092","2359","2359","2359"
"107199","0.8027971982955933","0.8027971982955933","0.8027971982955933","2360","2360","2360"
"107249","0.8287450671195984","0.8287450671195984","0.8287450671195984","2361","2361","2361"
"107299","0.9334763288497925","0.9334763288497925","0.9334763288497925","2362","2362","2362"
"107349","0.7816348075866699","0.7816348075866699","0.7816348075866699","2363","2363","2363"
"107399","1.0182209014892578","1.0182209014892578","1.0182209014892578","2364","2364","2364"
"107449","1.0085219144821167","1.0085219144821167","1.0085219144821167","2365","2365","2365"
"107499","0.8470081090927124","0.8470081090927124","0.8470081090927124","2367","2367","2367"
"107549","0.9710608720779419","0.9710608720779419","0.9710608720779419","2368","2368","2368"
"107599","0.9824796915054321","0.9824796915054321","0.9824796915054321","2369","2369","2369"
"107649","0.9600646495819092","0.9600646495819092","0.9600646495819092","2370","2370","2370"
"107699","0.8326746821403503","0.8326746821403503","0.8326746821403503","2371","2371","2371"
"107749","0.983060359954834","0.983060359954834","0.983060359954834","2372","2372","2372"
"107799","0.91908198595047","0.91908198595047","0.91908198595047","2373","2373","2373"
"107849","0.9087325930595398","0.9087325930595398","0.9087325930595398","2374","2374","2374"
"107899","0.7851356267929077","0.7851356267929077","0.7851356267929077","2375","2375","2375"
"107949","0.7774139046669006","0.7774139046669006","0.7774139046669006","2376","2376","2376"
"107999","0.6962063908576965","0.6962063908576965","0.6962063908576965","2378","2378","2378"
"108049","0.8729893565177917","0.8729893565177917","0.8729893565177917","2379","2379","2379"
"108099","0.7072390913963318","0.7072390913963318","0.7072390913963318","2380","2380","2380"
"108149","0.7260579466819763","0.7260579466819763","0.7260579466819763","2381","2381","2381"
"108199","0.7496820092201233","0.7496820092201233","0.7496820092201233","2382","2382","2382"
"108249","0.7930155992507935","0.7930155992507935","0.7930155992507935","2383","2383","2383"
"108299","0.7134436964988708","0.7134436964988708","0.7134436964988708","2384","2384","2384"
"108349","0.7106643319129944","0.7106643319129944","0.7106643319129944","2385","2385","2385"
"108399","0.9235326051712036","0.9235326051712036","0.9235326051712036","2386","2386","2386"
"108449","1.0071464776992798","1.0071464776992798","1.0071464776992798","2387","2387","2387"
"108499","0.7408553957939148","0.7408553957939148","0.7408553957939148","2389","2389","2389"
"108549","0.8921438455581665","0.8921438455581665","0.8921438455581665","2390","2390","2390"
"108599","0.8480347990989685","0.8480347990989685","0.8480347990989685","2391","2391","2391"
"108649","0.8643932938575745","0.8643932938575745","0.8643932938575745","2392","2392","2392"
"108699","0.8814555406570435","0.8814555406570435","0.8814555406570435","2393","2393","2393"
"108749","0.8795784115791321","0.8795784115791321","0.8795784115791321","2394","2394","2394"
"108799","0.9217028617858887","0.9217028617858887","0.9217028617858887","2395","2395","2395"
"108849","0.9918395280838013","0.9918395280838013","0.9918395280838013","2396","2396","2396"
"108899","0.8847909569740295","0.8847909569740295","0.8847909569740295","2397","2397","2397"
"108949","0.8716514706611633","0.8716514706611633","0.8716514706611633","2398","2398","2398"
"108999","0.8147439956665039","0.8147439956665039","0.8147439956665039","2400","2400","2400"
"109049","0.810998797416687","0.810998797416687","0.810998797416687","2401","2401","2401"
"109099","1.0487134456634521","1.0487134456634521","1.0487134456634521","2402","2402","2402"
"109149","0.8481283783912659","0.8481283783912659","0.8481283783912659","2403","2403","2403"
"109199","1.0554853677749634","1.0554853677749634","1.0554853677749634","2404","2404","2404"
"109249","0.916970431804657","0.916970431804657","0.916970431804657","2405","2405","2405"
"109299","0.8955806493759155","0.8955806493759155","0.8955806493759155","2406","2406","2406"
"109349","0.7755632400512695","0.7755632400512695","0.7755632400512695","2407","2407","2407"
"109399","0.8539174199104309","0.8539174199104309","0.8539174199104309","2408","2408","2408"
"109449","0.6679147481918335","0.6679147481918335","0.6679147481918335","2410","2410","2410"
"109499","0.7450546622276306","0.7450546622276306","0.7450546622276306","2411","2411","2411"
"109549","0.9587318301200867","0.9587318301200867","0.9587318301200867","2412","2412","2412"
"109599","0.8946806192398071","0.8946806192398071","0.8946806192398071","2413","2413","2413"
"109649","0.8956800103187561","0.8956800103187561","0.8956800103187561","2414","2414","2414"
"109699","1.0373268127441406","1.0373268127441406","1.0373268127441406","2415","2415","2415"
"109749","0.7971892952919006","0.7971892952919006","0.7971892952919006","2416","2416","2416"
"109799","0.9452114701271057","0.9452114701271057","0.9452114701271057","2417","2417","2417"
"109849","0.9365101456642151","0.9365101456642151","0.9365101456642151","2418","2418","2418"
"109899","0.7495050430297852","0.7495050430297852","0.7495050430297852","2419","2419","2419"
"109949","0.871661901473999","0.871661901473999","0.871661901473999","2421","2421","2421"
"109999","0.8466500043869019","0.8466500043869019","0.8466500043869019","2422","2422","2422"
"110049","1.0228862762451172","1.0228862762451172","1.0228862762451172","2423","2423","2423"
"110099","0.8976919651031494","0.8976919651031494","0.8976919651031494","2424","2424","2424"
"110149","0.9669973850250244","0.9669973850250244","0.9669973850250244","2425","2425","2425"
"110199","0.7995969653129578","0.7995969653129578","0.7995969653129578","2426","2426","2426"
"110249","0.8766156435012817","0.8766156435012817","0.8766156435012817","2427","2427","2427"
"110299","0.9972521662712097","0.9972521662712097","0.9972521662712097","2428","2428","2428"
"110349","0.9141257405281067","0.9141257405281067","0.9141257405281067","2429","2429","2429"
"110399","0.7689657211303711","0.7689657211303711","0.7689657211303711","2430","2430","2430"
"110449","0.9868571758270264","0.9868571758270264","0.9868571758270264","2432","2432","2432"
"110499","0.8005846738815308","0.8005846738815308","0.8005846738815308","2433","2433","2433"
"110549","0.8914604783058167","0.8914604783058167","0.8914604783058167","2434","2434","2434"
"110599","0.8992952704429626","0.8992952704429626","0.8992952704429626","2435","2435","2435"
"110649","0.8411637544631958","0.8411637544631958","0.8411637544631958","2436","2436","2436"
"110699","0.9400469064712524","0.9400469064712524","0.9400469064712524","2437","2437","2437"
"110749","0.8422681093215942","0.8422681093215942","0.8422681093215942","2438","2438","2438"
"110799","0.949076771736145","0.949076771736145","0.949076771736145","2439","2439","2439"
"110849","0.7288208603858948","0.7288208603858948","0.7288208603858948","2440","2440","2440"
"110899","0.7680620551109314","0.7680620551109314","0.7680620551109314","2441","2441","2441"
"110949","0.9141027927398682","0.9141027927398682","0.9141027927398682","2443","2443","2443"
"110999","0.8023088574409485","0.8023088574409485","0.8023088574409485","2444","2444","2444"
"111049","0.7285358309745789","0.7285358309745789","0.7285358309745789","2445","2445","2445"
"111099","0.9132742881774902","0.9132742881774902","0.9132742881774902","2446","2446","2446"
"111149","0.8200747966766357","0.8200747966766357","0.8200747966766357","2447","2447","2447"
"111199","0.7714695930480957","0.7714695930480957","0.7714695930480957","2448","2448","2448"
"111249","0.7757875919342041","0.7757875919342041","0.7757875919342041","2449","2449","2449"
"111299","0.7568207383155823","0.7568207383155823","0.7568207383155823","2450","2450","2450"
"111349","0.9965234994888306","0.9965234994888306","0.9965234994888306","2451","2451","2451"
"111399","0.8054648041725159","0.8054648041725159","0.8054648041725159","2452","2452","2452"
"111449","0.8607416152954102","0.8607416152954102","0.8607416152954102","2454","2454","2454"
"111499","0.8899223208427429","0.8899223208427429","0.8899223208427429","2455","2455","2455"
"111549","0.7874311208724976","0.7874311208724976","0.7874311208724976","2456","2456","2456"
"111599","0.9624626040458679","0.9624626040458679","0.9624626040458679","2457","2457","2457"
"111649","0.8970723152160645","0.8970723152160645","0.8970723152160645","2458","2458","2458"
"111699","0.872541069984436","0.872541069984436","0.872541069984436","2459","2459","2459"
"111749","0.7251771092414856","0.7251771092414856","0.7251771092414856","2460","2460","2460"
"111799","0.8360413908958435","0.8360413908958435","0.8360413908958435","2461","2461","2461"
"111849","0.8289675116539001","0.8289675116539001","0.8289675116539001","2462","2462","2462"
"111899","0.8591337203979492","0.8591337203979492","0.8591337203979492","2463","2463","2463"
"111949","0.8970454335212708","0.8970454335212708","0.8970454335212708","2465","2465","2465"
"111999","0.718722403049469","0.718722403049469","0.718722403049469","2466","2466","2466"
"112049","0.9446567893028259","0.9446567893028259","0.9446567893028259","2467","2467","2467"
"112099","0.8783853650093079","0.8783853650093079","0.8783853650093079","2468","2468","2468"
"112149","0.7838418483734131","0.7838418483734131","0.7838418483734131","2469","2469","2469"
"112199","0.8360502123832703","0.8360502123832703","0.8360502123832703","2470","2470","2470"
"112249","0.8333873152732849","0.8333873152732849","0.8333873152732849","2471","2471","2471"
"112299","0.8412202596664429","0.8412202596664429","0.8412202596664429","2472","2472","2472"
"112349","0.8777040243148804","0.8777040243148804","0.8777040243148804","2473","2473","2473"
"112399","0.8189599514007568","0.8189599514007568","0.8189599514007568","2474","2474","2474"
"112449","0.8962677121162415","0.8962677121162415","0.8962677121162415","2476","2476","2476"
"112499","0.8584096431732178","0.8584096431732178","0.8584096431732178","2477","2477","2477"
"112549","0.7992579936981201","0.7992579936981201","0.7992579936981201","2478","2478","2478"
"112599","0.7943549752235413","0.7943549752235413","0.7943549752235413","2479","2479","2479"
"112649","0.8380846381187439","0.8380846381187439","0.8380846381187439","2480","2480","2480"
"112699","0.7852356433868408","0.7852356433868408","0.7852356433868408","2481","2481","2481"
"112749","0.8439631462097168","0.8439631462097168","0.8439631462097168","2482","2482","2482"
"112799","0.8536453247070312","0.8536453247070312","0.8536453247070312","2483","2483","2483"
"112849","0.7200649976730347","0.7200649976730347","0.7200649976730347","2484","2484","2484"
"112899","0.8715234398841858","0.8715234398841858","0.8715234398841858","2486","2486","2486"
"112949","0.9421521425247192","0.9421521425247192","0.9421521425247192","2487","2487","2487"
"112999","0.9158664345741272","0.9158664345741272","0.9158664345741272","2488","2488","2488"
"113049","0.699927031993866","0.699927031993866","0.699927031993866","2489","2489","2489"
"113099","0.8467344045639038","0.8467344045639038","0.8467344045639038","2490","2490","2490"
"113149","1.0198888778686523","1.0198888778686523","1.0198888778686523","2491","2491","2491"
"113199","0.8647308349609375","0.8647308349609375","0.8647308349609375","2492","2492","2492"
"113249","0.881597101688385","0.881597101688385","0.881597101688385","2493","2493","2493"
"113299","0.7774009108543396","0.7774009108543396","0.7774009108543396","2494","2494","2494"
"113349","0.8487694263458252","0.8487694263458252","0.8487694263458252","2495","2495","2495"
"113399","0.9804033041000366","0.9804033041000366","0.9804033041000366","2497","2497","2497"
"113449","0.810045599937439","0.810045599937439","0.810045599937439","2498","2498","2498"
"113499","0.8447691798210144","0.8447691798210144","0.8447691798210144","2499","2499","2499"
"113549","0.9248451590538025","0.9248451590538025","0.9248451590538025","2500","2500","2500"
"113599","0.8906436562538147","0.8906436562538147","0.8906436562538147","2501","2501","2501"
"113649","0.8607591986656189","0.8607591986656189","0.8607591986656189","2502","2502","2502"
"113699","0.8064367175102234","0.8064367175102234","0.8064367175102234","2503","2503","2503"
"113749","0.9200867414474487","0.9200867414474487","0.9200867414474487","2504","2504","2504"
"113799","0.8085542321205139","0.8085542321205139","0.8085542321205139","2505","2505","2505"
"113849","0.7737829685211182","0.7737829685211182","0.7737829685211182","2506","2506","2506"
"113899","0.9803521037101746","0.9803521037101746","0.9803521037101746","2508","2508","2508"
"113949","0.7858009338378906","0.7858009338378906","0.7858009338378906","2509","2509","2509"
"113999","0.9145444631576538","0.9145444631576538","0.9145444631576538","2510","2510","2510"
"114049","0.7866849303245544","0.7866849303245544","0.7866849303245544","2511","2511","2511"
"114099","0.8445197343826294","0.8445197343826294","0.8445197343826294","2512","2512","2512"
"114149","0.9012848734855652","0.9012848734855652","0.9012848734855652","2513","2513","2513"
"114199","0.9578463435173035","0.9578463435173035","0.9578463435173035","2514","2514","2514"
"114249","0.8827962279319763","0.8827962279319763","0.8827962279319763","2515","2515","2515"
"114299","0.6535768508911133","0.6535768508911133","0.6535768508911133","2516","2516","2516"
"114349","0.8229642510414124","0.8229642510414124","0.8229642510414124","2517","2517","2517"
"114399","0.7377733588218689","0.7377733588218689","0.7377733588218689","2519","2519","2519"
"114449","0.811651349067688","0.811651349067688","0.811651349067688","2520","2520","2520"
"114499","0.8462478518486023","0.8462478518486023","0.8462478518486023","2521","2521","2521"
"114549","0.8642404079437256","0.8642404079437256","0.8642404079437256","2522","2522","2522"
"114599","0.95693039894104","0.95693039894104","0.95693039894104","2523","2523","2523"
"114649","0.756777286529541","0.756777286529541","0.756777286529541","2524","2524","2524"
"114699","0.8251439929008484","0.8251439929008484","0.8251439929008484","2525","2525","2525"
"114749","0.884092390537262","0.884092390537262","0.884092390537262","2526","2526","2526"
"114799","0.8870316743850708","0.8870316743850708","0.8870316743850708","2527","2527","2527"
"114849","0.7511757612228394","0.7511757612228394","0.7511757612228394","2528","2528","2528"
"114899","0.6936762928962708","0.6936762928962708","0.6936762928962708","2530","2530","2530"
"114949","0.9490006566047668","0.9490006566047668","0.9490006566047668","2531","2531","2531"
"114999","0.792709231376648","0.792709231376648","0.792709231376648","2532","2532","2532"
"115049","0.9227649569511414","0.9227649569511414","0.9227649569511414","2533","2533","2533"
"115099","0.7140902280807495","0.7140902280807495","0.7140902280807495","2534","2534","2534"
"115149","0.9293029308319092","0.9293029308319092","0.9293029308319092","2535","2535","2535"
"115199","0.836557149887085","0.836557149887085","0.836557149887085","2536","2536","2536"
"115249","0.8768445253372192","0.8768445253372192","0.8768445253372192","2537","2537","2537"
"115299","0.9642388820648193","0.9642388820648193","0.9642388820648193","2538","2538","2538"
"115349","0.8625946044921875","0.8625946044921875","0.8625946044921875","2539","2539","2539"
"115399","0.7571383118629456","0.7571383118629456","0.7571383118629456","2541","2541","2541"
"115449","0.8562140464782715","0.8562140464782715","0.8562140464782715","2542","2542","2542"
"115499","0.8325868844985962","0.8325868844985962","0.8325868844985962","2543","2543","2543"
"115549","0.5339729189872742","0.5339729189872742","0.5339729189872742","2544","2544","2544"
"115599","0.8113090395927429","0.8113090395927429","0.8113090395927429","2545","2545","2545"
"115649","0.9574509859085083","0.9574509859085083","0.9574509859085083","2546","2546","2546"
"115699","0.8219442963600159","0.8219442963600159","0.8219442963600159","2547","2547","2547"
"115749","0.9190690517425537","0.9190690517425537","0.9190690517425537","2548","2548","2548"
"115799","0.8442161083221436","0.8442161083221436","0.8442161083221436","2549","2549","2549"
"115849","0.8713043332099915","0.8713043332099915","0.8713043332099915","2550","2550","2550"
"115899","0.7535750269889832","0.7535750269889832","0.7535750269889832","2552","2552","2552"
"115949","0.8793318867683411","0.8793318867683411","0.8793318867683411","2553","2553","2553"
"115999","0.8523478507995605","0.8523478507995605","0.8523478507995605","2554","2554","2554"
"116049","0.8331375122070312","0.8331375122070312","0.8331375122070312","2555","2555","2555"
"116099","0.8066698312759399","0.8066698312759399","0.8066698312759399","2556","2556","2556"
"116149","0.9233630895614624","0.9233630895614624","0.9233630895614624","2557","2557","2557"
"116199","0.8663092851638794","0.8663092851638794","0.8663092851638794","2558","2558","2558"
"116249","0.851202130317688","0.851202130317688","0.851202130317688","2559","2559","2559"
"116299","0.8333479166030884","0.8333479166030884","0.8333479166030884","2560","2560","2560"
"116349","0.8305315971374512","0.8305315971374512","0.8305315971374512","2562","2562","2562"
"116399","0.7838833332061768","0.7838833332061768","0.7838833332061768","2563","2563","2563"
"116449","0.8198632597923279","0.8198632597923279","0.8198632597923279","2564","2564","2564"
"116499","0.7482354640960693","0.7482354640960693","0.7482354640960693","2565","2565","2565"
"116549","0.7823554277420044","0.7823554277420044","0.7823554277420044","2566","2566","2566"
"116599","0.714404284954071","0.714404284954071","0.714404284954071","2567","2567","2567"
"116649","1.0327175855636597","1.0327175855636597","1.0327175855636597","2568","2568","2568"
"116699","0.921492874622345","0.921492874622345","0.921492874622345","2569","2569","2569"
"116749","0.8704013824462891","0.8704013824462891","0.8704013824462891","2570","2570","2570"
"116799","0.8939883708953857","0.8939883708953857","0.8939883708953857","2571","2571","2571"
"116849","0.6697220802307129","0.6697220802307129","0.6697220802307129","2573","2573","2573"
"116899","0.8715397715568542","0.8715397715568542","0.8715397715568542","2574","2574","2574"
"116949","0.8236934542655945","0.8236934542655945","0.8236934542655945","2575","2575","2575"
"116999","0.7417857050895691","0.7417857050895691","0.7417857050895691","2576","2576","2576"
"117049","0.9644041657447815","0.9644041657447815","0.9644041657447815","2577","2577","2577"
"117099","0.8098433017730713","0.8098433017730713","0.8098433017730713","2578","2578","2578"
"117149","0.9100706577301025","0.9100706577301025","0.9100706577301025","2579","2579","2579"
"117199","0.8295355439186096","0.8295355439186096","0.8295355439186096","2580","2580","2580"
"117249","0.8664783835411072","0.8664783835411072","0.8664783835411072","2581","2581","2581"
"117299","0.9052198529243469","0.9052198529243469","0.9052198529243469","2582","2582","2582"
"117349","0.8187507390975952","0.8187507390975952","0.8187507390975952","2584","2584","2584"
"117399","0.855418860912323","0.855418860912323","0.855418860912323","2585","2585","2585"
"117449","0.864220142364502","0.864220142364502","0.864220142364502","2586","2586","2586"
"117499","0.9630302786827087","0.9630302786827087","0.9630302786827087","2587","2587","2587"
"117549","0.8994331955909729","0.8994331955909729","0.8994331955909729","2588","2588","2588"
"117599","0.9917286038398743","0.9917286038398743","0.9917286038398743","2589","2589","2589"
"117649","0.7756668925285339","0.7756668925285339","0.7756668925285339","2590","2590","2590"
"117699","0.909662663936615","0.909662663936615","0.909662663936615","2591","2591","2591"
"117749","1.0226553678512573","1.0226553678512573","1.0226553678512573","2592","2592","2592"
"117799","0.968032717704773","0.968032717704773","0.968032717704773","2593","2593","2593"
"117849","0.8207770586013794","0.8207770586013794","0.8207770586013794","2595","2595","2595"
"117899","0.8333475589752197","0.8333475589752197","0.8333475589752197","2596","2596","2596"
"117949","0.8349357843399048","0.8349357843399048","0.8349357843399048","2597","2597","2597"
"117999","0.8372457027435303","0.8372457027435303","0.8372457027435303","2598","2598","2598"
"118049","0.7203694581985474","0.7203694581985474","0.7203694581985474","2599","2599","2599"
"118099","0.6595835089683533","0.6595835089683533","0.6595835089683533","2600","2600","2600"
"118149","0.7799075841903687","0.7799075841903687","0.7799075841903687","2601","2601","2601"
"118199","0.7034569382667542","0.7034569382667542","0.7034569382667542","2602","2602","2602"
"118249","1.059564471244812","1.059564471244812","1.059564471244812","2603","2603","2603"
"118299","0.8240329027175903","0.8240329027175903","0.8240329027175903","2604","2604","2604"
"118349","0.7221778035163879","0.7221778035163879","0.7221778035163879","2606","2606","2606"
"118399","0.8125298619270325","0.8125298619270325","0.8125298619270325","2607","2607","2607"
"118449","0.8711737394332886","0.8711737394332886","0.8711737394332886","2608","2608","2608"
"118499","0.9948029518127441","0.9948029518127441","0.9948029518127441","2609","2609","2609"
"118549","0.858020007610321","0.858020007610321","0.858020007610321","2610","2610","2610"
"118599","0.819560706615448","0.819560706615448","0.819560706615448","2611","2611","2611"
"118649","0.9275373220443726","0.9275373220443726","0.9275373220443726","2612","2612","2612"
"118699","0.8439853191375732","0.8439853191375732","0.8439853191375732","2613","2613","2613"
"118749","0.9188346266746521","0.9188346266746521","0.9188346266746521","2614","2614","2614"
"118799","0.7296742796897888","0.7296742796897888","0.7296742796897888","2615","2615","2615"
"118849","0.8443182110786438","0.8443182110786438","0.8443182110786438","2617","2617","2617"
"118899","0.8847183585166931","0.8847183585166931","0.8847183585166931","2618","2618","2618"
"118949","1.026672601699829","1.026672601699829","1.026672601699829","2619","2619","2619"
"118999","0.7536596655845642","0.7536596655845642","0.7536596655845642","2620","2620","2620"
"119049","0.8253850340843201","0.8253850340843201","0.8253850340843201","2621","2621","2621"
"119099","0.9538777470588684","0.9538777470588684","0.9538777470588684","2622","2622","2622"
"119149","0.8664548993110657","0.8664548993110657","0.8664548993110657","2623","2623","2623"
"119199","0.7025460600852966","0.7025460600852966","0.7025460600852966","2624","2624","2624"
"119249","0.6666789054870605","0.6666789054870605","0.6666789054870605","2625","2625","2625"
"119299","0.9347459077835083","0.9347459077835083","0.9347459077835083","2626","2626","2626"
"119349","0.8160779476165771","0.8160779476165771","0.8160779476165771","2628","2628","2628"
"119399","0.9507455825805664","0.9507455825805664","0.9507455825805664","2629","2629","2629"
"119449","0.9122633934020996","0.9122633934020996","0.9122633934020996","2630","2630","2630"
"119499","0.6600637435913086","0.6600637435913086","0.6600637435913086","2631","2631","2631"
"119549","0.6934899687767029","0.6934899687767029","0.6934899687767029","2632","2632","2632"
"119599","0.8162403106689453","0.8162403106689453","0.8162403106689453","2633","2633","2633"
"119649","0.8438124656677246","0.8438124656677246","0.8438124656677246","2634","2634","2634"
"119699","0.6420100927352905","0.6420100927352905","0.6420100927352905","2635","2635","2635"
"119749","0.9375489950180054","0.9375489950180054","0.9375489950180054","2636","2636","2636"
"119799","0.9041962623596191","0.9041962623596191","0.9041962623596191","2638","2638","2638"
"119849","0.92978435754776","0.92978435754776","0.92978435754776","2639","2639","2639"
"119899","0.8333812355995178","0.8333812355995178","0.8333812355995178","2640","2640","2640"
"119949","0.8782800436019897","0.8782800436019897","0.8782800436019897","2641","2641","2641"
"119999","0.8088250756263733","0.8088250756263733","0.8088250756263733","2642","2642","2642"
"120049","0.7919028997421265","0.7919028997421265","0.7919028997421265","2643","2643","2643"
"120099","0.8888177275657654","0.8888177275657654","0.8888177275657654","2644","2644","2644"
"120149","0.8476333618164062","0.8476333618164062","0.8476333618164062","2645","2645","2645"
"120199","0.8004027009010315","0.8004027009010315","0.8004027009010315","2646","2646","2646"
"120249","0.9294188618659973","0.9294188618659973","0.9294188618659973","2647","2647","2647"
"120299","0.7267399430274963","0.7267399430274963","0.7267399430274963","2649","2649","2649"
"120349","0.8993133306503296","0.8993133306503296","0.8993133306503296","2650","2650","2650"
"120399","0.8011758327484131","0.8011758327484131","0.8011758327484131","2651","2651","2651"
"120449","0.8503010272979736","0.8503010272979736","0.8503010272979736","2652","2652","2652"
"120499","0.9478782415390015","0.9478782415390015","0.9478782415390015","2653","2653","2653"
"120549","0.9965955018997192","0.9965955018997192","0.9965955018997192","2654","2654","2654"
"120599","0.7533255815505981","0.7533255815505981","0.7533255815505981","2655","2655","2655"
"120649","0.9816339015960693","0.9816339015960693","0.9816339015960693","2656","2656","2656"
"120699","0.8732467889785767","0.8732467889785767","0.8732467889785767","2657","2657","2657"
"120749","0.8188306093215942","0.8188306093215942","0.8188306093215942","2658","2658","2658"
"120799","0.9180948734283447","0.9180948734283447","0.9180948734283447","2660","2660","2660"
"120849","0.8214093446731567","0.8214093446731567","0.8214093446731567","2661","2661","2661"
"120899","0.8326518535614014","0.8326518535614014","0.8326518535614014","2662","2662","2662"
"120949","0.7378026247024536","0.7378026247024536","0.7378026247024536","2663","2663","2663"
"120999","0.8052856922149658","0.8052856922149658","0.8052856922149658","2664","2664","2664"
"121049","0.9909806251525879","0.9909806251525879","0.9909806251525879","2665","2665","2665"
"121099","0.8985581994056702","0.8985581994056702","0.8985581994056702","2666","2666","2666"
"121149","0.849149763584137","0.849149763584137","0.849149763584137","2667","2667","2667"
"121199","0.6734278798103333","0.6734278798103333","0.6734278798103333","2668","2668","2668"
"121249","0.8328725695610046","0.8328725695610046","0.8328725695610046","2669","2669","2669"
"121299","0.9105668663978577","0.9105668663978577","0.9105668663978577","2671","2671","2671"
"121349","1.029511570930481","1.029511570930481","1.029511570930481","2672","2672","2672"
"121399","0.9723905324935913","0.9723905324935913","0.9723905324935913","2673","2673","2673"
"121449","0.888425350189209","0.888425350189209","0.888425350189209","2674","2674","2674"
"121499","0.8851048350334167","0.8851048350334167","0.8851048350334167","2675","2675","2675"
"121549","0.7762316465377808","0.7762316465377808","0.7762316465377808","2676","2676","2676"
"121599","0.7560753226280212","0.7560753226280212","0.7560753226280212","2677","2677","2677"
"121649","0.7194017767906189","0.7194017767906189","0.7194017767906189","2678","2678","2678"
"121699","1.101582646369934","1.101582646369934","1.101582646369934","2679","2679","2679"
"121749","0.8123984336853027","0.8123984336853027","0.8123984336853027","2680","2680","2680"
"121799","0.9008158445358276","0.9008158445358276","0.9008158445358276","2682","2682","2682"
"121849","0.8695489764213562","0.8695489764213562","0.8695489764213562","2683","2683","2683"
"121899","0.7797783017158508","0.7797783017158508","0.7797783017158508","2684","2684","2684"
"121949","0.8697828650474548","0.8697828650474548","0.8697828650474548","2685","2685","2685"
"121999","0.972906231880188","0.972906231880188","0.972906231880188","2686","2686","2686"
"122049","0.8220396637916565","0.8220396637916565","0.8220396637916565","2687","2687","2687"
"122099","0.8222519159317017","0.8222519159317017","0.8222519159317017","2688","2688","2688"
"122149","1.0030734539031982","1.0030734539031982","1.0030734539031982","2689","2689","2689"
"122199","0.8173980712890625","0.8173980712890625","0.8173980712890625","2690","2690","2690"
"122249","0.8544266223907471","0.8544266223907471","0.8544266223907471","2691","2691","2691"
"122299","0.9076480269432068","0.9076480269432068","0.9076480269432068","2693","2693","2693"
"122349","0.8304212093353271","0.8304212093353271","0.8304212093353271","2694","2694","2694"
"122399","0.8962938189506531","0.8962938189506531","0.8962938189506531","2695","2695","2695"
"122449","0.7889049053192139","0.7889049053192139","0.7889049053192139","2696","2696","2696"
"122499","0.8390759825706482","0.8390759825706482","0.8390759825706482","2697","2697","2697"
"122549","0.8056490421295166","0.8056490421295166","0.8056490421295166","2698","2698","2698"
"122599","0.7998148202896118","0.7998148202896118","0.7998148202896118","2699","2699","2699"
"122649","0.8410078287124634","0.8410078287124634","0.8410078287124634","2700","2700","2700"
"122699","0.9991955757141113","0.9991955757141113","0.9991955757141113","2701","2701","2701"
"122749","0.873718798160553","0.873718798160553","0.873718798160553","2702","2702","2702"
"122799","0.8008694052696228","0.8008694052696228","0.8008694052696228","2704","2704","2704"
"122849","0.8299375772476196","0.8299375772476196","0.8299375772476196","2705","2705","2705"
"122899","0.9358415603637695","0.9358415603637695","0.9358415603637695","2706","2706","2706"
"122949","0.9685875177383423","0.9685875177383423","0.9685875177383423","2707","2707","2707"
"122999","0.8739044070243835","0.8739044070243835","0.8739044070243835","2708","2708","2708"
"123049","0.822702169418335","0.822702169418335","0.822702169418335","2709","2709","2709"
"123099","0.7535868883132935","0.7535868883132935","0.7535868883132935","2710","2710","2710"
"123149","0.7818192839622498","0.7818192839622498","0.7818192839622498","2711","2711","2711"
"123199","0.785849928855896","0.785849928855896","0.785849928855896","2712","2712","2712"
"123249","0.8236185312271118","0.8236185312271118","0.8236185312271118","2713","2713","2713"
"123299","0.9364643096923828","0.9364643096923828","0.9364643096923828","2715","2715","2715"
"123349","0.9108623266220093","0.9108623266220093","0.9108623266220093","2716","2716","2716"
"123399","0.8364965915679932","0.8364965915679932","0.8364965915679932","2717","2717","2717"
"123449","0.9804316759109497","0.9804316759109497","0.9804316759109497","2718","2718","2718"
"123499","0.8480852246284485","0.8480852246284485","0.8480852246284485","2719","2719","2719"
"123549","0.8420634269714355","0.8420634269714355","0.8420634269714355","2720","2720","2720"
"123599","0.8559595346450806","0.8559595346450806","0.8559595346450806","2721","2721","2721"
"123649","0.7979691624641418","0.7979691624641418","0.7979691624641418","2722","2722","2722"
"123699","0.7835848927497864","0.7835848927497864","0.7835848927497864","2723","2723","2723"
"123749","0.8795931935310364","0.8795931935310364","0.8795931935310364","2725","2725","2725"
"123799","0.9712169766426086","0.9712169766426086","0.9712169766426086","2726","2726","2726"
"123849","0.9973664879798889","0.9973664879798889","0.9973664879798889","2727","2727","2727"
"123899","0.8791454434394836","0.8791454434394836","0.8791454434394836","2728","2728","2728"
"123949","0.8932821154594421","0.8932821154594421","0.8932821154594421","2729","2729","2729"
"123999","0.855824887752533","0.855824887752533","0.855824887752533","2730","2730","2730"
"124049","0.8321800827980042","0.8321800827980042","0.8321800827980042","2731","2731","2731"
"124099","1.0883991718292236","1.0883991718292236","1.0883991718292236","2732","2732","2732"
"124149","0.7436881065368652","0.7436881065368652","0.7436881065368652","2733","2733","2733"
"124199","0.8100880980491638","0.8100880980491638","0.8100880980491638","2734","2734","2734"
"124249","0.6774168014526367","0.6774168014526367","0.6774168014526367","2736","2736","2736"
"124299","0.788642168045044","0.788642168045044","0.788642168045044","2737","2737","2737"
"124349","0.9171591401100159","0.9171591401100159","0.9171591401100159","2738","2738","2738"
"124399","0.7052286863327026","0.7052286863327026","0.7052286863327026","2739","2739","2739"
"124449","0.723405122756958","0.723405122756958","0.723405122756958","2740","2740","2740"
"124499","0.8002971410751343","0.8002971410751343","0.8002971410751343","2741","2741","2741"
"124549","0.7087666988372803","0.7087666988372803","0.7087666988372803","2742","2742","2742"
"124599","0.8135641813278198","0.8135641813278198","0.8135641813278198","2743","2743","2743"
"124649","0.8075002431869507","0.8075002431869507","0.8075002431869507","2744","2744","2744"
"124699","0.8173083662986755","0.8173083662986755","0.8173083662986755","2745","2745","2745"
"124749","0.7621298432350159","0.7621298432350159","0.7621298432350159","2747","2747","2747"
"124799","0.9919542074203491","0.9919542074203491","0.9919542074203491","2748","2748","2748"
"124849","0.7922120094299316","0.7922120094299316","0.7922120094299316","2749","2749","2749"
"124899","0.9280934929847717","0.9280934929847717","0.9280934929847717","2750","2750","2750"
"124949","0.8861777186393738","0.8861777186393738","0.8861777186393738","2751","2751","2751"
"124999","0.7342700958251953","0.7342700958251953","0.7342700958251953","2752","2752","2752"
"125049","0.7579765915870667","0.7579765915870667","0.7579765915870667","2753","2753","2753"
"125099","0.8026312589645386","0.8026312589645386","0.8026312589645386","2754","2754","2754"
"125149","0.6592655181884766","0.6592655181884766","0.6592655181884766","2755","2755","2755"
"125199","0.822253406047821","0.822253406047821","0.822253406047821","2756","2756","2756"
"125249","0.8696821928024292","0.8696821928024292","0.8696821928024292","2758","2758","2758"
"125299","0.8424375057220459","0.8424375057220459","0.8424375057220459","2759","2759","2759"
"125349","0.8251139521598816","0.8251139521598816","0.8251139521598816","2760","2760","2760"
"125399","0.9747934937477112","0.9747934937477112","0.9747934937477112","2761","2761","2761"
"125449","0.9033359289169312","0.9033359289169312","0.9033359289169312","2762","2762","2762"
"125499","0.7422321438789368","0.7422321438789368","0.7422321438789368","2763","2763","2763"
"125549","0.6820197701454163","0.6820197701454163","0.6820197701454163","2764","2764","2764"
"125599","0.9099509716033936","0.9099509716033936","0.9099509716033936","2765","2765","2765"
"125649","0.8466782569885254","0.8466782569885254","0.8466782569885254","2766","2766","2766"
"125699","0.7926746010780334","0.7926746010780334","0.7926746010780334","2767","2767","2767"
"125749","0.8976637721061707","0.8976637721061707","0.8976637721061707","2769","2769","2769"
"125799","0.9050368666648865","0.9050368666648865","0.9050368666648865","2770","2770","2770"
"125849","0.9718003273010254","0.9718003273010254","0.9718003273010254","2771","2771","2771"
"125899","0.815778374671936","0.815778374671936","0.815778374671936","2772","2772","2772"
"125949","0.7584558725357056","0.7584558725357056","0.7584558725357056","2773","2773","2773"
"125999","0.7070619463920593","0.7070619463920593","0.7070619463920593","2774","2774","2774"
"126049","0.8760008215904236","0.8760008215904236","0.8760008215904236","2775","2775","2775"
"126099","0.9633690714836121","0.9633690714836121","0.9633690714836121","2776","2776","2776"
"126149","0.7358493804931641","0.7358493804931641","0.7358493804931641","2777","2777","2777"
"126199","0.8445530533790588","0.8445530533790588","0.8445530533790588","2778","2778","2778"
"126249","0.8862241506576538","0.8862241506576538","0.8862241506576538","2780","2780","2780"
"126299","0.8766712546348572","0.8766712546348572","0.8766712546348572","2781","2781","2781"
"126349","0.7513605952262878","0.7513605952262878","0.7513605952262878","2782","2782","2782"
"126399","0.7918182015419006","0.7918182015419006","0.7918182015419006","2783","2783","2783"
"126449","0.9638124108314514","0.9638124108314514","0.9638124108314514","2784","2784","2784"
"126499","0.6972038745880127","0.6972038745880127","0.6972038745880127","2785","2785","2785"
"126549","0.8082209229469299","0.8082209229469299","0.8082209229469299","2786","2786","2786"
"126599","0.7598300576210022","0.7598300576210022","0.7598300576210022","2787","2787","2787"
"126649","0.8118184208869934","0.8118184208869934","0.8118184208869934","2788","2788","2788"
"126699","0.8366568684577942","0.8366568684577942","0.8366568684577942","2789","2789","2789"
"126749","0.9196130633354187","0.9196130633354187","0.9196130633354187","2791","2791","2791"
"126799","0.8682478070259094","0.8682478070259094","0.8682478070259094","2792","2792","2792"
"126849","0.7704006433486938","0.7704006433486938","0.7704006433486938","2793","2793","2793"
"126899","0.6391794085502625","0.6391794085502625","0.6391794085502625","2794","2794","2794"
"126949","0.8869189023971558","0.8869189023971558","0.8869189023971558","2795","2795","2795"
"126999","0.9138894081115723","0.9138894081115723","0.9138894081115723","2796","2796","2796"
"127049","0.7798801064491272","0.7798801064491272","0.7798801064491272","2797","2797","2797"
"127099","0.8293442726135254","0.8293442726135254","0.8293442726135254","2798","2798","2798"
"127149","0.7006810903549194","0.7006810903549194","0.7006810903549194","2799","2799","2799"
"127199","0.96583491563797","0.96583491563797","0.96583491563797","2801","2801","2801"
"127249","0.8320567607879639","0.8320567607879639","0.8320567607879639","2802","2802","2802"
"127299","1.0783100128173828","1.0783100128173828","1.0783100128173828","2803","2803","2803"
"127349","0.7359950542449951","0.7359950542449951","0.7359950542449951","2804","2804","2804"
"127399","0.8740766048431396","0.8740766048431396","0.8740766048431396","2805","2805","2805"
"127449","0.9706223011016846","0.9706223011016846","0.9706223011016846","2806","2806","2806"
"127499","0.7455241084098816","0.7455241084098816","0.7455241084098816","2807","2807","2807"
"127549","0.8263663053512573","0.8263663053512573","0.8263663053512573","2808","2808","2808"
"127599","0.9990807771682739","0.9990807771682739","0.9990807771682739","2809","2809","2809"
"127649","0.7714173197746277","0.7714173197746277","0.7714173197746277","2810","2810","2810"
"127699","0.679699718952179","0.679699718952179","0.679699718952179","2812","2812","2812"
"127749","0.9049132466316223","0.9049132466316223","0.9049132466316223","2813","2813","2813"
"127799","0.8427977561950684","0.8427977561950684","0.8427977561950684","2814","2814","2814"
"127849","0.835228681564331","0.835228681564331","0.835228681564331","2815","2815","2815"
"127899","0.9555265307426453","0.9555265307426453","0.9555265307426453","2816","2816","2816"
"127949","0.7722160220146179","0.7722160220146179","0.7722160220146179","2817","2817","2817"
"127999","0.9099685549736023","0.9099685549736023","0.9099685549736023","2818","2818","2818"
"128049","0.8024309277534485","0.8024309277534485","0.8024309277534485","2819","2819","2819"
"128099","0.811643660068512","0.811643660068512","0.811643660068512","2820","2820","2820"
"128149","1.0619535446166992","1.0619535446166992","1.0619535446166992","2821","2821","2821"
"128199","1.0746872425079346","1.0746872425079346","1.0746872425079346","2823","2823","2823"
"128249","0.7812965512275696","0.7812965512275696","0.7812965512275696","2824","2824","2824"
"128299","0.7232414484024048","0.7232414484024048","0.7232414484024048","2825","2825","2825"
"128349","0.8314496278762817","0.8314496278762817","0.8314496278762817","2826","2826","2826"
"128399","0.8205304741859436","0.8205304741859436","0.8205304741859436","2827","2827","2827"
"128449","0.788604199886322","0.788604199886322","0.788604199886322","2828","2828","2828"
"128499","0.881171703338623","0.881171703338623","0.881171703338623","2829","2829","2829"
"128549","0.7936136722564697","0.7936136722564697","0.7936136722564697","2830","2830","2830"
"128599","0.8581482172012329","0.8581482172012329","0.8581482172012329","2831","2831","2831"
"128649","0.9206071496009827","0.9206071496009827","0.9206071496009827","2832","2832","2832"
"128699","0.814465343952179","0.814465343952179","0.814465343952179","2834","2834","2834"
"128749","0.7816567420959473","0.7816567420959473","0.7816567420959473","2835","2835","2835"
"128799","0.9030810594558716","0.9030810594558716","0.9030810594558716","2836","2836","2836"
"128849","0.9229032397270203","0.9229032397270203","0.9229032397270203","2837","2837","2837"
"128899","0.8029013872146606","0.8029013872146606","0.8029013872146606","2838","2838","2838"
"128949","0.8933612704277039","0.8933612704277039","0.8933612704277039","2839","2839","2839"
"128999","0.8884816765785217","0.8884816765785217","0.8884816765785217","2840","2840","2840"
"129049","0.8532440066337585","0.8532440066337585","0.8532440066337585","2841","2841","2841"
"129099","1.0461817979812622","1.0461817979812622","1.0461817979812622","2842","2842","2842"
"129149","0.7538569569587708","0.7538569569587708","0.7538569569587708","2843","2843","2843"
"129199","0.8685372471809387","0.8685372471809387","0.8685372471809387","2845","2845","2845"
"129249","0.7208045125007629","0.7208045125007629","0.7208045125007629","2846","2846","2846"
"129299","0.8302882313728333","0.8302882313728333","0.8302882313728333","2847","2847","2847"
"129349","0.8501107692718506","0.8501107692718506","0.8501107692718506","2848","2848","2848"
"129399","0.7932401299476624","0.7932401299476624","0.7932401299476624","2849","2849","2849"
"129449","0.87739497423172","0.87739497423172","0.87739497423172","2850","2850","2850"
"129499","0.9349242448806763","0.9349242448806763","0.9349242448806763","2851","2851","2851"
"129549","0.9176596403121948","0.9176596403121948","0.9176596403121948","2852","2852","2852"
"129599","0.9201992750167847","0.9201992750167847","0.9201992750167847","2853","2853","2853"
"129649","0.8107525110244751","0.8107525110244751","0.8107525110244751","2854","2854","2854"
"129699","0.8103219270706177","0.8103219270706177","0.8103219270706177","2856","2856","2856"
"129749","0.9183865189552307","0.9183865189552307","0.9183865189552307","2857","2857","2857"
"129799","0.9688477516174316","0.9688477516174316","0.9688477516174316","2858","2858","2858"
"129849","0.8184141516685486","0.8184141516685486","0.8184141516685486","2859","2859","2859"
"129899","0.8917772769927979","0.8917772769927979","0.8917772769927979","2860","2860","2860"
"129949","0.9648323059082031","0.9648323059082031","0.9648323059082031","2861","2861","2861"
"129999","0.7664066553115845","0.7664066553115845","0.7664066553115845","2862","2862","2862"
"130049","0.9329810738563538","0.9329810738563538","0.9329810738563538","2863","2863","2863"
"130099","0.7591977119445801","0.7591977119445801","0.7591977119445801","2864","2864","2864"
"130149","0.93964022397995","0.93964022397995","0.93964022397995","2865","2865","2865"
"130199","0.767249584197998","0.767249584197998","0.767249584197998","2867","2867","2867"
"130249","0.9106529355049133","0.9106529355049133","0.9106529355049133","2868","2868","2868"
"130299","0.8599905967712402","0.8599905967712402","0.8599905967712402","2869","2869","2869"
"130349","0.8403416872024536","0.8403416872024536","0.8403416872024536","2870","2870","2870"
"130399","0.8621343970298767","0.8621343970298767","0.8621343970298767","2871","2871","2871"
"130449","0.9096131920814514","0.9096131920814514","0.9096131920814514","2872","2872","2872"
"130499","0.8725427389144897","0.8725427389144897","0.8725427389144897","2873","2873","2873"
"130549","0.881678581237793","0.881678581237793","0.881678581237793","2874","2874","2874"
"130599","0.9502894282341003","0.9502894282341003","0.9502894282341003","2875","2875","2875"
"130649","0.8971116542816162","0.8971116542816162","0.8971116542816162","2877","2877","2877"
"130699","0.8915699124336243","0.8915699124336243","0.8915699124336243","2878","2878","2878"
"130749","1.0002849102020264","1.0002849102020264","1.0002849102020264","2879","2879","2879"
"130799","0.838296115398407","0.838296115398407","0.838296115398407","2880","2880","2880"
"130849","0.8635448813438416","0.8635448813438416","0.8635448813438416","2881","2881","2881"
"130899","0.9392854571342468","0.9392854571342468","0.9392854571342468","2882","2882","2882"
"130949","0.8167555332183838","0.8167555332183838","0.8167555332183838","2883","2883","2883"
"130999","0.7552381157875061","0.7552381157875061","0.7552381157875061","2884","2884","2884"
"131049","0.6207529306411743","0.6207529306411743","0.6207529306411743","2885","2885","2885"
"131099","0.9318572878837585","0.9318572878837585","0.9318572878837585","2886","2886","2886"
"131149","0.750859260559082","0.750859260559082","0.750859260559082","2888","2888","2888"
"131199","0.8503000736236572","0.8503000736236572","0.8503000736236572","2889","2889","2889"
"131249","0.9258103370666504","0.9258103370666504","0.9258103370666504","2890","2890","2890"
"131299","0.8574187755584717","0.8574187755584717","0.8574187755584717","2891","2891","2891"
"131349","1.006211280822754","1.006211280822754","1.006211280822754","2892","2892","2892"
"131399","0.8663958311080933","0.8663958311080933","0.8663958311080933","2893","2893","2893"
"131449","0.7265909910202026","0.7265909910202026","0.7265909910202026","2894","2894","2894"
"131499","0.806223452091217","0.806223452091217","0.806223452091217","2895","2895","2895"
"131549","0.7547030448913574","0.7547030448913574","0.7547030448913574","2896","2896","2896"
"131599","0.8957923054695129","0.8957923054695129","0.8957923054695129","2897","2897","2897"
"131649","1.0102921724319458","1.0102921724319458","1.0102921724319458","2899","2899","2899"
"131699","0.8638026118278503","0.8638026118278503","0.8638026118278503","2900","2900","2900"
"131749","0.8521974086761475","0.8521974086761475","0.8521974086761475","2901","2901","2901"
"131799","0.9001901745796204","0.9001901745796204","0.9001901745796204","2902","2902","2902"
"131849","0.7887805104255676","0.7887805104255676","0.7887805104255676","2903","2903","2903"
"131899","0.9087663292884827","0.9087663292884827","0.9087663292884827","2904","2904","2904"
"131949","0.8779133558273315","0.8779133558273315","0.8779133558273315","2905","2905","2905"
"131999","0.8184888958930969","0.8184888958930969","0.8184888958930969","2906","2906","2906"
"132049","0.7864145636558533","0.7864145636558533","0.7864145636558533","2907","2907","2907"
"132099","0.9133545756340027","0.9133545756340027","0.9133545756340027","2908","2908","2908"
"132149","0.7376959323883057","0.7376959323883057","0.7376959323883057","2910","2910","2910"
"132199","0.652470052242279","0.652470052242279","0.652470052242279","2911","2911","2911"
"132249","0.9319509267807007","0.9319509267807007","0.9319509267807007","2912","2912","2912"
"132299","0.7899461984634399","0.7899461984634399","0.7899461984634399","2913","2913","2913"
"132349","0.7450587153434753","0.7450587153434753","0.7450587153434753","2914","2914","2914"
"132399","0.8183742165565491","0.8183742165565491","0.8183742165565491","2915","2915","2915"
"132449","0.8205207586288452","0.8205207586288452","0.8205207586288452","2916","2916","2916"
"132499","0.8858928084373474","0.8858928084373474","0.8858928084373474","2917","2917","2917"
"132549","0.7651365399360657","0.7651365399360657","0.7651365399360657","2918","2918","2918"
"132599","0.8065788149833679","0.8065788149833679","0.8065788149833679","2919","2919","2919"
"132649","0.8141108751296997","0.8141108751296997","0.8141108751296997","2921","2921","2921"
"132699","0.6914647221565247","0.6914647221565247","0.6914647221565247","2922","2922","2922"
"132749","0.8954167366027832","0.8954167366027832","0.8954167366027832","2923","2923","2923"
"132799","0.9054072499275208","0.9054072499275208","0.9054072499275208","2924","2924","2924"
"132849","1.0113662481307983","1.0113662481307983","1.0113662481307983","2925","2925","2925"
"132899","0.8608361482620239","0.8608361482620239","0.8608361482620239","2926","2926","2926"
"132949","0.8123928308486938","0.8123928308486938","0.8123928308486938","2927","2927","2927"
"132999","0.8623722791671753","0.8623722791671753","0.8623722791671753","2928","2928","2928"
"133049","0.9952324032783508","0.9952324032783508","0.9952324032783508","2929","2929","2929"
"133099","0.940830409526825","0.940830409526825","0.940830409526825","2930","2930","2930"
"133149","0.8956753611564636","0.8956753611564636","0.8956753611564636","2932","2932","2932"
"133199","0.9234129190444946","0.9234129190444946","0.9234129190444946","2933","2933","2933"
"133249","0.8178369998931885","0.8178369998931885","0.8178369998931885","2934","2934","2934"
"133299","0.9005448222160339","0.9005448222160339","0.9005448222160339","2935","2935","2935"
"133349","0.7827935814857483","0.7827935814857483","0.7827935814857483","2936","2936","2936"
"133399","0.6479812860488892","0.6479812860488892","0.6479812860488892","2937","2937","2937"
"133449","0.8198960423469543","0.8198960423469543","0.8198960423469543","2938","2938","2938"
"133499","0.860255241394043","0.860255241394043","0.860255241394043","2939","2939","2939"
"133549","0.8762553930282593","0.8762553930282593","0.8762553930282593","2940","2940","2940"
"133599","0.9247022271156311","0.9247022271156311","0.9247022271156311","2941","2941","2941"
"133649","0.8809431195259094","0.8809431195259094","0.8809431195259094","2943","2943","2943"
"133699","0.8036159873008728","0.8036159873008728","0.8036159873008728","2944","2944","2944"
"133749","0.817898690700531","0.817898690700531","0.817898690700531","2945","2945","2945"
"133799","1.0772454738616943","1.0772454738616943","1.0772454738616943","2946","2946","2946"
"133849","0.7858932614326477","0.7858932614326477","0.7858932614326477","2947","2947","2947"
"133899","0.803152322769165","0.803152322769165","0.803152322769165","2948","2948","2948"
"133949","0.8259875774383545","0.8259875774383545","0.8259875774383545","2949","2949","2949"
"133999","0.869475781917572","0.869475781917572","0.869475781917572","2950","2950","2950"
"134049","0.9488332271575928","0.9488332271575928","0.9488332271575928","2951","2951","2951"
"134099","0.6480829119682312","0.6480829119682312","0.6480829119682312","2953","2953","2953"
"134149","0.9000964164733887","0.9000964164733887","0.9000964164733887","2954","2954","2954"
"134199","0.9335575699806213","0.9335575699806213","0.9335575699806213","2955","2955","2955"
"134249","0.7894607186317444","0.7894607186317444","0.7894607186317444","2956","2956","2956"
"134299","0.7482383847236633","0.7482383847236633","0.7482383847236633","2957","2957","2957"
"134349","0.9927018880844116","0.9927018880844116","0.9927018880844116","2958","2958","2958"
"134399","0.8530601263046265","0.8530601263046265","0.8530601263046265","2959","2959","2959"
"134449","0.9133198261260986","0.9133198261260986","0.9133198261260986","2960","2960","2960"
"134499","1.0234183073043823","1.0234183073043823","1.0234183073043823","2961","2961","2961"
"134549","0.7840643525123596","0.7840643525123596","0.7840643525123596","2962","2962","2962"
"134599","0.7168452739715576","0.7168452739715576","0.7168452739715576","2964","2964","2964"
"134649","0.8976619839668274","0.8976619839668274","0.8976619839668274","2965","2965","2965"
"134699","0.6440607905387878","0.6440607905387878","0.6440607905387878","2966","2966","2966"
"134749","0.8718681335449219","0.8718681335449219","0.8718681335449219","2967","2967","2967"
"134799","0.8112483620643616","0.8112483620643616","0.8112483620643616","2968","2968","2968"
"134849","0.8630445003509521","0.8630445003509521","0.8630445003509521","2969","2969","2969"
"134899","0.8263362050056458","0.8263362050056458","0.8263362050056458","2970","2970","2970"
"134949","0.762488842010498","0.762488842010498","0.762488842010498","2971","2971","2971"
"134999","0.7379533648490906","0.7379533648490906","0.7379533648490906","2972","2972","2972"
"135049","0.6947196125984192","0.6947196125984192","0.6947196125984192","2973","2973","2973"
"135099","0.9176852107048035","0.9176852107048035","0.9176852107048035","2975","2975","2975"
"135149","0.8709585070610046","0.8709585070610046","0.8709585070610046","2976","2976","2976"
"135199","0.8861446380615234","0.8861446380615234","0.8861446380615234","2977","2977","2977"
"135249","0.8120203614234924","0.8120203614234924","0.8120203614234924","2978","2978","2978"
"135299","0.7650136947631836","0.7650136947631836","0.7650136947631836","2979","2979","2979"
"135349","0.8852845430374146","0.8852845430374146","0.8852845430374146","2980","2980","2980"
"135399","0.8067695498466492","0.8067695498466492","0.8067695498466492","2981","2981","2981"
"135449","0.8919020891189575","0.8919020891189575","0.8919020891189575","2982","2982","2982"
"135499","0.8053433299064636","0.8053433299064636","0.8053433299064636","2983","2983","2983"
"135549","0.9570633172988892","0.9570633172988892","0.9570633172988892","2984","2984","2984"
"135599","0.9425066113471985","0.9425066113471985","0.9425066113471985","2986","2986","2986"
"135649","0.7754364013671875","0.7754364013671875","0.7754364013671875","2987","2987","2987"
"135699","0.9139158725738525","0.9139158725738525","0.9139158725738525","2988","2988","2988"
"135749","0.8224876523017883","0.8224876523017883","0.8224876523017883","2989","2989","2989"
"135799","0.7051771879196167","0.7051771879196167","0.7051771879196167","2990","2990","2990"
"135849","0.8737941384315491","0.8737941384315491","0.8737941384315491","2991","2991","2991"
"135899","0.8047022223472595","0.8047022223472595","0.8047022223472595","2992","2992","2992"
"135949","0.8517491817474365","0.8517491817474365","0.8517491817474365","2993","2993","2993"
"135999","0.9948393702507019","0.9948393702507019","0.9948393702507019","2994","2994","2994"
"136049","0.8470332622528076","0.8470332622528076","0.8470332622528076","2995","2995","2995"
"136099","0.8174123167991638","0.8174123167991638","0.8174123167991638","2997","2997","2997"
"136149","0.8366554379463196","0.8366554379463196","0.8366554379463196","2998","2998","2998"
"136199","0.8728052973747253","0.8728052973747253","0.8728052973747253","2999","2999","2999"
"136249","0.8684638142585754","0.8684638142585754","0.8684638142585754","3000","3000","3000"
"136299","0.7472288012504578","0.7472288012504578","0.7472288012504578","3001","3001","3001"
"136349","0.9523765444755554","0.9523765444755554","0.9523765444755554","3002","3002","3002"
"136399","0.815489649772644","0.815489649772644","0.815489649772644","3003","3003","3003"
"136449","0.8735679984092712","0.8735679984092712","0.8735679984092712","3004","3004","3004"
"136499","0.7507290840148926","0.7507290840148926","0.7507290840148926","3005","3005","3005"
"136549","0.7991445660591125","0.7991445660591125","0.7991445660591125","3006","3006","3006"
"136599","0.7425279021263123","0.7425279021263123","0.7425279021263123","3008","3008","3008"
"136649","0.9138913154602051","0.9138913154602051","0.9138913154602051","3009","3009","3009"
"136699","0.788631021976471","0.788631021976471","0.788631021976471","3010","3010","3010"
"136749","0.9736596941947937","0.9736596941947937","0.9736596941947937","3011","3011","3011"
"136799","0.9823749661445618","0.9823749661445618","0.9823749661445618","3012","3012","3012"
"136849","0.9977113604545593","0.9977113604545593","0.9977113604545593","3013","3013","3013"
"136899","0.9658063650131226","0.9658063650131226","0.9658063650131226","3014","3014","3014"
"136949","0.6399723291397095","0.6399723291397095","0.6399723291397095","3015","3015","3015"
"136999","0.8691385984420776","0.8691385984420776","0.8691385984420776","3016","3016","3016"
"137049","0.779909610748291","0.779909610748291","0.779909610748291","3017","3017","3017"
"137099","0.7874566912651062","0.7874566912651062","0.7874566912651062","3019","3019","3019"
"137149","0.7619960904121399","0.7619960904121399","0.7619960904121399","3020","3020","3020"
"137199","0.733315646648407","0.733315646648407","0.733315646648407","3021","3021","3021"
"137249","0.9068917036056519","0.9068917036056519","0.9068917036056519","3022","3022","3022"
"137299","0.8200706839561462","0.8200706839561462","0.8200706839561462","3023","3023","3023"
"137349","0.9414839744567871","0.9414839744567871","0.9414839744567871","3024","3024","3024"
"137399","0.7906004190444946","0.7906004190444946","0.7906004190444946","3025","3025","3025"
"137449","0.8009740114212036","0.8009740114212036","0.8009740114212036","3026","3026","3026"
"137499","0.7847188711166382","0.7847188711166382","0.7847188711166382","3027","3027","3027"
"137549","0.8989429473876953","0.8989429473876953","0.8989429473876953","3029","3029","3029"
"137599","0.7655006051063538","0.7655006051063538","0.7655006051063538","3030","3030","3030"
"137649","0.807269811630249","0.807269811630249","0.807269811630249","3031","3031","3031"
"137699","0.9590944051742554","0.9590944051742554","0.9590944051742554","3032","3032","3032"
"137749","0.6927428245544434","0.6927428245544434","0.6927428245544434","3033","3033","3033"
"137799","0.695643424987793","0.695643424987793","0.695643424987793","3034","3034","3034"
"137849","0.8970062732696533","0.8970062732696533","0.8970062732696533","3035","3035","3035"
"137899","1.0205378532409668","1.0205378532409668","1.0205378532409668","3036","3036","3036"
"137949","0.7613080143928528","0.7613080143928528","0.7613080143928528","3037","3037","3037"
"137999","0.7338864207267761","0.7338864207267761","0.7338864207267761","3038","3038","3038"
"138049","0.837245523929596","0.837245523929596","0.837245523929596","3040","3040","3040"
"138099","0.7736974954605103","0.7736974954605103","0.7736974954605103","3041","3041","3041"
"138149","0.8315218687057495","0.8315218687057495","0.8315218687057495","3042","3042","3042"
"138199","0.8997652530670166","0.8997652530670166","0.8997652530670166","3043","3043","3043"
"138249","0.7202928066253662","0.7202928066253662","0.7202928066253662","3044","3044","3044"
"138299","0.9417752623558044","0.9417752623558044","0.9417752623558044","3045","3045","3045"
"138349","0.7545411586761475","0.7545411586761475","0.7545411586761475","3046","3046","3046"
"138399","0.8446832895278931","0.8446832895278931","0.8446832895278931","3047","3047","3047"
"138449","0.780785858631134","0.780785858631134","0.780785858631134","3048","3048","3048"
"138499","0.8652031421661377","0.8652031421661377","0.8652031421661377","3049","3049","3049"
"138549","0.9655700325965881","0.9655700325965881","0.9655700325965881","3051","3051","3051"
"138599","0.8868864178657532","0.8868864178657532","0.8868864178657532","3052","3052","3052"
"138649","0.7020576596260071","0.7020576596260071","0.7020576596260071","3053","3053","3053"
"138699","0.7315080761909485","0.7315080761909485","0.7315080761909485","3054","3054","3054"
"138749","0.7123141288757324","0.7123141288757324","0.7123141288757324","3055","3055","3055"
"138799","0.9149205088615417","0.9149205088615417","0.9149205088615417","3056","3056","3056"
"138849","0.7406567931175232","0.7406567931175232","0.7406567931175232","3057","3057","3057"
"138899","0.8214405179023743","0.8214405179023743","0.8214405179023743","3058","3058","3058"
"138949","0.8443428874015808","0.8443428874015808","0.8443428874015808","3059","3059","3059"
"138999","0.8685256838798523","0.8685256838798523","0.8685256838798523","3060","3060","3060"
"139049","0.8792694807052612","0.8792694807052612","0.8792694807052612","3062","3062","3062"
"139099","0.8153820633888245","0.8153820633888245","0.8153820633888245","3063","3063","3063"
"139149","0.823635995388031","0.823635995388031","0.823635995388031","3064","3064","3064"
"139199","0.8660793304443359","0.8660793304443359","0.8660793304443359","3065","3065","3065"
"139249","0.7683701515197754","0.7683701515197754","0.7683701515197754","3066","3066","3066"
"139299","0.7682917714118958","0.7682917714118958","0.7682917714118958","3067","3067","3067"
"139349","1.0090290307998657","1.0090290307998657","1.0090290307998657","3068","3068","3068"
"139399","0.8778271675109863","0.8778271675109863","0.8778271675109863","3069","3069","3069"
"139449","0.7770071625709534","0.7770071625709534","0.7770071625709534","3070","3070","3070"
"139499","0.7947207093238831","0.7947207093238831","0.7947207093238831","3071","3071","3071"
"139549","1.0049656629562378","1.0049656629562378","1.0049656629562378","3073","3073","3073"
"139599","0.8851776719093323","0.8851776719093323","0.8851776719093323","3074","3074","3074"
"139649","0.8336349725723267","0.8336349725723267","0.8336349725723267","3075","3075","3075"
"139699","0.7972203493118286","0.7972203493118286","0.7972203493118286","3076","3076","3076"
"139749","0.702630341053009","0.702630341053009","0.702630341053009","3077","3077","3077"
"139799","0.7906472682952881","0.7906472682952881","0.7906472682952881","3078","3078","3078"
"139849","0.7660393118858337","0.7660393118858337","0.7660393118858337","3079","3079","3079"
"139899","0.7139817476272583","0.7139817476272583","0.7139817476272583","3080","3080","3080"
"139949","0.9715248942375183","0.9715248942375183","0.9715248942375183","3081","3081","3081"
"139999","0.8368708491325378","0.8368708491325378","0.8368708491325378","3082","3082","3082"
"140049","0.8669952750205994","0.8669952750205994","0.8669952750205994","3084","3084","3084"
"140099","0.9508567452430725","0.9508567452430725","0.9508567452430725","3085","3085","3085"
"140149","0.9309409260749817","0.9309409260749817","0.9309409260749817","3086","3086","3086"
"140199","0.7966875433921814","0.7966875433921814","0.7966875433921814","3087","3087","3087"
"140249","0.7890744209289551","0.7890744209289551","0.7890744209289551","3088","3088","3088"
"140299","0.8772623538970947","0.8772623538970947","0.8772623538970947","3089","3089","3089"
"140349","0.8175792098045349","0.8175792098045349","0.8175792098045349","3090","3090","3090"
"140399","0.9503089189529419","0.9503089189529419","0.9503089189529419","3091","3091","3091"
"140449","0.7930704951286316","0.7930704951286316","0.7930704951286316","3092","3092","3092"
"140499","0.915564239025116","0.915564239025116","0.915564239025116","3093","3093","3093"
"140549","0.8441742658615112","0.8441742658615112","0.8441742658615112","3095","3095","3095"
"140599","0.7415677309036255","0.7415677309036255","0.7415677309036255","3096","3096","3096"
"140649","0.8625361323356628","0.8625361323356628","0.8625361323356628","3097","3097","3097"
"140699","0.7908135056495667","0.7908135056495667","0.7908135056495667","3098","3098","3098"
"140749","0.732872724533081","0.732872724533081","0.732872724533081","3099","3099","3099"
"140799","0.8160395622253418","0.8160395622253418","0.8160395622253418","3100","3100","3100"
"140849","0.7617049813270569","0.7617049813270569","0.7617049813270569","3101","3101","3101"
"140899","0.6321708559989929","0.6321708559989929","0.6321708559989929","3102","3102","3102"
"140949","0.8058761358261108","0.8058761358261108","0.8058761358261108","3103","3103","3103"
"140999","0.9014677405357361","0.9014677405357361","0.9014677405357361","3105","3105","3105"
"141049","0.8102344870567322","0.8102344870567322","0.8102344870567322","3106","3106","3106"
"141099","0.9855779409408569","0.9855779409408569","0.9855779409408569","3107","3107","3107"
"141149","0.772279679775238","0.772279679775238","0.772279679775238","3108","3108","3108"
"141199","0.9431379437446594","0.9431379437446594","0.9431379437446594","3109","3109","3109"
"141249","0.7356378436088562","0.7356378436088562","0.7356378436088562","3110","3110","3110"
"141299","0.787433922290802","0.787433922290802","0.787433922290802","3111","3111","3111"
"141349","0.7799519300460815","0.7799519300460815","0.7799519300460815","3112","3112","3112"
"141399","0.7781499028205872","0.7781499028205872","0.7781499028205872","3113","3113","3113"
"141449","0.8826479911804199","0.8826479911804199","0.8826479911804199","3114","3114","3114"
"141499","0.8048546314239502","0.8048546314239502","0.8048546314239502","3116","3116","3116"
"141549","0.7580673098564148","0.7580673098564148","0.7580673098564148","3117","3117","3117"
"141599","0.7678739428520203","0.7678739428520203","0.7678739428520203","3118","3118","3118"
"141649","0.6322066783905029","0.6322066783905029","0.6322066783905029","3119","3119","3119"
"141699","0.8569576144218445","0.8569576144218445","0.8569576144218445","3120","3120","3120"
"141749","0.9468754529953003","0.9468754529953003","0.9468754529953003","3121","3121","3121"
"141799","0.8750067949295044","0.8750067949295044","0.8750067949295044","3122","3122","3122"
"141849","0.7655411958694458","0.7655411958694458","0.7655411958694458","3123","3123","3123"
"141899","0.8556755781173706","0.8556755781173706","0.8556755781173706","3124","3124","3124"
"141949","0.9205893278121948","0.9205893278121948","0.9205893278121948","3125","3125","3125"
"141999","0.8514893054962158","0.8514893054962158","0.8514893054962158","3127","3127","3127"
"142049","0.8827826976776123","0.8827826976776123","0.8827826976776123","3128","3128","3128"
"142099","0.8260170221328735","0.8260170221328735","0.8260170221328735","3129","3129","3129"
"142149","0.9271057844161987","0.9271057844161987","0.9271057844161987","3130","3130","3130"
"142199","0.7483164668083191","0.7483164668083191","0.7483164668083191","3131","3131","3131"
"142249","0.7727797627449036","0.7727797627449036","0.7727797627449036","3132","3132","3132"
"142299","0.9081611633300781","0.9081611633300781","0.9081611633300781","3133","3133","3133"
"142349","0.8058266639709473","0.8058266639709473","0.8058266639709473","3134","3134","3134"
"142399","0.8418406248092651","0.8418406248092651","0.8418406248092651","3135","3135","3135"
"142449","0.777241587638855","0.777241587638855","0.777241587638855","3136","3136","3136"
"142499","0.8877245783805847","0.8877245783805847","0.8877245783805847","3138","3138","3138"
"142549","0.7364334464073181","0.7364334464073181","0.7364334464073181","3139","3139","3139"
"142599","0.8395465612411499","0.8395465612411499","0.8395465612411499","3140","3140","3140"
"142649","0.8487952947616577","0.8487952947616577","0.8487952947616577","3141","3141","3141"
"142699","0.8365675210952759","0.8365675210952759","0.8365675210952759","3142","3142","3142"
"142749","0.7675771713256836","0.7675771713256836","0.7675771713256836","3143","3143","3143"
"142799","0.837300181388855","0.837300181388855","0.837300181388855","3144","3144","3144"
"142849","0.9405308961868286","0.9405308961868286","0.9405308961868286","3145","3145","3145"
"142899","0.8756555914878845","0.8756555914878845","0.8756555914878845","3146","3146","3146"
"142949","0.9653037786483765","0.9653037786483765","0.9653037786483765","3147","3147","3147"
"142999","0.8696817755699158","0.8696817755699158","0.8696817755699158","3149","3149","3149"
"143049","0.6778154373168945","0.6778154373168945","0.6778154373168945","3150","3150","3150"
"143099","0.9101855754852295","0.9101855754852295","0.9101855754852295","3151","3151","3151"
"143149","0.7330071926116943","0.7330071926116943","0.7330071926116943","3152","3152","3152"
"143199","0.9044626951217651","0.9044626951217651","0.9044626951217651","3153","3153","3153"
"143249","0.7634716033935547","0.7634716033935547","0.7634716033935547","3154","3154","3154"
"143299","0.9260508418083191","0.9260508418083191","0.9260508418083191","3155","3155","3155"
"143349","0.9545978307723999","0.9545978307723999","0.9545978307723999","3156","3156","3156"
"143399","0.7450793385505676","0.7450793385505676","0.7450793385505676","3157","3157","3157"
"143449","0.7848912477493286","0.7848912477493286","0.7848912477493286","3158","3158","3158"
"143499","0.8224611282348633","0.8224611282348633","0.8224611282348633","3160","3160","3160"
"143549","0.9564724564552307","0.9564724564552307","0.9564724564552307","3161","3161","3161"
"143599","0.8231338262557983","0.8231338262557983","0.8231338262557983","3162","3162","3162"
"143649","0.6775957942008972","0.6775957942008972","0.6775957942008972","3163","3163","3163"
"143699","0.8988350629806519","0.8988350629806519","0.8988350629806519","3164","3164","3164"
"143749","0.8865824937820435","0.8865824937820435","0.8865824937820435","3165","3165","3165"
"143799","0.8651611804962158","0.8651611804962158","0.8651611804962158","3166","3166","3166"
"143849","0.7869671583175659","0.7869671583175659","0.7869671583175659","3167","3167","3167"
"143899","0.9970372319221497","0.9970372319221497","0.9970372319221497","3168","3168","3168"
"143949","0.7703456282615662","0.7703456282615662","0.7703456282615662","3169","3169","3169"
"143999","0.8896129727363586","0.8896129727363586","0.8896129727363586","3171","3171","3171"
"144049","0.9804522395133972","0.9804522395133972","0.9804522395133972","3172","3172","3172"
"144099","0.7339223623275757","0.7339223623275757","0.7339223623275757","3173","3173","3173"
"144149","0.8759432435035706","0.8759432435035706","0.8759432435035706","3174","3174","3174"
"144199","0.7243419885635376","0.7243419885635376","0.7243419885635376","3175","3175","3175"
"144249","0.845947265625","0.845947265625","0.845947265625","3176","3176","3176"
"144299","0.8371087312698364","0.8371087312698364","0.8371087312698364","3177","3177","3177"
"144349","0.7789333462715149","0.7789333462715149","0.7789333462715149","3178","3178","3178"
"144399","0.8740925788879395","0.8740925788879395","0.8740925788879395","3179","3179","3179"
"144449","0.7172316908836365","0.7172316908836365","0.7172316908836365","3181","3181","3181"
"144499","0.8892048001289368","0.8892048001289368","0.8892048001289368","3182","3182","3182"
"144549","0.7874686121940613","0.7874686121940613","0.7874686121940613","3183","3183","3183"
"144599","0.7823353409767151","0.7823353409767151","0.7823353409767151","3184","3184","3184"
"144649","0.8240066170692444","0.8240066170692444","0.8240066170692444","3185","3185","3185"
"144699","0.8397008776664734","0.8397008776664734","0.8397008776664734","3186","3186","3186"
"144749","0.7201696038246155","0.7201696038246155","0.7201696038246155","3187","3187","3187"
"144799","0.758386492729187","0.758386492729187","0.758386492729187","3188","3188","3188"
"144849","0.7674747109413147","0.7674747109413147","0.7674747109413147","3189","3189","3189"
"144899","0.8093801140785217","0.8093801140785217","0.8093801140785217","3190","3190","3190"
"144949","0.8900124430656433","0.8900124430656433","0.8900124430656433","3192","3192","3192"
"144999","0.7958143949508667","0.7958143949508667","0.7958143949508667","3193","3193","3193"
"145049","0.7946709990501404","0.7946709990501404","0.7946709990501404","3194","3194","3194"
"145099","0.8165009021759033","0.8165009021759033","0.8165009021759033","3195","3195","3195"
"145149","0.7928613424301147","0.7928613424301147","0.7928613424301147","3196","3196","3196"
"145199","0.8662254214286804","0.8662254214286804","0.8662254214286804","3197","3197","3197"
"145249","0.8021207451820374","0.8021207451820374","0.8021207451820374","3198","3198","3198"
"145299","0.7174546718597412","0.7174546718597412","0.7174546718597412","3199","3199","3199"
"145349","0.8713013529777527","0.8713013529777527","0.8713013529777527","3200","3200","3200"
"145399","0.8337799310684204","0.8337799310684204","0.8337799310684204","3201","3201","3201"
"145449","0.7876458764076233","0.7876458764076233","0.7876458764076233","3203","3203","3203"
"145499","0.7732418179512024","0.7732418179512024","0.7732418179512024","3204","3204","3204"
"145549","0.8935272097587585","0.8935272097587585","0.8935272097587585","3205","3205","3205"
"145599","0.7580846548080444","0.7580846548080444","0.7580846548080444","3206","3206","3206"
"145649","0.9014207720756531","0.9014207720756531","0.9014207720756531","3207","3207","3207"
"145699","0.9112134575843811","0.9112134575843811","0.9112134575843811","3208","3208","3208"
"145749","0.8466540575027466","0.8466540575027466","0.8466540575027466","3209","3209","3209"
"145799","0.9182079434394836","0.9182079434394836","0.9182079434394836","3210","3210","3210"
"145849","0.8221449851989746","0.8221449851989746","0.8221449851989746","3211","3211","3211"
"145899","0.972428560256958","0.972428560256958","0.972428560256958","3212","3212","3212"
"145949","0.8967011570930481","0.8967011570930481","0.8967011570930481","3214","3214","3214"
"145999","0.8929982781410217","0.8929982781410217","0.8929982781410217","3215","3215","3215"
"146049","0.845344066619873","0.845344066619873","0.845344066619873","3216","3216","3216"
"146099","0.9319688081741333","0.9319688081741333","0.9319688081741333","3217","3217","3217"
"146149","0.7893951535224915","0.7893951535224915","0.7893951535224915","3218","3218","3218"
"146199","0.9780041575431824","0.9780041575431824","0.9780041575431824","3219","3219","3219"
"146249","0.795825183391571","0.795825183391571","0.795825183391571","3220","3220","3220"
"146299","0.7953324913978577","0.7953324913978577","0.7953324913978577","3221","3221","3221"
"146349","0.8850880265235901","0.8850880265235901","0.8850880265235901","3222","3222","3222"
"146399","0.8346083164215088","0.8346083164215088","0.8346083164215088","3223","3223","3223"
"146449","0.85274338722229","0.85274338722229","0.85274338722229","3225","3225","3225"
"146499","0.8257742524147034","0.8257742524147034","0.8257742524147034","3226","3226","3226"
"146549","0.7775138020515442","0.7775138020515442","0.7775138020515442","3227","3227","3227"
"146599","0.9935771226882935","0.9935771226882935","0.9935771226882935","3228","3228","3228"
"146649","0.7098774909973145","0.7098774909973145","0.7098774909973145","3229","3229","3229"
"146699","0.7432606816291809","0.7432606816291809","0.7432606816291809","3230","3230","3230"
"146749","0.8605523109436035","0.8605523109436035","0.8605523109436035","3231","3231","3231"
"146799","0.9028132557868958","0.9028132557868958","0.9028132557868958","3232","3232","3232"
"146849","0.8868604898452759","0.8868604898452759","0.8868604898452759","3233","3233","3233"
"146899","0.8430378437042236","0.8430378437042236","0.8430378437042236","3234","3234","3234"
"146949","0.9273611903190613","0.9273611903190613","0.9273611903190613","3236","3236","3236"
"146999","0.8495290279388428","0.8495290279388428","0.8495290279388428","3237","3237","3237"
"147049","0.8306022882461548","0.8306022882461548","0.8306022882461548","3238","3238","3238"
"147099","0.7653041481971741","0.7653041481971741","0.7653041481971741","3239","3239","3239"
"147149","0.9084598422050476","0.9084598422050476","0.9084598422050476","3240","3240","3240"
"147199","0.8227031826972961","0.8227031826972961","0.8227031826972961","3241","3241","3241"
"147249","0.8856991529464722","0.8856991529464722","0.8856991529464722","3242","3242","3242"
"147299","0.8329982161521912","0.8329982161521912","0.8329982161521912","3243","3243","3243"
"147349","0.8847471475601196","0.8847471475601196","0.8847471475601196","3244","3244","3244"
"147399","0.7127196788787842","0.7127196788787842","0.7127196788787842","3245","3245","3245"
"147449","0.823173999786377","0.823173999786377","0.823173999786377","3247","3247","3247"
"147499","0.8008835911750793","0.8008835911750793","0.8008835911750793","3248","3248","3248"
"147549","0.7871707677841187","0.7871707677841187","0.7871707677841187","3249","3249","3249"
"147599","0.9029608964920044","0.9029608964920044","0.9029608964920044","3250","3250","3250"
"147649","0.9875696897506714","0.9875696897506714","0.9875696897506714","3251","3251","3251"
"147699","0.9378374218940735","0.9378374218940735","0.9378374218940735","3252","3252","3252"
"147749","0.972074568271637","0.972074568271637","0.972074568271637","3253","3253","3253"
"147799","0.7903596758842468","0.7903596758842468","0.7903596758842468","3254","3254","3254"
"147849","0.8835055232048035","0.8835055232048035","0.8835055232048035","3255","3255","3255"
"147899","0.8527698516845703","0.8527698516845703","0.8527698516845703","3256","3256","3256"
"147949","0.808401882648468","0.808401882648468","0.808401882648468","3258","3258","3258"
"147999","0.8952749967575073","0.8952749967575073","0.8952749967575073","3259","3259","3259"
"148049","0.9588465094566345","0.9588465094566345","0.9588465094566345","3260","3260","3260"
"148099","0.6847093105316162","0.6847093105316162","0.6847093105316162","3261","3261","3261"
"148149","0.9745412468910217","0.9745412468910217","0.9745412468910217","3262","3262","3262"
"148199","0.8357104659080505","0.8357104659080505","0.8357104659080505","3263","3263","3263"
"148249","0.84248286485672","0.84248286485672","0.84248286485672","3264","3264","3264"
"148299","0.9161465167999268","0.9161465167999268","0.9161465167999268","3265","3265","3265"
"148349","0.7776455283164978","0.7776455283164978","0.7776455283164978","3266","3266","3266"
"148399","0.8403926491737366","0.8403926491737366","0.8403926491737366","3268","3268","3268"
"148449","0.9237879514694214","0.9237879514694214","0.9237879514694214","3269","3269","3269"
"148499","0.761703610420227","0.761703610420227","0.761703610420227","3270","3270","3270"
"148549","0.70707106590271","0.70707106590271","0.70707106590271","3271","3271","3271"
"148599","0.9275673031806946","0.9275673031806946","0.9275673031806946","3272","3272","3272"
"148649","0.7758479118347168","0.7758479118347168","0.7758479118347168","3273","3273","3273"
"148699","0.9477645754814148","0.9477645754814148","0.9477645754814148","3274","3274","3274"
"148749","0.8619911074638367","0.8619911074638367","0.8619911074638367","3275","3275","3275"
"148799","0.6833146810531616","0.6833146810531616","0.6833146810531616","3276","3276","3276"
"148849","0.8323360085487366","0.8323360085487366","0.8323360085487366","3277","3277","3277"
"148899","0.8005884885787964","0.8005884885787964","0.8005884885787964","3279","3279","3279"
"148949","0.9525427222251892","0.9525427222251892","0.9525427222251892","3280","3280","3280"
"148999","0.829775333404541","0.829775333404541","0.829775333404541","3281","3281","3281"
"149049","0.8379108309745789","0.8379108309745789","0.8379108309745789","3282","3282","3282"
"149099","0.9426500797271729","0.9426500797271729","0.9426500797271729","3283","3283","3283"
"149149","0.889041543006897","0.889041543006897","0.889041543006897","3284","3284","3284"
"149199","0.7175522446632385","0.7175522446632385","0.7175522446632385","3285","3285","3285"
"149249","0.7454310655593872","0.7454310655593872","0.7454310655593872","3286","3286","3286"
"149299","1.0303304195404053","1.0303304195404053","1.0303304195404053","3287","3287","3287"
"149349","1.0323315858840942","1.0323315858840942","1.0323315858840942","3288","3288","3288"
"149399","0.8936097621917725","0.8936097621917725","0.8936097621917725","3290","3290","3290"
"149449","0.7769762277603149","0.7769762277603149","0.7769762277603149","3291","3291","3291"
"149499","0.9336190819740295","0.9336190819740295","0.9336190819740295","3292","3292","3292"
"149549","0.982722282409668","0.982722282409668","0.982722282409668","3293","3293","3293"
"149599","0.8484100103378296","0.8484100103378296","0.8484100103378296","3294","3294","3294"
"149649","1.0320073366165161","1.0320073366165161","1.0320073366165161","3295","3295","3295"
"149699","0.7705590724945068","0.7705590724945068","0.7705590724945068","3296","3296","3296"
"149749","0.7818487286567688","0.7818487286567688","0.7818487286567688","3297","3297","3297"
"149799","0.7581210732460022","0.7581210732460022","0.7581210732460022","3298","3298","3298"
"149849","0.7421249747276306","0.7421249747276306","0.7421249747276306","3299","3299","3299"
"149899","0.7353639006614685","0.7353639006614685","0.7353639006614685","3301","3301","3301"
"149949","0.7387300133705139","0.7387300133705139","0.7387300133705139","3302","3302","3302"
"149999","0.8741815090179443","0.8741815090179443","0.8741815090179443","3303","3303","3303"
"150049","0.9073945879936218","0.9073945879936218","0.9073945879936218","3304","3304","3304"
"150099","0.8823961019515991","0.8823961019515991","0.8823961019515991","3305","3305","3305"
"150149","0.8065268993377686","0.8065268993377686","0.8065268993377686","3306","3306","3306"
"150199","0.7692394852638245","0.7692394852638245","0.7692394852638245","3307","3307","3307"
"150249","0.7390176653862","0.7390176653862","0.7390176653862","3308","3308","3308"
"150299","0.7716661095619202","0.7716661095619202","0.7716661095619202","3309","3309","3309"
"150349","0.9850811958312988","0.9850811958312988","0.9850811958312988","3310","3310","3310"
"150399","0.9571582078933716","0.9571582078933716","0.9571582078933716","3312","3312","3312"
"150449","0.8264800310134888","0.8264800310134888","0.8264800310134888","3313","3313","3313"
"150499","0.8333715200424194","0.8333715200424194","0.8333715200424194","3314","3314","3314"
"150549","0.8458576202392578","0.8458576202392578","0.8458576202392578","3315","3315","3315"
"150599","0.8137944340705872","0.8137944340705872","0.8137944340705872","3316","3316","3316"
"150649","0.7364824414253235","0.7364824414253235","0.7364824414253235","3317","3317","3317"
"150699","0.7894525527954102","0.7894525527954102","0.7894525527954102","3318","3318","3318"
"150749","0.6880333423614502","0.6880333423614502","0.6880333423614502","3319","3319","3319"
"150799","0.7790168523788452","0.7790168523788452","0.7790168523788452","3320","3320","3320"
"150849","0.921482503414154","0.921482503414154","0.921482503414154","3321","3321","3321"
"150899","0.8948190808296204","0.8948190808296204","0.8948190808296204","3323","3323","3323"
"150949","0.7519460320472717","0.7519460320472717","0.7519460320472717","3324","3324","3324"
"150999","0.7664322257041931","0.7664322257041931","0.7664322257041931","3325","3325","3325"
"151049","0.9012619853019714","0.9012619853019714","0.9012619853019714","3326","3326","3326"
"151099","0.7908528447151184","0.7908528447151184","0.7908528447151184","3327","3327","3327"
"151149","0.895823061466217","0.895823061466217","0.895823061466217","3328","3328","3328"
"151199","0.8243557810783386","0.8243557810783386","0.8243557810783386","3329","3329","3329"
"151249","0.9386271238327026","0.9386271238327026","0.9386271238327026","3330","3330","3330"
"151299","0.7524271011352539","0.7524271011352539","0.7524271011352539","3331","3331","3331"
"151349","0.8172563910484314","0.8172563910484314","0.8172563910484314","3332","3332","3332"
"151399","0.7658030986785889","0.7658030986785889","0.7658030986785889","3334","3334","3334"
"151449","0.9030590653419495","0.9030590653419495","0.9030590653419495","3335","3335","3335"
"151499","0.7896507382392883","0.7896507382392883","0.7896507382392883","3336","3336","3336"
"151549","0.8520459532737732","0.8520459532737732","0.8520459532737732","3337","3337","3337"
"151599","0.826028048992157","0.826028048992157","0.826028048992157","3338","3338","3338"
"151649","0.8714266419410706","0.8714266419410706","0.8714266419410706","3339","3339","3339"
"151699","0.8310027718544006","0.8310027718544006","0.8310027718544006","3340","3340","3340"
"151749","0.8776474595069885","0.8776474595069885","0.8776474595069885","3341","3341","3341"
"151799","0.8213645219802856","0.8213645219802856","0.8213645219802856","3342","3342","3342"
"151849","0.7569596171379089","0.7569596171379089","0.7569596171379089","3344","3344","3344"
"151899","0.6922276616096497","0.6922276616096497","0.6922276616096497","3345","3345","3345"
"151949","0.8072792887687683","0.8072792887687683","0.8072792887687683","3346","3346","3346"
"151999","0.9498202800750732","0.9498202800750732","0.9498202800750732","3347","3347","3347"
"152049","0.8659870624542236","0.8659870624542236","0.8659870624542236","3348","3348","3348"
"152099","0.879096269607544","0.879096269607544","0.879096269607544","3349","3349","3349"
"152149","0.7937227487564087","0.7937227487564087","0.7937227487564087","3350","3350","3350"
"152199","0.814205527305603","0.814205527305603","0.814205527305603","3351","3351","3351"
"152249","0.808209240436554","0.808209240436554","0.808209240436554","3352","3352","3352"
"152299","0.820074737071991","0.820074737071991","0.820074737071991","3353","3353","3353"
"152349","0.9309512972831726","0.9309512972831726","0.9309512972831726","3355","3355","3355"
"152399","0.7395604848861694","0.7395604848861694","0.7395604848861694","3356","3356","3356"
"152449","0.8679084777832031","0.8679084777832031","0.8679084777832031","3357","3357","3357"
"152499","0.8556631803512573","0.8556631803512573","0.8556631803512573","3358","3358","3358"
"152549","0.871728777885437","0.871728777885437","0.871728777885437","3359","3359","3359"
"152599","0.8603031635284424","0.8603031635284424","0.8603031635284424","3360","3360","3360"
"152649","0.9026778936386108","0.9026778936386108","0.9026778936386108","3361","3361","3361"
"152699","0.8318967223167419","0.8318967223167419","0.8318967223167419","3362","3362","3362"
"152749","0.6713171005249023","0.6713171005249023","0.6713171005249023","3363","3363","3363"
"152799","0.7287964820861816","0.7287964820861816","0.7287964820861816","3364","3364","3364"
"152849","0.7841349840164185","0.7841349840164185","0.7841349840164185","3366","3366","3366"
"152899","0.9133814573287964","0.9133814573287964","0.9133814573287964","3367","3367","3367"
"152949","0.8618111610412598","0.8618111610412598","0.8618111610412598","3368","3368","3368"
"152999","0.714290976524353","0.714290976524353","0.714290976524353","3369","3369","3369"
"153049","0.7445855736732483","0.7445855736732483","0.7445855736732483","3370","3370","3370"
"153099","0.8572007417678833","0.8572007417678833","0.8572007417678833","3371","3371","3371"
"153149","0.8701091408729553","0.8701091408729553","0.8701091408729553","3372","3372","3372"
"153199","0.7120173573493958","0.7120173573493958","0.7120173573493958","3373","3373","3373"
"153249","0.9187284708023071","0.9187284708023071","0.9187284708023071","3374","3374","3374"
"153299","0.7127165198326111","0.7127165198326111","0.7127165198326111","3375","3375","3375"
"153349","0.802856981754303","0.802856981754303","0.802856981754303","3377","3377","3377"
"153399","0.8735114932060242","0.8735114932060242","0.8735114932060242","3378","3378","3378"
"153449","0.782209575176239","0.782209575176239","0.782209575176239","3379","3379","3379"
"153499","0.7946233749389648","0.7946233749389648","0.7946233749389648","3380","3380","3380"
"153549","0.9585180878639221","0.9585180878639221","0.9585180878639221","3381","3381","3381"
"153599","0.6968517899513245","0.6968517899513245","0.6968517899513245","3382","3382","3382"
"153649","0.9460565447807312","0.9460565447807312","0.9460565447807312","3383","3383","3383"
"153699","0.8445239663124084","0.8445239663124084","0.8445239663124084","3384","3384","3384"
"153749","0.8104436993598938","0.8104436993598938","0.8104436993598938","3385","3385","3385"
"153799","0.7755258083343506","0.7755258083343506","0.7755258083343506","3386","3386","3386"
"153849","0.8914206624031067","0.8914206624031067","0.8914206624031067","3388","3388","3388"
"153899","0.8394976258277893","0.8394976258277893","0.8394976258277893","3389","3389","3389"
"153949","1.0839388370513916","1.0839388370513916","1.0839388370513916","3390","3390","3390"
"153999","0.8033596873283386","0.8033596873283386","0.8033596873283386","3391","3391","3391"
"154049","0.8666772246360779","0.8666772246360779","0.8666772246360779","3392","3392","3392"
"154099","0.8899579644203186","0.8899579644203186","0.8899579644203186","3393","3393","3393"
"154149","0.922059178352356","0.922059178352356","0.922059178352356","3394","3394","3394"
"154199","0.8157340288162231","0.8157340288162231","0.8157340288162231","3395","3395","3395"
"154249","0.9897392988204956","0.9897392988204956","0.9897392988204956","3396","3396","3396"
"154299","0.8014698624610901","0.8014698624610901","0.8014698624610901","3397","3397","3397"
"154349","0.7823395729064941","0.7823395729064941","0.7823395729064941","3399","3399","3399"
"154399","0.9422945380210876","0.9422945380210876","0.9422945380210876","3400","3400","3400"
"154449","0.891791582107544","0.891791582107544","0.891791582107544","3401","3401","3401"
"154499","0.86114102602005","0.86114102602005","0.86114102602005","3402","3402","3402"
"154549","0.8003230094909668","0.8003230094909668","0.8003230094909668","3403","3403","3403"
"154599","0.7034720778465271","0.7034720778465271","0.7034720778465271","3404","3404","3404"
"154649","0.8957415223121643","0.8957415223121643","0.8957415223121643","3405","3405","3405"
"154699","0.8499759435653687","0.8499759435653687","0.8499759435653687","3406","3406","3406"
"154749","0.9282225370407104","0.9282225370407104","0.9282225370407104","3407","3407","3407"
"154799","0.7344585657119751","0.7344585657119751","0.7344585657119751","3408","3408","3408"
"154849","0.8818362355232239","0.8818362355232239","0.8818362355232239","3410","3410","3410"
"154899","0.9810891151428223","0.9810891151428223","0.9810891151428223","3411","3411","3411"
"154949","0.7558053731918335","0.7558053731918335","0.7558053731918335","3412","3412","3412"
"154999","0.8855085968971252","0.8855085968971252","0.8855085968971252","3413","3413","3413"
"155049","0.913780689239502","0.913780689239502","0.913780689239502","3414","3414","3414"
"155099","0.8758228421211243","0.8758228421211243","0.8758228421211243","3415","3415","3415"
"155149","0.793254017829895","0.793254017829895","0.793254017829895","3416","3416","3416"
"155199","0.9652064442634583","0.9652064442634583","0.9652064442634583","3417","3417","3417"
"155249","0.8152433633804321","0.8152433633804321","0.8152433633804321","3418","3418","3418"
"155299","1.013198971748352","1.013198971748352","1.013198971748352","3420","3420","3420"
"155349","0.8540953993797302","0.8540953993797302","0.8540953993797302","3421","3421","3421"
"155399","0.7971037030220032","0.7971037030220032","0.7971037030220032","3422","3422","3422"
"155449","0.8975203037261963","0.8975203037261963","0.8975203037261963","3423","3423","3423"
"155499","1.0369505882263184","1.0369505882263184","1.0369505882263184","3424","3424","3424"
"155549","0.7856183052062988","0.7856183052062988","0.7856183052062988","3425","3425","3425"
"155599","0.7799327969551086","0.7799327969551086","0.7799327969551086","3426","3426","3426"
"155649","0.8018445372581482","0.8018445372581482","0.8018445372581482","3427","3427","3427"
"155699","0.8150308132171631","0.8150308132171631","0.8150308132171631","3428","3428","3428"
"155749","0.8088142275810242","0.8088142275810242","0.8088142275810242","3429","3429","3429"
"155799","0.8990086317062378","0.8990086317062378","0.8990086317062378","3431","3431","3431"
"155849","0.7684964537620544","0.7684964537620544","0.7684964537620544","3432","3432","3432"
"155899","0.7912074327468872","0.7912074327468872","0.7912074327468872","3433","3433","3433"
"155949","0.8355897665023804","0.8355897665023804","0.8355897665023804","3434","3434","3434"
"155999","0.9001191854476929","0.9001191854476929","0.9001191854476929","3435","3435","3435"
"156049","0.8284119367599487","0.8284119367599487","0.8284119367599487","3436","3436","3436"
"156099","0.7859336733818054","0.7859336733818054","0.7859336733818054","3437","3437","3437"
"156149","0.9432150721549988","0.9432150721549988","0.9432150721549988","3438","3438","3438"
"156199","0.8110910058021545","0.8110910058021545","0.8110910058021545","3439","3439","3439"
"156249","0.8207252025604248","0.8207252025604248","0.8207252025604248","3440","3440","3440"
"156299","0.7668120861053467","0.7668120861053467","0.7668120861053467","3442","3442","3442"
"156349","0.7587924003601074","0.7587924003601074","0.7587924003601074","3443","3443","3443"
"156399","0.8756148815155029","0.8756148815155029","0.8756148815155029","3444","3444","3444"
"156449","0.760331392288208","0.760331392288208","0.760331392288208","3445","3445","3445"
"156499","0.843047022819519","0.843047022819519","0.843047022819519","3446","3446","3446"
"156549","0.7910260558128357","0.7910260558128357","0.7910260558128357","3447","3447","3447"
"156599","0.7986039519309998","0.7986039519309998","0.7986039519309998","3448","3448","3448"
"156649","0.7860053181648254","0.7860053181648254","0.7860053181648254","3449","3449","3449"
"156699","0.9265786409378052","0.9265786409378052","0.9265786409378052","3450","3450","3450"
"156749","0.8770407438278198","0.8770407438278198","0.8770407438278198","3451","3451","3451"
"156799","0.8747698068618774","0.8747698068618774","0.8747698068618774","3453","3453","3453"
"156849","1.1652518510818481","1.1652518510818481","1.1652518510818481","3454","3454","3454"
"156899","0.9816519021987915","0.9816519021987915","0.9816519021987915","3455","3455","3455"
"156949","0.7584757208824158","0.7584757208824158","0.7584757208824158","3456","3456","3456"
"156999","0.8612067699432373","0.8612067699432373","0.8612067699432373","3457","3457","3457"
"157049","0.9663611054420471","0.9663611054420471","0.9663611054420471","3458","3458","3458"
"157099","0.7339415550231934","0.7339415550231934","0.7339415550231934","3459","3459","3459"
"157149","0.8177515268325806","0.8177515268325806","0.8177515268325806","3460","3460","3460"
"157199","0.7113069891929626","0.7113069891929626","0.7113069891929626","3461","3461","3461"
"157249","0.7360302209854126","0.7360302209854126","0.7360302209854126","3462","3462","3462"
"157299","0.8987283706665039","0.8987283706665039","0.8987283706665039","3464","3464","3464"
"157349","0.8274405002593994","0.8274405002593994","0.8274405002593994","3465","3465","3465"
"157399","0.8727522492408752","0.8727522492408752","0.8727522492408752","3466","3466","3466"
"157449","0.8888137936592102","0.8888137936592102","0.8888137936592102","3467","3467","3467"
"157499","0.7585462331771851","0.7585462331771851","0.7585462331771851","3468","3468","3468"
"157549","0.8574734926223755","0.8574734926223755","0.8574734926223755","3469","3469","3469"
"157599","0.9137247800827026","0.9137247800827026","0.9137247800827026","3470","3470","3470"
"157649","0.7174264192581177","0.7174264192581177","0.7174264192581177","3471","3471","3471"
"157699","0.8250000476837158","0.8250000476837158","0.8250000476837158","3472","3472","3472"
"157749","0.7990465760231018","0.7990465760231018","0.7990465760231018","3473","3473","3473"
"157799","0.8493750691413879","0.8493750691413879","0.8493750691413879","3475","3475","3475"
"157849","0.9213482141494751","0.9213482141494751","0.9213482141494751","3476","3476","3476"
"157899","0.7350990772247314","0.7350990772247314","0.7350990772247314","3477","3477","3477"
"157949","0.9026893377304077","0.9026893377304077","0.9026893377304077","3478","3478","3478"
"157999","0.8032740354537964","0.8032740354537964","0.8032740354537964","3479","3479","3479"
"158049","0.9319802522659302","0.9319802522659302","0.9319802522659302","3480","3480","3480"
"158099","0.9370769262313843","0.9370769262313843","0.9370769262313843","3481","3481","3481"
"158149","0.7941484451293945","0.7941484451293945","0.7941484451293945","3482","3482","3482"
"158199","0.8319315314292908","0.8319315314292908","0.8319315314292908","3483","3483","3483"
"158249","0.7982349991798401","0.7982349991798401","0.7982349991798401","3484","3484","3484"
"158299","0.8471373915672302","0.8471373915672302","0.8471373915672302","3486","3486","3486"
"158349","0.6870192289352417","0.6870192289352417","0.6870192289352417","3487","3487","3487"
"158399","0.7586163282394409","0.7586163282394409","0.7586163282394409","3488","3488","3488"
"158449","0.7978200912475586","0.7978200912475586","0.7978200912475586","3489","3489","3489"
"158499","0.8418269753456116","0.8418269753456116","0.8418269753456116","3490","3490","3490"
"158549","0.7915065288543701","0.7915065288543701","0.7915065288543701","3491","3491","3491"
"158599","0.8970198631286621","0.8970198631286621","0.8970198631286621","3492","3492","3492"
"158649","0.9754836559295654","0.9754836559295654","0.9754836559295654","3493","3493","3493"
"158699","0.8448185324668884","0.8448185324668884","0.8448185324668884","3494","3494","3494"
"158749","0.70561683177948","0.70561683177948","0.70561683177948","3496","3496","3496"
"158799","0.65257328748703","0.65257328748703","0.65257328748703","3497","3497","3497"
"158849","0.8432754278182983","0.8432754278182983","0.8432754278182983","3498","3498","3498"
"158899","0.8385733366012573","0.8385733366012573","0.8385733366012573","3499","3499","3499"
"158949","0.7723462581634521","0.7723462581634521","0.7723462581634521","3500","3500","3500"
"158999","0.7581002712249756","0.7581002712249756","0.7581002712249756","3501","3501","3501"
"159049","0.9137856364250183","0.9137856364250183","0.9137856364250183","3502","3502","3502"
"159099","0.8310995697975159","0.8310995697975159","0.8310995697975159","3503","3503","3503"
"159149","0.9921258091926575","0.9921258091926575","0.9921258091926575","3504","3504","3504"
"159199","0.857115626335144","0.857115626335144","0.857115626335144","3505","3505","3505"
"159249","0.8350732326507568","0.8350732326507568","0.8350732326507568","3507","3507","3507"
"159299","0.7673871517181396","0.7673871517181396","0.7673871517181396","3508","3508","3508"
"159349","1.0251020193099976","1.0251020193099976","1.0251020193099976","3509","3509","3509"
"159399","0.7407078146934509","0.7407078146934509","0.7407078146934509","3510","3510","3510"
"159449","0.921794593334198","0.921794593334198","0.921794593334198","3511","3511","3511"
"159499","0.8488147854804993","0.8488147854804993","0.8488147854804993","3512","3512","3512"
"159549","0.9081400036811829","0.9081400036811829","0.9081400036811829","3513","3513","3513"
"159599","0.8761147260665894","0.8761147260665894","0.8761147260665894","3514","3514","3514"
"159649","0.7248832583427429","0.7248832583427429","0.7248832583427429","3515","3515","3515"
"159699","0.7147085666656494","0.7147085666656494","0.7147085666656494","3516","3516","3516"
"159749","0.7917859554290771","0.7917859554290771","0.7917859554290771","3518","3518","3518"
"159799","0.6251785755157471","0.6251785755157471","0.6251785755157471","3519","3519","3519"
"159849","0.8767919540405273","0.8767919540405273","0.8767919540405273","3520","3520","3520"
"159899","0.7456133365631104","0.7456133365631104","0.7456133365631104","3521","3521","3521"
"159949","0.8373332619667053","0.8373332619667053","0.8373332619667053","3522","3522","3522"
"159999","1.0350005626678467","1.0350005626678467","1.0350005626678467","3523","3523","3523"
"160049","0.6529240608215332","0.6529240608215332","0.6529240608215332","3524","3524","3524"
"160099","0.8303827047348022","0.8303827047348022","0.8303827047348022","3525","3525","3525"
"160149","0.9054179191589355","0.9054179191589355","0.9054179191589355","3526","3526","3526"
"160199","0.8644058108329773","0.8644058108329773","0.8644058108329773","3527","3527","3527"
"160249","0.6375570297241211","0.6375570297241211","0.6375570297241211","3529","3529","3529"
"160299","0.7868720889091492","0.7868720889091492","0.7868720889091492","3530","3530","3530"
"160349","0.7259712815284729","0.7259712815284729","0.7259712815284729","3531","3531","3531"
"160399","0.9027901887893677","0.9027901887893677","0.9027901887893677","3532","3532","3532"
"160449","0.8757374286651611","0.8757374286651611","0.8757374286651611","3533","3533","3533"
"160499","0.8751984238624573","0.8751984238624573","0.8751984238624573","3534","3534","3534"
"160549","0.7861853241920471","0.7861853241920471","0.7861853241920471","3535","3535","3535"
"160599","0.8147845268249512","0.8147845268249512","0.8147845268249512","3536","3536","3536"
"160649","0.8654628396034241","0.8654628396034241","0.8654628396034241","3537","3537","3537"
"160699","0.8778718113899231","0.8778718113899231","0.8778718113899231","3538","3538","3538"
"160749","0.8993959426879883","0.8993959426879883","0.8993959426879883","3540","3540","3540"
"160799","0.9342581629753113","0.9342581629753113","0.9342581629753113","3541","3541","3541"
"160849","0.8403929471969604","0.8403929471969604","0.8403929471969604","3542","3542","3542"
"160899","0.9550649523735046","0.9550649523735046","0.9550649523735046","3543","3543","3543"
"160949","1.0781543254852295","1.0781543254852295","1.0781543254852295","3544","3544","3544"
"160999","0.9015088081359863","0.9015088081359863","0.9015088081359863","3545","3545","3545"
"161049","0.7312886714935303","0.7312886714935303","0.7312886714935303","3546","3546","3546"
"161099","0.7607221603393555","0.7607221603393555","0.7607221603393555","3547","3547","3547"
"161149","0.7180753350257874","0.7180753350257874","0.7180753350257874","3548","3548","3548"
"161199","0.8914061188697815","0.8914061188697815","0.8914061188697815","3549","3549","3549"
"161249","0.6665471792221069","0.6665471792221069","0.6665471792221069","3551","3551","3551"
"161299","0.9559411406517029","0.9559411406517029","0.9559411406517029","3552","3552","3552"
"161349","0.6210969686508179","0.6210969686508179","0.6210969686508179","3553","3553","3553"
"161399","0.9036481976509094","0.9036481976509094","0.9036481976509094","3554","3554","3554"
"161449","0.8956531286239624","0.8956531286239624","0.8956531286239624","3555","3555","3555"
"161499","0.9147307276725769","0.9147307276725769","0.9147307276725769","3556","3556","3556"
"161549","0.966423749923706","0.966423749923706","0.966423749923706","3557","3557","3557"
"161599","0.8433893322944641","0.8433893322944641","0.8433893322944641","3558","3558","3558"
"161649","0.6171426177024841","0.6171426177024841","0.6171426177024841","3559","3559","3559"
"161699","0.8869882822036743","0.8869882822036743","0.8869882822036743","3560","3560","3560"
"161749","0.9312645792961121","0.9312645792961121","0.9312645792961121","3562","3562","3562"
"161799","0.7330983877182007","0.7330983877182007","0.7330983877182007","3563","3563","3563"
"161849","0.853346049785614","0.853346049785614","0.853346049785614","3564","3564","3564"
"161899","0.6931962966918945","0.6931962966918945","0.6931962966918945","3565","3565","3565"
"161949","0.8518783450126648","0.8518783450126648","0.8518783450126648","3566","3566","3566"
"161999","0.8872355818748474","0.8872355818748474","0.8872355818748474","3567","3567","3567"
"162049","0.8398329019546509","0.8398329019546509","0.8398329019546509","3568","3568","3568"
"162099","0.9095719456672668","0.9095719456672668","0.9095719456672668","3569","3569","3569"
"162149","0.6649283766746521","0.6649283766746521","0.6649283766746521","3570","3570","3570"
"162199","0.8574520349502563","0.8574520349502563","0.8574520349502563","3572","3572","3572"
"162249","0.9217305779457092","0.9217305779457092","0.9217305779457092","3573","3573","3573"
"162299","0.8477631211280823","0.8477631211280823","0.8477631211280823","3574","3574","3574"
"162349","0.7362021803855896","0.7362021803855896","0.7362021803855896","3575","3575","3575"
"162399","0.7791448831558228","0.7791448831558228","0.7791448831558228","3576","3576","3576"
"162449","1.087210774421692","1.087210774421692","1.087210774421692","3577","3577","3577"
"162499","0.8882160782814026","0.8882160782814026","0.8882160782814026","3578","3578","3578"
"162549","0.7968851923942566","0.7968851923942566","0.7968851923942566","3579","3579","3579"
"162599","0.8278627991676331","0.8278627991676331","0.8278627991676331","3580","3580","3580"
"162649","0.8170583844184875","0.8170583844184875","0.8170583844184875","3581","3581","3581"
"162699","0.9647485613822937","0.9647485613822937","0.9647485613822937","3583","3583","3583"
"162749","0.6712163686752319","0.6712163686752319","0.6712163686752319","3584","3584","3584"
"162799","0.8668181300163269","0.8668181300163269","0.8668181300163269","3585","3585","3585"
"162849","0.7957849502563477","0.7957849502563477","0.7957849502563477","3586","3586","3586"
"162899","0.8202451467514038","0.8202451467514038","0.8202451467514038","3587","3587","3587"
"162949","0.8001214861869812","0.8001214861869812","0.8001214861869812","3588","3588","3588"
"162999","0.9720945954322815","0.9720945954322815","0.9720945954322815","3589","3589","3589"
"163049","0.8797218799591064","0.8797218799591064","0.8797218799591064","3590","3590","3590"
"163099","1.01118004322052","1.01118004322052","1.01118004322052","3591","3591","3591"
"163149","0.8067952990531921","0.8067952990531921","0.8067952990531921","3592","3592","3592"
"163199","0.9125372767448425","0.9125372767448425","0.9125372767448425","3594","3594","3594"
"163249","0.7496659755706787","0.7496659755706787","0.7496659755706787","3595","3595","3595"
"163299","0.9237901568412781","0.9237901568412781","0.9237901568412781","3596","3596","3596"
"163349","0.8136616349220276","0.8136616349220276","0.8136616349220276","3597","3597","3597"
"163399","0.819242537021637","0.819242537021637","0.819242537021637","3598","3598","3598"
"163449","0.7474862337112427","0.7474862337112427","0.7474862337112427","3599","3599","3599"
"163499","0.8161452412605286","0.8161452412605286","0.8161452412605286","3600","3600","3600"
"163549","0.7791770696640015","0.7791770696640015","0.7791770696640015","3601","3601","3601"
"163599","0.7902295589447021","0.7902295589447021","0.7902295589447021","3602","3602","3602"
"163649","0.8172985911369324","0.8172985911369324","0.8172985911369324","3603","3603","3603"
"163699","0.8220654726028442","0.8220654726028442","0.8220654726028442","3605","3605","3605"
"163749","0.7985938191413879","0.7985938191413879","0.7985938191413879","3606","3606","3606"
"163799","0.78742915391922","0.78742915391922","0.78742915391922","3607","3607","3607"
"163849","0.9157655239105225","0.9157655239105225","0.9157655239105225","3608","3608","3608"
"163899","0.8621692657470703","0.8621692657470703","0.8621692657470703","3609","3609","3609"
"163949","0.8511157035827637","0.8511157035827637","0.8511157035827637","3610","3610","3610"
"163999","0.6917030215263367","0.6917030215263367","0.6917030215263367","3611","3611","3611"
"164049","0.6653484106063843","0.6653484106063843","0.6653484106063843","3612","3612","3612"
"164099","0.8504958748817444","0.8504958748817444","0.8504958748817444","3613","3613","3613"
"164149","0.6678146123886108","0.6678146123886108","0.6678146123886108","3614","3614","3614"
"164199","0.9305463433265686","0.9305463433265686","0.9305463433265686","3616","3616","3616"
"164249","0.8923623561859131","0.8923623561859131","0.8923623561859131","3617","3617","3617"
"164299","0.8545997738838196","0.8545997738838196","0.8545997738838196","3618","3618","3618"
"164349","0.7924116849899292","0.7924116849899292","0.7924116849899292","3619","3619","3619"
"164399","0.6598033905029297","0.6598033905029297","0.6598033905029297","3620","3620","3620"
"164449","0.7478091716766357","0.7478091716766357","0.7478091716766357","3621","3621","3621"
"164499","0.805884838104248","0.805884838104248","0.805884838104248","3622","3622","3622"
"164549","0.8426481485366821","0.8426481485366821","0.8426481485366821","3623","3623","3623"
"164599","0.8053810000419617","0.8053810000419617","0.8053810000419617","3624","3624","3624"
"164649","0.7495789527893066","0.7495789527893066","0.7495789527893066","3625","3625","3625"
"164699","0.8256844878196716","0.8256844878196716","0.8256844878196716","3627","3627","3627"
"164749","0.9022877812385559","0.9022877812385559","0.9022877812385559","3628","3628","3628"
"164799","0.8093307614326477","0.8093307614326477","0.8093307614326477","3629","3629","3629"
"164849","0.7554333209991455","0.7554333209991455","0.7554333209991455","3630","3630","3630"
"164899","0.6974113583564758","0.6974113583564758","0.6974113583564758","3631","3631","3631"
"164949","0.8182026147842407","0.8182026147842407","0.8182026147842407","3632","3632","3632"
"164999","0.9278295636177063","0.9278295636177063","0.9278295636177063","3633","3633","3633"
"165049","0.7914367318153381","0.7914367318153381","0.7914367318153381","3634","3634","3634"
"165099","0.879306972026825","0.879306972026825","0.879306972026825","3635","3635","3635"
"165149","1.0158036947250366","1.0158036947250366","1.0158036947250366","3636","3636","3636"
"165199","0.6326809525489807","0.6326809525489807","0.6326809525489807","3638","3638","3638"
"165249","0.9967060089111328","0.9967060089111328","0.9967060089111328","3639","3639","3639"
"165299","0.8157365322113037","0.8157365322113037","0.8157365322113037","3640","3640","3640"
"165349","0.8536099195480347","0.8536099195480347","0.8536099195480347","3641","3641","3641"
"165399","0.7036824822425842","0.7036824822425842","0.7036824822425842","3642","3642","3642"
"165449","0.7633295059204102","0.7633295059204102","0.7633295059204102","3643","3643","3643"
"165499","0.908147931098938","0.908147931098938","0.908147931098938","3644","3644","3644"
"165549","0.7985118627548218","0.7985118627548218","0.7985118627548218","3645","3645","3645"
"165599","1.0250985622406006","1.0250985622406006","1.0250985622406006","3646","3646","3646"
"165649","0.934137225151062","0.934137225151062","0.934137225151062","3648","3648","3648"
"165699","0.8667544722557068","0.8667544722557068","0.8667544722557068","3649","3649","3649"
"165749","0.9093571305274963","0.9093571305274963","0.9093571305274963","3650","3650","3650"
"165799","0.9700103402137756","0.9700103402137756","0.9700103402137756","3651","3651","3651"
"165849","0.8531163930892944","0.8531163930892944","0.8531163930892944","3652","3652","3652"
"165899","0.8985448479652405","0.8985448479652405","0.8985448479652405","3653","3653","3653"
"165949","0.7986232042312622","0.7986232042312622","0.7986232042312622","3654","3654","3654"
"165999","0.8027445077896118","0.8027445077896118","0.8027445077896118","3655","3655","3655"
"166049","0.8027669787406921","0.8027669787406921","0.8027669787406921","3656","3656","3656"
"166099","0.7361633777618408","0.7361633777618408","0.7361633777618408","3657","3657","3657"
"166149","0.8155221939086914","0.8155221939086914","0.8155221939086914","3659","3659","3659"
"166199","0.8340415954589844","0.8340415954589844","0.8340415954589844","3660","3660","3660"
"166249","0.8338228464126587","0.8338228464126587","0.8338228464126587","3661","3661","3661"
"166299","0.7328059077262878","0.7328059077262878","0.7328059077262878","3662","3662","3662"
"166349","0.8398881554603577","0.8398881554603577","0.8398881554603577","3663","3663","3663"
"166399","0.9059646725654602","0.9059646725654602","0.9059646725654602","3664","3664","3664"
"166449","0.8218327760696411","0.8218327760696411","0.8218327760696411","3665","3665","3665"
"166499","0.7366272211074829","0.7366272211074829","0.7366272211074829","3666","3666","3666"
"166549","0.7786409854888916","0.7786409854888916","0.7786409854888916","3667","3667","3667"
"166599","0.7676265835762024","0.7676265835762024","0.7676265835762024","3668","3668","3668"
"166649","1.0351272821426392","1.0351272821426392","1.0351272821426392","3670","3670","3670"
"166699","0.7689282298088074","0.7689282298088074","0.7689282298088074","3671","3671","3671"
"166749","0.8184031844139099","0.8184031844139099","0.8184031844139099","3672","3672","3672"
"166799","0.8687437176704407","0.8687437176704407","0.8687437176704407","3673","3673","3673"
"166849","0.7989282608032227","0.7989282608032227","0.7989282608032227","3674","3674","3674"
"166899","0.882209300994873","0.882209300994873","0.882209300994873","3675","3675","3675"
"166949","0.8180083632469177","0.8180083632469177","0.8180083632469177","3676","3676","3676"
"166999","0.7869828939437866","0.7869828939437866","0.7869828939437866","3677","3677","3677"
"167049","0.7011612057685852","0.7011612057685852","0.7011612057685852","3678","3678","3678"
"167099","0.7879595756530762","0.7879595756530762","0.7879595756530762","3679","3679","3679"
"167149","0.7059537768363953","0.7059537768363953","0.7059537768363953","3681","3681","3681"
"167199","0.7818403244018555","0.7818403244018555","0.7818403244018555","3682","3682","3682"
"167249","0.7244958877563477","0.7244958877563477","0.7244958877563477","3683","3683","3683"
"167299","0.817444920539856","0.817444920539856","0.817444920539856","3684","3684","3684"
"167349","0.6430165767669678","0.6430165767669678","0.6430165767669678","3685","3685","3685"
"167399","0.7871282696723938","0.7871282696723938","0.7871282696723938","3686","3686","3686"
"167449","0.8157655596733093","0.8157655596733093","0.8157655596733093","3687","3687","3687"
"167499","0.8963353037834167","0.8963353037834167","0.8963353037834167","3688","3688","3688"
"167549","0.734265148639679","0.734265148639679","0.734265148639679","3689","3689","3689"
"167599","0.9258671402931213","0.9258671402931213","0.9258671402931213","3690","3690","3690"
"167649","0.8230781555175781","0.8230781555175781","0.8230781555175781","3692","3692","3692"
"167699","0.8003789782524109","0.8003789782524109","0.8003789782524109","3693","3693","3693"
"167749","0.9634245038032532","0.9634245038032532","0.9634245038032532","3694","3694","3694"
"167799","0.8143972754478455","0.8143972754478455","0.8143972754478455","3695","3695","3695"
"167849","0.8196079134941101","0.8196079134941101","0.8196079134941101","3696","3696","3696"
"167899","0.7592058777809143","0.7592058777809143","0.7592058777809143","3697","3697","3697"
"167949","0.8610243201255798","0.8610243201255798","0.8610243201255798","3698","3698","3698"
"167999","0.8021236062049866","0.8021236062049866","0.8021236062049866","3699","3699","3699"
"168049","0.7717851400375366","0.7717851400375366","0.7717851400375366","3700","3700","3700"
"168099","0.7401015162467957","0.7401015162467957","0.7401015162467957","3701","3701","3701"
"168149","0.845219612121582","0.845219612121582","0.845219612121582","3703","3703","3703"
"168199","0.8529572486877441","0.8529572486877441","0.8529572486877441","3704","3704","3704"
"168249","0.7771596908569336","0.7771596908569336","0.7771596908569336","3705","3705","3705"
"168299","0.8367983102798462","0.8367983102798462","0.8367983102798462","3706","3706","3706"
"168349","0.9762690663337708","0.9762690663337708","0.9762690663337708","3707","3707","3707"
"168399","0.7766672372817993","0.7766672372817993","0.7766672372817993","3708","3708","3708"
"168449","0.9789138436317444","0.9789138436317444","0.9789138436317444","3709","3709","3709"
"168499","0.8543400168418884","0.8543400168418884","0.8543400168418884","3710","3710","3710"
"168549","0.7819454073905945","0.7819454073905945","0.7819454073905945","3711","3711","3711"
"168599","0.7793027758598328","0.7793027758598328","0.7793027758598328","3712","3712","3712"
"168649","0.7879757881164551","0.7879757881164551","0.7879757881164551","3714","3714","3714"
"168699","0.7241156101226807","0.7241156101226807","0.7241156101226807","3715","3715","3715"
"168749","0.8580304384231567","0.8580304384231567","0.8580304384231567","3716","3716","3716"
"168799","0.8744399547576904","0.8744399547576904","0.8744399547576904","3717","3717","3717"
"168849","0.7629384398460388","0.7629384398460388","0.7629384398460388","3718","3718","3718"
"168899","0.762941300868988","0.762941300868988","0.762941300868988","3719","3719","3719"
"168949","0.7835415005683899","0.7835415005683899","0.7835415005683899","3720","3720","3720"
"168999","0.9368836879730225","0.9368836879730225","0.9368836879730225","3721","3721","3721"
"169049","0.8307808637619019","0.8307808637619019","0.8307808637619019","3722","3722","3722"
"169099","0.8713139891624451","0.8713139891624451","0.8713139891624451","3724","3724","3724"
"169149","0.6883556246757507","0.6883556246757507","0.6883556246757507","3725","3725","3725"
"169199","0.8028281927108765","0.8028281927108765","0.8028281927108765","3726","3726","3726"
"169249","0.8924498558044434","0.8924498558044434","0.8924498558044434","3727","3727","3727"
"169299","0.7888965606689453","0.7888965606689453","0.7888965606689453","3728","3728","3728"
"169349","0.9851343035697937","0.9851343035697937","0.9851343035697937","3729","3729","3729"
"169399","0.7849791646003723","0.7849791646003723","0.7849791646003723","3730","3730","3730"
"169449","0.7374289631843567","0.7374289631843567","0.7374289631843567","3731","3731","3731"
"169499","0.8973818421363831","0.8973818421363831","0.8973818421363831","3732","3732","3732"
"169549","0.7850804924964905","0.7850804924964905","0.7850804924964905","3733","3733","3733"
"169599","0.9263529777526855","0.9263529777526855","0.9263529777526855","3735","3735","3735"
"169649","0.9110201001167297","0.9110201001167297","0.9110201001167297","3736","3736","3736"
"169699","0.828425407409668","0.828425407409668","0.828425407409668","3737","3737","3737"
"169749","0.825206995010376","0.825206995010376","0.825206995010376","3738","3738","3738"
"169799","0.7754501104354858","0.7754501104354858","0.7754501104354858","3739","3739","3739"
"169849","0.8581651449203491","0.8581651449203491","0.8581651449203491","3740","3740","3740"
"169899","0.895511269569397","0.895511269569397","0.895511269569397","3741","3741","3741"
"169949","0.9458386301994324","0.9458386301994324","0.9458386301994324","3742","3742","3742"
"169999","0.7851043939590454","0.7851043939590454","0.7851043939590454","3743","3743","3743"
"170049","0.8026509881019592","0.8026509881019592","0.8026509881019592","3744","3744","3744"
"170099","0.8182166814804077","0.8182166814804077","0.8182166814804077","3746","3746","3746"
"170149","0.768031120300293","0.768031120300293","0.768031120300293","3747","3747","3747"
"170199","0.8016909956932068","0.8016909956932068","0.8016909956932068","3748","3748","3748"
"170249","0.7785748839378357","0.7785748839378357","0.7785748839378357","3749","3749","3749"
"170299","0.8307937383651733","0.8307937383651733","0.8307937383651733","3750","3750","3750"
"170349","0.68903648853302","0.68903648853302","0.68903648853302","3751","3751","3751"
"170399","0.5924183130264282","0.5924183130264282","0.5924183130264282","3752","3752","3752"
"170449","0.7586342096328735","0.7586342096328735","0.7586342096328735","3753","3753","3753"
"170499","0.748887836933136","0.748887836933136","0.748887836933136","3754","3754","3754"
"170549","0.920973002910614","0.920973002910614","0.920973002910614","3755","3755","3755"
"170599","0.9941267967224121","0.9941267967224121","0.9941267967224121","3757","3757","3757"
"170649","0.7088305950164795","0.7088305950164795","0.7088305950164795","3758","3758","3758"
"170699","0.9105592966079712","0.9105592966079712","0.9105592966079712","3759","3759","3759"
"170749","0.924274206161499","0.924274206161499","0.924274206161499","3760","3760","3760"
"170799","0.8041583895683289","0.8041583895683289","0.8041583895683289","3761","3761","3761"
"170849","0.9174850583076477","0.9174850583076477","0.9174850583076477","3762","3762","3762"
"170899","0.8663678169250488","0.8663678169250488","0.8663678169250488","3763","3763","3763"
"170949","0.9571220874786377","0.9571220874786377","0.9571220874786377","3764","3764","3764"
"170999","0.8340726494789124","0.8340726494789124","0.8340726494789124","3765","3765","3765"
"171049","0.8577644228935242","0.8577644228935242","0.8577644228935242","3766","3766","3766"
"171099","0.7872054576873779","0.7872054576873779","0.7872054576873779","3768","3768","3768"
"171149","0.7494282126426697","0.7494282126426697","0.7494282126426697","3769","3769","3769"
"171199","0.8093663454055786","0.8093663454055786","0.8093663454055786","3770","3770","3770"
"171249","0.7559621334075928","0.7559621334075928","0.7559621334075928","3771","3771","3771"
"171299","0.9138463139533997","0.9138463139533997","0.9138463139533997","3772","3772","3772"
"171349","0.8553217649459839","0.8553217649459839","0.8553217649459839","3773","3773","3773"
"171399","0.7846320867538452","0.7846320867538452","0.7846320867538452","3774","3774","3774"
"171449","1.0078660249710083","1.0078660249710083","1.0078660249710083","3775","3775","3775"
"171499","0.8938180804252625","0.8938180804252625","0.8938180804252625","3776","3776","3776"
"171549","0.8869441151618958","0.8869441151618958","0.8869441151618958","3777","3777","3777"
"171599","0.793756365776062","0.793756365776062","0.793756365776062","3779","3779","3779"
"171649","0.8655788898468018","0.8655788898468018","0.8655788898468018","3780","3780","3780"
"171699","0.8960664868354797","0.8960664868354797","0.8960664868354797","3781","3781","3781"
"171749","0.8657222390174866","0.8657222390174866","0.8657222390174866","3782","3782","3782"
"171799","0.7289660573005676","0.7289660573005676","0.7289660573005676","3783","3783","3783"
"171849","0.8387987017631531","0.8387987017631531","0.8387987017631531","3784","3784","3784"
"171899","0.8437108397483826","0.8437108397483826","0.8437108397483826","3785","3785","3785"
"171949","0.7317734360694885","0.7317734360694885","0.7317734360694885","3786","3786","3786"
"171999","0.8611398339271545","0.8611398339271545","0.8611398339271545","3787","3787","3787"
"172049","1.0234129428863525","1.0234129428863525","1.0234129428863525","3788","3788","3788"
"172099","0.7362579703330994","0.7362579703330994","0.7362579703330994","3790","3790","3790"
"172149","0.9277520179748535","0.9277520179748535","0.9277520179748535","3791","3791","3791"
"172199","0.8403893113136292","0.8403893113136292","0.8403893113136292","3792","3792","3792"
"172249","0.6774666905403137","0.6774666905403137","0.6774666905403137","3793","3793","3793"
"172299","0.9805104732513428","0.9805104732513428","0.9805104732513428","3794","3794","3794"
"172349","0.9776819944381714","0.9776819944381714","0.9776819944381714","3795","3795","3795"
"172399","0.7808055281639099","0.7808055281639099","0.7808055281639099","3796","3796","3796"
"172449","0.8013797402381897","0.8013797402381897","0.8013797402381897","3797","3797","3797"
"172499","0.7893738150596619","0.7893738150596619","0.7893738150596619","3798","3798","3798"
"172549","0.8086277842521667","0.8086277842521667","0.8086277842521667","3799","3799","3799"
"172599","0.9763219952583313","0.9763219952583313","0.9763219952583313","3801","3801","3801"
"172649","0.7850542664527893","0.7850542664527893","0.7850542664527893","3802","3802","3802"
"172699","0.8922748565673828","0.8922748565673828","0.8922748565673828","3803","3803","3803"
"172749","0.8247350454330444","0.8247350454330444","0.8247350454330444","3804","3804","3804"
"172799","0.7886251211166382","0.7886251211166382","0.7886251211166382","3805","3805","3805"
"172849","0.8900495171546936","0.8900495171546936","0.8900495171546936","3806","3806","3806"
"172899","0.6882142424583435","0.6882142424583435","0.6882142424583435","3807","3807","3807"
"172949","0.9737293124198914","0.9737293124198914","0.9737293124198914","3808","3808","3808"
"172999","0.8750694394111633","0.8750694394111633","0.8750694394111633","3809","3809","3809"
"173049","0.7987531423568726","0.7987531423568726","0.7987531423568726","3811","3811","3811"
"173099","0.9706035256385803","0.9706035256385803","0.9706035256385803","3812","3812","3812"
"173149","0.8296370506286621","0.8296370506286621","0.8296370506286621","3813","3813","3813"
"173199","1.1403027772903442","1.1403027772903442","1.1403027772903442","3814","3814","3814"
"173249","0.8926637172698975","0.8926637172698975","0.8926637172698975","3815","3815","3815"
"173299","0.8288068175315857","0.8288068175315857","0.8288068175315857","3816","3816","3816"
"173349","0.7388652563095093","0.7388652563095093","0.7388652563095093","3817","3817","3817"
"173399","0.843062162399292","0.843062162399292","0.843062162399292","3818","3818","3818"
"173449","0.7590796947479248","0.7590796947479248","0.7590796947479248","3819","3819","3819"
"173499","0.7993261814117432","0.7993261814117432","0.7993261814117432","3820","3820","3820"
"173549","0.8655335903167725","0.8655335903167725","0.8655335903167725","3822","3822","3822"
"173599","0.9474968910217285","0.9474968910217285","0.9474968910217285","3823","3823","3823"
"173649","0.7989566326141357","0.7989566326141357","0.7989566326141357","3824","3824","3824"
"173699","0.7260938882827759","0.7260938882827759","0.7260938882827759","3825","3825","3825"
"173749","0.9050419926643372","0.9050419926643372","0.9050419926643372","3826","3826","3826"
"173799","0.8484765291213989","0.8484765291213989","0.8484765291213989","3827","3827","3827"
"173849","0.8631635904312134","0.8631635904312134","0.8631635904312134","3828","3828","3828"
"173899","0.7884981036186218","0.7884981036186218","0.7884981036186218","3829","3829","3829"
"173949","0.9890903830528259","0.9890903830528259","0.9890903830528259","3830","3830","3830"
"173999","0.7296950221061707","0.7296950221061707","0.7296950221061707","3831","3831","3831"
"174049","0.7943101525306702","0.7943101525306702","0.7943101525306702","3833","3833","3833"
"174099","0.8488101363182068","0.8488101363182068","0.8488101363182068","3834","3834","3834"
"174149","0.9002260565757751","0.9002260565757751","0.9002260565757751","3835","3835","3835"
"174199","0.8185462355613708","0.8185462355613708","0.8185462355613708","3836","3836","3836"
"174249","0.7360105514526367","0.7360105514526367","0.7360105514526367","3837","3837","3837"
"174299","0.899998664855957","0.899998664855957","0.899998664855957","3838","3838","3838"
"174349","0.911291778087616","0.911291778087616","0.911291778087616","3839","3839","3839"
"174399","0.9009696841239929","0.9009696841239929","0.9009696841239929","3840","3840","3840"
"174449","0.7516460418701172","0.7516460418701172","0.7516460418701172","3841","3841","3841"
"174499","0.8268262147903442","0.8268262147903442","0.8268262147903442","3842","3842","3842"
"174549","0.8743293285369873","0.8743293285369873","0.8743293285369873","3844","3844","3844"
"174599","0.8035173416137695","0.8035173416137695","0.8035173416137695","3845","3845","3845"
"174649","0.9069011211395264","0.9069011211395264","0.9069011211395264","3846","3846","3846"
"174699","0.6782943606376648","0.6782943606376648","0.6782943606376648","3847","3847","3847"
"174749","0.8354700803756714","0.8354700803756714","0.8354700803756714","3848","3848","3848"
"174799","0.7697169184684753","0.7697169184684753","0.7697169184684753","3849","3849","3849"
"174849","0.742866575717926","0.742866575717926","0.742866575717926","3850","3850","3850"
"174899","0.773208737373352","0.773208737373352","0.773208737373352","3851","3851","3851"
"174949","0.961860179901123","0.961860179901123","0.961860179901123","3852","3852","3852"
"174999","0.8848277926445007","0.8848277926445007","0.8848277926445007","3853","3853","3853"
"175049","0.8508881330490112","0.8508881330490112","0.8508881330490112","3855","3855","3855"
"175099","0.8002386689186096","0.8002386689186096","0.8002386689186096","3856","3856","3856"
"175149","0.8984217047691345","0.8984217047691345","0.8984217047691345","3857","3857","3857"
"175199","1.1098318099975586","1.1098318099975586","1.1098318099975586","3858","3858","3858"
"175249","0.8413480520248413","0.8413480520248413","0.8413480520248413","3859","3859","3859"
"175299","0.8130764365196228","0.8130764365196228","0.8130764365196228","3860","3860","3860"
"175349","0.8229355812072754","0.8229355812072754","0.8229355812072754","3861","3861","3861"
"175399","0.7844173312187195","0.7844173312187195","0.7844173312187195","3862","3862","3862"
"175449","0.7295286059379578","0.7295286059379578","0.7295286059379578","3863","3863","3863"
"175499","0.8168826699256897","0.8168826699256897","0.8168826699256897","3864","3864","3864"
"175549","0.9678943753242493","0.9678943753242493","0.9678943753242493","3866","3866","3866"
"175599","0.8611685037612915","0.8611685037612915","0.8611685037612915","3867","3867","3867"
"175649","0.8787582516670227","0.8787582516670227","0.8787582516670227","3868","3868","3868"
"175699","0.8437498211860657","0.8437498211860657","0.8437498211860657","3869","3869","3869"
"175749","0.9238253831863403","0.9238253831863403","0.9238253831863403","3870","3870","3870"
"175799","0.7576689124107361","0.7576689124107361","0.7576689124107361","3871","3871","3871"
"175849","0.7818703055381775","0.7818703055381775","0.7818703055381775","3872","3872","3872"
"175899","0.849609911441803","0.849609911441803","0.849609911441803","3873","3873","3873"
"175949","0.7322395443916321","0.7322395443916321","0.7322395443916321","3874","3874","3874"
"175999","0.8287508487701416","0.8287508487701416","0.8287508487701416","3875","3875","3875"
"176049","1.0499968528747559","1.0499968528747559","1.0499968528747559","3877","3877","3877"
"176099","0.7284168601036072","0.7284168601036072","0.7284168601036072","3878","3878","3878"
"176149","0.9615409970283508","0.9615409970283508","0.9615409970283508","3879","3879","3879"
"176199","0.8430076837539673","0.8430076837539673","0.8430076837539673","3880","3880","3880"
"176249","0.841921865940094","0.841921865940094","0.841921865940094","3881","3881","3881"
"176299","0.8484499454498291","0.8484499454498291","0.8484499454498291","3882","3882","3882"
"176349","0.8160576224327087","0.8160576224327087","0.8160576224327087","3883","3883","3883"
"176399","0.8434784412384033","0.8434784412384033","0.8434784412384033","3884","3884","3884"
"176449","0.7423590421676636","0.7423590421676636","0.7423590421676636","3885","3885","3885"
"176499","0.798164963722229","0.798164963722229","0.798164963722229","3887","3887","3887"
"176549","0.8604869246482849","0.8604869246482849","0.8604869246482849","3888","3888","3888"
"176599","0.9167899489402771","0.9167899489402771","0.9167899489402771","3889","3889","3889"
"176649","0.9153269529342651","0.9153269529342651","0.9153269529342651","3890","3890","3890"
"176699","0.8755813241004944","0.8755813241004944","0.8755813241004944","3891","3891","3891"
"176749","0.7360481023788452","0.7360481023788452","0.7360481023788452","3892","3892","3892"
"176799","0.983185887336731","0.983185887336731","0.983185887336731","3893","3893","3893"
"176849","0.9408828616142273","0.9408828616142273","0.9408828616142273","3894","3894","3894"
"176899","0.782727837562561","0.782727837562561","0.782727837562561","3895","3895","3895"
"176949","0.747974157333374","0.747974157333374","0.747974157333374","3896","3896","3896"
"176999","0.7730675935745239","0.7730675935745239","0.7730675935745239","3898","3898","3898"
"177049","0.7652499079704285","0.7652499079704285","0.7652499079704285","3899","3899","3899"
"177099","0.749820351600647","0.749820351600647","0.749820351600647","3900","3900","3900"
"177149","1.0226831436157227","1.0226831436157227","1.0226831436157227","3901","3901","3901"
"177199","0.9098658561706543","0.9098658561706543","0.9098658561706543","3902","3902","3902"
"177249","0.8203531503677368","0.8203531503677368","0.8203531503677368","3903","3903","3903"
"177299","0.7792066335678101","0.7792066335678101","0.7792066335678101","3904","3904","3904"
"177349","0.9197098016738892","0.9197098016738892","0.9197098016738892","3905","3905","3905"
"177399","0.8402732610702515","0.8402732610702515","0.8402732610702515","3906","3906","3906"
"177449","0.9261851906776428","0.9261851906776428","0.9261851906776428","3907","3907","3907"
"177499","0.9161180257797241","0.9161180257797241","0.9161180257797241","3909","3909","3909"
"177549","0.8889315724372864","0.8889315724372864","0.8889315724372864","3910","3910","3910"
"177599","0.7763340473175049","0.7763340473175049","0.7763340473175049","3911","3911","3911"
"177649","0.8945761322975159","0.8945761322975159","0.8945761322975159","3912","3912","3912"
"177699","0.7277576327323914","0.7277576327323914","0.7277576327323914","3913","3913","3913"
"177749","0.943115234375","0.943115234375","0.943115234375","3914","3914","3914"
"177799","0.8344617486000061","0.8344617486000061","0.8344617486000061","3915","3915","3915"
"177849","0.842840850353241","0.842840850353241","0.842840850353241","3916","3916","3916"
"177899","0.8826189637184143","0.8826189637184143","0.8826189637184143","3917","3917","3917"
"177949","0.8091869354248047","0.8091869354248047","0.8091869354248047","3918","3918","3918"
"177999","0.8873222470283508","0.8873222470283508","0.8873222470283508","3920","3920","3920"
"178049","0.9451992511749268","0.9451992511749268","0.9451992511749268","3921","3921","3921"
"178099","0.8965210914611816","0.8965210914611816","0.8965210914611816","3922","3922","3922"
"178149","0.9458947777748108","0.9458947777748108","0.9458947777748108","3923","3923","3923"
"178199","0.8188305497169495","0.8188305497169495","0.8188305497169495","3924","3924","3924"
"178249","0.6891593337059021","0.6891593337059021","0.6891593337059021","3925","3925","3925"
"178299","0.8001161813735962","0.8001161813735962","0.8001161813735962","3926","3926","3926"
"178349","0.845559298992157","0.845559298992157","0.845559298992157","3927","3927","3927"
"178399","0.7862049341201782","0.7862049341201782","0.7862049341201782","3928","3928","3928"
"178449","1.0325931310653687","1.0325931310653687","1.0325931310653687","3929","3929","3929"
"178499","0.8317992687225342","0.8317992687225342","0.8317992687225342","3931","3931","3931"
"178549","0.9730125665664673","0.9730125665664673","0.9730125665664673","3932","3932","3932"
"178599","0.977192223072052","0.977192223072052","0.977192223072052","3933","3933","3933"
"178649","0.6701306104660034","0.6701306104660034","0.6701306104660034","3934","3934","3934"
"178699","0.7801083922386169","0.7801083922386169","0.7801083922386169","3935","3935","3935"
"178749","0.8601691126823425","0.8601691126823425","0.8601691126823425","3936","3936","3936"
"178799","0.8606321215629578","0.8606321215629578","0.8606321215629578","3937","3937","3937"
"178849","0.8121703267097473","0.8121703267097473","0.8121703267097473","3938","3938","3938"
"178899","0.8584191799163818","0.8584191799163818","0.8584191799163818","3939","3939","3939"
"178949","0.6921571493148804","0.6921571493148804","0.6921571493148804","3940","3940","3940"
"178999","0.9365074634552002","0.9365074634552002","0.9365074634552002","3942","3942","3942"
"179049","0.8359595537185669","0.8359595537185669","0.8359595537185669","3943","3943","3943"
"179099","0.8689087629318237","0.8689087629318237","0.8689087629318237","3944","3944","3944"
"179149","0.7293823957443237","0.7293823957443237","0.7293823957443237","3945","3945","3945"
"179199","0.8935355544090271","0.8935355544090271","0.8935355544090271","3946","3946","3946"
"179249","0.8559951782226562","0.8559951782226562","0.8559951782226562","3947","3947","3947"
"179299","0.9424834847450256","0.9424834847450256","0.9424834847450256","3948","3948","3948"
"179349","0.7940560579299927","0.7940560579299927","0.7940560579299927","3949","3949","3949"
"179399","0.8826012015342712","0.8826012015342712","0.8826012015342712","3950","3950","3950"
"179449","0.764496386051178","0.764496386051178","0.764496386051178","3951","3951","3951"
"179499","0.7632819414138794","0.7632819414138794","0.7632819414138794","3953","3953","3953"
"179549","0.9208979606628418","0.9208979606628418","0.9208979606628418","3954","3954","3954"
"179599","0.8469460606575012","0.8469460606575012","0.8469460606575012","3955","3955","3955"
"179649","0.7750971913337708","0.7750971913337708","0.7750971913337708","3956","3956","3956"
"179699","0.8743754029273987","0.8743754029273987","0.8743754029273987","3957","3957","3957"
"179749","0.7951114773750305","0.7951114773750305","0.7951114773750305","3958","3958","3958"
"179799","0.8082768321037292","0.8082768321037292","0.8082768321037292","3959","3959","3959"
"179849","0.8336688876152039","0.8336688876152039","0.8336688876152039","3960","3960","3960"
"179899","0.9251421093940735","0.9251421093940735","0.9251421093940735","3961","3961","3961"
"179949","0.8002757430076599","0.8002757430076599","0.8002757430076599","3963","3963","3963"
"179999","0.6301968097686768","0.6301968097686768","0.6301968097686768","3964","3964","3964"
"180049","0.8089075684547424","0.8089075684547424","0.8089075684547424","3965","3965","3965"
"180099","0.6669726371765137","0.6669726371765137","0.6669726371765137","3966","3966","3966"
"180149","0.8265818953514099","0.8265818953514099","0.8265818953514099","3967","3967","3967"
"180199","0.8643980026245117","0.8643980026245117","0.8643980026245117","3968","3968","3968"
"180249","0.7695987820625305","0.7695987820625305","0.7695987820625305","3969","3969","3969"
"180299","0.9206799864768982","0.9206799864768982","0.9206799864768982","3970","3970","3970"
"180349","0.7096230983734131","0.7096230983734131","0.7096230983734131","3971","3971","3971"
"180399","0.7921351194381714","0.7921351194381714","0.7921351194381714","3972","3972","3972"
"180449","0.9646418690681458","0.9646418690681458","0.9646418690681458","3974","3974","3974"
"180499","0.8161510825157166","0.8161510825157166","0.8161510825157166","3975","3975","3975"
"180549","0.8079796433448792","0.8079796433448792","0.8079796433448792","3976","3976","3976"
"180599","0.8088125586509705","0.8088125586509705","0.8088125586509705","3977","3977","3977"
"180649","0.8518182039260864","0.8518182039260864","0.8518182039260864","3978","3978","3978"
"180699","0.8429612517356873","0.8429612517356873","0.8429612517356873","3979","3979","3979"
"180749","0.7596823573112488","0.7596823573112488","0.7596823573112488","3980","3980","3980"
"180799","0.7587242126464844","0.7587242126464844","0.7587242126464844","3981","3981","3981"
"180849","0.793977677822113","0.793977677822113","0.793977677822113","3982","3982","3982"
"180899","0.8271962404251099","0.8271962404251099","0.8271962404251099","3983","3983","3983"
"180949","0.8078930974006653","0.8078930974006653","0.8078930974006653","3985","3985","3985"
"180999","1.0002436637878418","1.0002436637878418","1.0002436637878418","3986","3986","3986"
"181049","0.882580041885376","0.882580041885376","0.882580041885376","3987","3987","3987"
"181099","0.9307025074958801","0.9307025074958801","0.9307025074958801","3988","3988","3988"
"181149","0.8932242393493652","0.8932242393493652","0.8932242393493652","3989","3989","3989"
"181199","0.9308605194091797","0.9308605194091797","0.9308605194091797","3990","3990","3990"
"181249","0.916618287563324","0.916618287563324","0.916618287563324","3991","3991","3991"
"181299","0.7589784860610962","0.7589784860610962","0.7589784860610962","3992","3992","3992"
"181349","0.68829345703125","0.68829345703125","0.68829345703125","3993","3993","3993"
"181399","0.8060500621795654","0.8060500621795654","0.8060500621795654","3994","3994","3994"
"181449","0.9424694180488586","0.9424694180488586","0.9424694180488586","3996","3996","3996"
"181499","0.8167533278465271","0.8167533278465271","0.8167533278465271","3997","3997","3997"
"181549","0.8729935884475708","0.8729935884475708","0.8729935884475708","3998","3998","3998"
"181599","0.8339400887489319","0.8339400887489319","0.8339400887489319","3999","3999","3999"
"181649","0.7614920735359192","0.7614920735359192","0.7614920735359192","4000","4000","4000"
"181699","0.9089661836624146","0.9089661836624146","0.9089661836624146","4001","4001","4001"
"181749","0.8146120309829712","0.8146120309829712","0.8146120309829712","4002","4002","4002"
"181799","0.8457805514335632","0.8457805514335632","0.8457805514335632","4003","4003","4003"
"181849","0.9290077686309814","0.9290077686309814","0.9290077686309814","4004","4004","4004"
"181899","0.9750127792358398","0.9750127792358398","0.9750127792358398","4005","4005","4005"
"181949","0.8848995566368103","0.8848995566368103","0.8848995566368103","4007","4007","4007"
"181999","0.7243328094482422","0.7243328094482422","0.7243328094482422","4008","4008","4008"
"182049","0.8111873865127563","0.8111873865127563","0.8111873865127563","4009","4009","4009"
"182099","1.017938256263733","1.017938256263733","1.017938256263733","4010","4010","4010"
"182149","0.8045786619186401","0.8045786619186401","0.8045786619186401","4011","4011","4011"
"182199","0.8155432343482971","0.8155432343482971","0.8155432343482971","4012","4012","4012"
"182249","0.8531772494316101","0.8531772494316101","0.8531772494316101","4013","4013","4013"
"182299","0.8137041926383972","0.8137041926383972","0.8137041926383972","4014","4014","4014"
"182349","0.8074769377708435","0.8074769377708435","0.8074769377708435","4015","4015","4015"
"182399","0.76785808801651","0.76785808801651","0.76785808801651","4016","4016","4016"
"182449","0.8216053247451782","0.8216053247451782","0.8216053247451782","4018","4018","4018"
"182499","0.7852467894554138","0.7852467894554138","0.7852467894554138","4019","4019","4019"
"182549","0.9078513979911804","0.9078513979911804","0.9078513979911804","4020","4020","4020"
"182599","0.9056726098060608","0.9056726098060608","0.9056726098060608","4021","4021","4021"
"182649","0.8127985596656799","0.8127985596656799","0.8127985596656799","4022","4022","4022"
"182699","0.7927421927452087","0.7927421927452087","0.7927421927452087","4023","4023","4023"
"182749","0.8708525896072388","0.8708525896072388","0.8708525896072388","4024","4024","4024"
"182799","0.8558368682861328","0.8558368682861328","0.8558368682861328","4025","4025","4025"
"182849","0.9244590401649475","0.9244590401649475","0.9244590401649475","4026","4026","4026"
"182899","0.9201537370681763","0.9201537370681763","0.9201537370681763","4027","4027","4027"
"182949","0.9995846748352051","0.9995846748352051","0.9995846748352051","4029","4029","4029"
"182999","0.9547601342201233","0.9547601342201233","0.9547601342201233","4030","4030","4030"
"183049","1.0254721641540527","1.0254721641540527","1.0254721641540527","4031","4031","4031"
"183099","0.8715115785598755","0.8715115785598755","0.8715115785598755","4032","4032","4032"
"183149","0.9105913639068604","0.9105913639068604","0.9105913639068604","4033","4033","4033"
"183199","0.8762472867965698","0.8762472867965698","0.8762472867965698","4034","4034","4034"
"183249","0.8693701028823853","0.8693701028823853","0.8693701028823853","4035","4035","4035"
"183299","0.7652848958969116","0.7652848958969116","0.7652848958969116","4036","4036","4036"
"183349","0.8115942478179932","0.8115942478179932","0.8115942478179932","4037","4037","4037"
"183399","0.8397572636604309","0.8397572636604309","0.8397572636604309","4039","4039","4039"
"183449","0.7489740252494812","0.7489740252494812","0.7489740252494812","4040","4040","4040"
"183499","0.7243637442588806","0.7243637442588806","0.7243637442588806","4041","4041","4041"
"183549","0.8074380159378052","0.8074380159378052","0.8074380159378052","4042","4042","4042"
"183599","0.7464444041252136","0.7464444041252136","0.7464444041252136","4043","4043","4043"
"183649","0.7819491624832153","0.7819491624832153","0.7819491624832153","4044","4044","4044"
"183699","0.7904473543167114","0.7904473543167114","0.7904473543167114","4045","4045","4045"
"183749","0.8221059441566467","0.8221059441566467","0.8221059441566467","4046","4046","4046"
"183799","0.8497308492660522","0.8497308492660522","0.8497308492660522","4047","4047","4047"
"183849","0.9184233546257019","0.9184233546257019","0.9184233546257019","4048","4048","4048"
"183899","0.828217625617981","0.828217625617981","0.828217625617981","4050","4050","4050"
"183949","0.8814430236816406","0.8814430236816406","0.8814430236816406","4051","4051","4051"
"183999","0.917946457862854","0.917946457862854","0.917946457862854","4052","4052","4052"
"184049","0.7116647362709045","0.7116647362709045","0.7116647362709045","4053","4053","4053"
"184099","0.8374170064926147","0.8374170064926147","0.8374170064926147","4054","4054","4054"
"184149","1.024036169052124","1.024036169052124","1.024036169052124","4055","4055","4055"
"184199","0.8942504525184631","0.8942504525184631","0.8942504525184631","4056","4056","4056"
"184249","0.9354119896888733","0.9354119896888733","0.9354119896888733","4057","4057","4057"
"184299","0.7753046751022339","0.7753046751022339","0.7753046751022339","4058","4058","4058"
"184349","0.7560037970542908","0.7560037970542908","0.7560037970542908","4059","4059","4059"
"184399","0.7592729926109314","0.7592729926109314","0.7592729926109314","4061","4061","4061"
"184449","0.6612150073051453","0.6612150073051453","0.6612150073051453","4062","4062","4062"
"184499","0.8640784025192261","0.8640784025192261","0.8640784025192261","4063","4063","4063"
"184549","0.8333386778831482","0.8333386778831482","0.8333386778831482","4064","4064","4064"
"184599","0.906306266784668","0.906306266784668","0.906306266784668","4065","4065","4065"
"184649","0.8083230257034302","0.8083230257034302","0.8083230257034302","4066","4066","4066"
"184699","0.9312860369682312","0.9312860369682312","0.9312860369682312","4067","4067","4067"
"184749","0.8348341584205627","0.8348341584205627","0.8348341584205627","4068","4068","4068"
"184799","0.8153666257858276","0.8153666257858276","0.8153666257858276","4069","4069","4069"
"184849","0.7229492664337158","0.7229492664337158","0.7229492664337158","4070","4070","4070"
"184899","0.7659884095191956","0.7659884095191956","0.7659884095191956","4072","4072","4072"
"184949","0.7859463691711426","0.7859463691711426","0.7859463691711426","4073","4073","4073"
"184999","0.8278089761734009","0.8278089761734009","0.8278089761734009","4074","4074","4074"
"185049","0.9433516263961792","0.9433516263961792","0.9433516263961792","4075","4075","4075"
"185099","0.975048303604126","0.975048303604126","0.975048303604126","4076","4076","4076"
"185149","0.801264226436615","0.801264226436615","0.801264226436615","4077","4077","4077"
"185199","0.8744122385978699","0.8744122385978699","0.8744122385978699","4078","4078","4078"
"185249","0.7561262845993042","0.7561262845993042","0.7561262845993042","4079","4079","4079"
"185299","0.8661701083183289","0.8661701083183289","0.8661701083183289","4080","4080","4080"
"185349","0.7528030872344971","0.7528030872344971","0.7528030872344971","4081","4081","4081"
"185399","0.9377842545509338","0.9377842545509338","0.9377842545509338","4083","4083","4083"
"185449","0.8733344674110413","0.8733344674110413","0.8733344674110413","4084","4084","4084"
"185499","0.8306804299354553","0.8306804299354553","0.8306804299354553","4085","4085","4085"
"185549","0.8572277426719666","0.8572277426719666","0.8572277426719666","4086","4086","4086"
"185599","0.9205175042152405","0.9205175042152405","0.9205175042152405","4087","4087","4087"
"185649","0.9648463129997253","0.9648463129997253","0.9648463129997253","4088","4088","4088"
"185699","0.7250985503196716","0.7250985503196716","0.7250985503196716","4089","4089","4089"
"185749","0.8197576999664307","0.8197576999664307","0.8197576999664307","4090","4090","4090"
"185799","0.8651117086410522","0.8651117086410522","0.8651117086410522","4091","4091","4091"
"185849","0.7983591556549072","0.7983591556549072","0.7983591556549072","4092","4092","4092"
"185899","1.0241371393203735","1.0241371393203735","1.0241371393203735","4094","4094","4094"
"185949","0.8760994672775269","0.8760994672775269","0.8760994672775269","4095","4095","4095"
"185999","0.9245868921279907","0.9245868921279907","0.9245868921279907","4096","4096","4096"
"186049","0.8492619395256042","0.8492619395256042","0.8492619395256042","4097","4097","4097"
"186099","0.7683547735214233","0.7683547735214233","0.7683547735214233","4098","4098","4098"
"186149","0.7951868176460266","0.7951868176460266","0.7951868176460266","4099","4099","4099"
"186199","0.7656692266464233","0.7656692266464233","0.7656692266464233","4100","4100","4100"
"186249","0.9300729036331177","0.9300729036331177","0.9300729036331177","4101","4101","4101"
"186299","0.8186944127082825","0.8186944127082825","0.8186944127082825","4102","4102","4102"
"186349","0.8772348165512085","0.8772348165512085","0.8772348165512085","4103","4103","4103"
"186399","0.8778462409973145","0.8778462409973145","0.8778462409973145","4105","4105","4105"
"186449","0.7691562175750732","0.7691562175750732","0.7691562175750732","4106","4106","4106"
"186499","0.8492524027824402","0.8492524027824402","0.8492524027824402","4107","4107","4107"
"186549","0.8661631345748901","0.8661631345748901","0.8661631345748901","4108","4108","4108"
"186599","0.7759575843811035","0.7759575843811035","0.7759575843811035","4109","4109","4109"
"186649","0.8153265118598938","0.8153265118598938","0.8153265118598938","4110","4110","4110"
"186699","0.9436841011047363","0.9436841011047363","0.9436841011047363","4111","4111","4111"
"186749","0.7067843675613403","0.7067843675613403","0.7067843675613403","4112","4112","4112"
"186799","0.8849677443504333","0.8849677443504333","0.8849677443504333","4113","4113","4113"
"186849","0.8473654985427856","0.8473654985427856","0.8473654985427856","4115","4115","4115"
"186899","0.7652368545532227","0.7652368545532227","0.7652368545532227","4116","4116","4116"
"186949","0.8407890200614929","0.8407890200614929","0.8407890200614929","4117","4117","4117"
"186999","0.8704617023468018","0.8704617023468018","0.8704617023468018","4118","4118","4118"
"187049","0.8588975667953491","0.8588975667953491","0.8588975667953491","4119","4119","4119"
"187099","0.7992846965789795","0.7992846965789795","0.7992846965789795","4120","4120","4120"
"187149","0.7267339825630188","0.7267339825630188","0.7267339825630188","4121","4121","4121"
"187199","0.7894221544265747","0.7894221544265747","0.7894221544265747","4122","4122","4122"
"187249","0.8079463243484497","0.8079463243484497","0.8079463243484497","4123","4123","4123"
"187299","0.9050540924072266","0.9050540924072266","0.9050540924072266","4124","4124","4124"
"187349","0.7357983589172363","0.7357983589172363","0.7357983589172363","4126","4126","4126"
"187399","0.763407826423645","0.763407826423645","0.763407826423645","4127","4127","4127"
"187449","0.8018411993980408","0.8018411993980408","0.8018411993980408","4128","4128","4128"
"187499","0.8611635565757751","0.8611635565757751","0.8611635565757751","4129","4129","4129"
"187549","0.801977276802063","0.801977276802063","0.801977276802063","4130","4130","4130"
"187599","0.8494183421134949","0.8494183421134949","0.8494183421134949","4131","4131","4131"
"187649","0.774574339389801","0.774574339389801","0.774574339389801","4132","4132","4132"
"187699","0.779182493686676","0.779182493686676","0.779182493686676","4133","4133","4133"
"187749","0.8305971026420593","0.8305971026420593","0.8305971026420593","4134","4134","4134"
"187799","0.7411884665489197","0.7411884665489197","0.7411884665489197","4135","4135","4135"
"187849","0.8300892114639282","0.8300892114639282","0.8300892114639282","4137","4137","4137"
"187899","0.851218044757843","0.851218044757843","0.851218044757843","4138","4138","4138"
"187949","0.814160943031311","0.814160943031311","0.814160943031311","4139","4139","4139"
"187999","0.7585979104042053","0.7585979104042053","0.7585979104042053","4140","4140","4140"
"188049","0.8893800973892212","0.8893800973892212","0.8893800973892212","4141","4141","4141"
"188099","0.7734222412109375","0.7734222412109375","0.7734222412109375","4142","4142","4142"
"188149","0.8268207311630249","0.8268207311630249","0.8268207311630249","4143","4143","4143"
"188199","0.7470845580101013","0.7470845580101013","0.7470845580101013","4144","4144","4144"
"188249","0.9426172375679016","0.9426172375679016","0.9426172375679016","4145","4145","4145"
"188299","0.7763322591781616","0.7763322591781616","0.7763322591781616","4146","4146","4146"
"188349","0.7640916109085083","0.7640916109085083","0.7640916109085083","4148","4148","4148"
"188399","0.8893889784812927","0.8893889784812927","0.8893889784812927","4149","4149","4149"
"188449","0.7390456795692444","0.7390456795692444","0.7390456795692444","4150","4150","4150"
"188499","0.7609884738922119","0.7609884738922119","0.7609884738922119","4151","4151","4151"
"188549","0.9477922320365906","0.9477922320365906","0.9477922320365906","4152","4152","4152"
"188599","0.8109713792800903","0.8109713792800903","0.8109713792800903","4153","4153","4153"
"188649","0.7498869299888611","0.7498869299888611","0.7498869299888611","4154","4154","4154"
"188699","0.841996967792511","0.841996967792511","0.841996967792511","4155","4155","4155"
"188749","0.9633744359016418","0.9633744359016418","0.9633744359016418","4156","4156","4156"
"188799","0.7465353608131409","0.7465353608131409","0.7465353608131409","4157","4157","4157"
"188849","0.8422173261642456","0.8422173261642456","0.8422173261642456","4159","4159","4159"
"188899","0.9175446629524231","0.9175446629524231","0.9175446629524231","4160","4160","4160"
"188949","0.8265411257743835","0.8265411257743835","0.8265411257743835","4161","4161","4161"
"188999","0.8872244954109192","0.8872244954109192","0.8872244954109192","4162","4162","4162"
"189049","0.9461116790771484","0.9461116790771484","0.9461116790771484","4163","4163","4163"
"189099","0.9058986902236938","0.9058986902236938","0.9058986902236938","4164","4164","4164"
"189149","0.8376346826553345","0.8376346826553345","0.8376346826553345","4165","4165","4165"
"189199","0.875275194644928","0.875275194644928","0.875275194644928","4166","4166","4166"
"189249","0.7647279500961304","0.7647279500961304","0.7647279500961304","4167","4167","4167"
"189299","0.728761613368988","0.728761613368988","0.728761613368988","4168","4168","4168"
"189349","0.7414728999137878","0.7414728999137878","0.7414728999137878","4170","4170","4170"
"189399","0.8352399468421936","0.8352399468421936","0.8352399468421936","4171","4171","4171"
"189449","0.7712759375572205","0.7712759375572205","0.7712759375572205","4172","4172","4172"
"189499","0.7464713454246521","0.7464713454246521","0.7464713454246521","4173","4173","4173"
"189549","0.8852717876434326","0.8852717876434326","0.8852717876434326","4174","4174","4174"
"189599","0.9549279808998108","0.9549279808998108","0.9549279808998108","4175","4175","4175"
"189649","0.746967613697052","0.746967613697052","0.746967613697052","4176","4176","4176"
"189699","0.8864193558692932","0.8864193558692932","0.8864193558692932","4177","4177","4177"
"189749","0.9206796288490295","0.9206796288490295","0.9206796288490295","4178","4178","4178"
"189799","0.8562350273132324","0.8562350273132324","0.8562350273132324","4179","4179","4179"
"189849","0.8010260462760925","0.8010260462760925","0.8010260462760925","4181","4181","4181"
"189899","0.7835975289344788","0.7835975289344788","0.7835975289344788","4182","4182","4182"
"189949","0.7327095866203308","0.7327095866203308","0.7327095866203308","4183","4183","4183"
"189999","1.1098984479904175","1.1098984479904175","1.1098984479904175","4184","4184","4184"
"190049","0.936586856842041","0.936586856842041","0.936586856842041","4185","4185","4185"
"190099","0.83160001039505","0.83160001039505","0.83160001039505","4186","4186","4186"
"190149","0.8300049304962158","0.8300049304962158","0.8300049304962158","4187","4187","4187"
"190199","0.8796970248222351","0.8796970248222351","0.8796970248222351","4188","4188","4188"
"190249","0.8822060823440552","0.8822060823440552","0.8822060823440552","4189","4189","4189"
"190299","0.8305951952934265","0.8305951952934265","0.8305951952934265","4191","4191","4191"
"190349","0.9836486577987671","0.9836486577987671","0.9836486577987671","4192","4192","4192"
"190399","0.7447353005409241","0.7447353005409241","0.7447353005409241","4193","4193","4193"
"190449","0.8600066304206848","0.8600066304206848","0.8600066304206848","4194","4194","4194"
"190499","0.8386794328689575","0.8386794328689575","0.8386794328689575","4195","4195","4195"
"190549","0.7358329892158508","0.7358329892158508","0.7358329892158508","4196","4196","4196"
"190599","0.7875001430511475","0.7875001430511475","0.7875001430511475","4197","4197","4197"
"190649","0.855367124080658","0.855367124080658","0.855367124080658","4198","4198","4198"
"190699","0.8343012928962708","0.8343012928962708","0.8343012928962708","4199","4199","4199"
"190749","0.7311197519302368","0.7311197519302368","0.7311197519302368","4200","4200","4200"
"190799","0.7468137741088867","0.7468137741088867","0.7468137741088867","4202","4202","4202"
"190849","0.6635408401489258","0.6635408401489258","0.6635408401489258","4203","4203","4203"
"190899","0.8350115418434143","0.8350115418434143","0.8350115418434143","4204","4204","4204"
"190949","0.8406285643577576","0.8406285643577576","0.8406285643577576","4205","4205","4205"
"190999","0.9208629131317139","0.9208629131317139","0.9208629131317139","4206","4206","4206"
"191049","0.883246660232544","0.883246660232544","0.883246660232544","4207","4207","4207"
"191099","0.837946355342865","0.837946355342865","0.837946355342865","4208","4208","4208"
"191149","0.8615330457687378","0.8615330457687378","0.8615330457687378","4209","4209","4209"
"191199","0.9292153716087341","0.9292153716087341","0.9292153716087341","4210","4210","4210"
"191249","0.693442165851593","0.693442165851593","0.693442165851593","4211","4211","4211"
"191299","0.8937723636627197","0.8937723636627197","0.8937723636627197","4213","4213","4213"
"191349","0.7572362422943115","0.7572362422943115","0.7572362422943115","4214","4214","4214"
"191399","0.7699458599090576","0.7699458599090576","0.7699458599090576","4215","4215","4215"
"191449","0.8233029246330261","0.8233029246330261","0.8233029246330261","4216","4216","4216"
"191499","0.7779833078384399","0.7779833078384399","0.7779833078384399","4217","4217","4217"
"191549","0.7879326343536377","0.7879326343536377","0.7879326343536377","4218","4218","4218"
"191599","0.982379138469696","0.982379138469696","0.982379138469696","4219","4219","4219"
"191649","0.7871862649917603","0.7871862649917603","0.7871862649917603","4220","4220","4220"
"191699","0.972116231918335","0.972116231918335","0.972116231918335","4221","4221","4221"
"191749","0.7978781461715698","0.7978781461715698","0.7978781461715698","4222","4222","4222"
"191799","0.8384615778923035","0.8384615778923035","0.8384615778923035","4224","4224","4224"
"191849","0.9808369278907776","0.9808369278907776","0.9808369278907776","4225","4225","4225"
"191899","0.8439669609069824","0.8439669609069824","0.8439669609069824","4226","4226","4226"
"191949","0.7934346795082092","0.7934346795082092","0.7934346795082092","4227","4227","4227"
"191999","0.9155778884887695","0.9155778884887695","0.9155778884887695","4228","4228","4228"
"192049","0.8344792723655701","0.8344792723655701","0.8344792723655701","4229","4229","4229"
"192099","0.8504787683486938","0.8504787683486938","0.8504787683486938","4230","4230","4230"
"192149","0.8531098365783691","0.8531098365783691","0.8531098365783691","4231","4231","4231"
"192199","0.8838494420051575","0.8838494420051575","0.8838494420051575","4232","4232","4232"
"192249","0.726902425289154","0.726902425289154","0.726902425289154","4233","4233","4233"
"192299","0.8369623422622681","0.8369623422622681","0.8369623422622681","4235","4235","4235"
"192349","0.653633713722229","0.653633713722229","0.653633713722229","4236","4236","4236"
"192399","0.7855124473571777","0.7855124473571777","0.7855124473571777","4237","4237","4237"
"192449","0.7556138634681702","0.7556138634681702","0.7556138634681702","4238","4238","4238"
"192499","0.8361992835998535","0.8361992835998535","0.8361992835998535","4239","4239","4239"
"192549","0.8696430325508118","0.8696430325508118","0.8696430325508118","4240","4240","4240"
"192599","0.8686845302581787","0.8686845302581787","0.8686845302581787","4241","4241","4241"
"192649","0.6508024334907532","0.6508024334907532","0.6508024334907532","4242","4242","4242"
"192699","0.6543653607368469","0.6543653607368469","0.6543653607368469","4243","4243","4243"
"192749","0.7496823668479919","0.7496823668479919","0.7496823668479919","4244","4244","4244"
"192799","1.0133157968521118","1.0133157968521118","1.0133157968521118","4246","4246","4246"
"192849","0.7753362059593201","0.7753362059593201","0.7753362059593201","4247","4247","4247"
"192899","0.7708711624145508","0.7708711624145508","0.7708711624145508","4248","4248","4248"
"192949","0.8515987992286682","0.8515987992286682","0.8515987992286682","4249","4249","4249"
"192999","0.7800706624984741","0.7800706624984741","0.7800706624984741","4250","4250","4250"
"193049","0.7339202165603638","0.7339202165603638","0.7339202165603638","4251","4251","4251"
"193099","0.8495839238166809","0.8495839238166809","0.8495839238166809","4252","4252","4252"
"193149","0.835411012172699","0.835411012172699","0.835411012172699","4253","4253","4253"
"193199","0.8009534478187561","0.8009534478187561","0.8009534478187561","4254","4254","4254"
"193249","0.8547179102897644","0.8547179102897644","0.8547179102897644","4255","4255","4255"
"193299","0.7959222793579102","0.7959222793579102","0.7959222793579102","4257","4257","4257"
"193349","0.936827540397644","0.936827540397644","0.936827540397644","4258","4258","4258"
"193399","0.843246340751648","0.843246340751648","0.843246340751648","4259","4259","4259"
"193449","0.8385425806045532","0.8385425806045532","0.8385425806045532","4260","4260","4260"
"193499","0.7946929931640625","0.7946929931640625","0.7946929931640625","4261","4261","4261"
"193549","0.8430740237236023","0.8430740237236023","0.8430740237236023","4262","4262","4262"
"193599","0.6886005401611328","0.6886005401611328","0.6886005401611328","4263","4263","4263"
"193649","0.8263453245162964","0.8263453245162964","0.8263453245162964","4264","4264","4264"
"193699","0.8628352880477905","0.8628352880477905","0.8628352880477905","4265","4265","4265"
"193749","1.0156652927398682","1.0156652927398682","1.0156652927398682","4267","4267","4267"
"193799","0.9469202160835266","0.9469202160835266","0.9469202160835266","4268","4268","4268"
"193849","0.7259703278541565","0.7259703278541565","0.7259703278541565","4269","4269","4269"
"193899","0.9562008380889893","0.9562008380889893","0.9562008380889893","4270","4270","4270"
"193949","0.8984969258308411","0.8984969258308411","0.8984969258308411","4271","4271","4271"
"193999","0.7550877332687378","0.7550877332687378","0.7550877332687378","4272","4272","4272"
"194049","0.7700175642967224","0.7700175642967224","0.7700175642967224","4273","4273","4273"
"194099","0.8873598575592041","0.8873598575592041","0.8873598575592041","4274","4274","4274"
"194149","0.7764936685562134","0.7764936685562134","0.7764936685562134","4275","4275","4275"
"194199","0.726821780204773","0.726821780204773","0.726821780204773","4276","4276","4276"
"194249","0.7075518369674683","0.7075518369674683","0.7075518369674683","4278","4278","4278"
"194299","0.7050972580909729","0.7050972580909729","0.7050972580909729","4279","4279","4279"
"194349","0.8769205212593079","0.8769205212593079","0.8769205212593079","4280","4280","4280"
"194399","0.8245555758476257","0.8245555758476257","0.8245555758476257","4281","4281","4281"
"194449","0.7857071757316589","0.7857071757316589","0.7857071757316589","4282","4282","4282"
"194499","0.9212040305137634","0.9212040305137634","0.9212040305137634","4283","4283","4283"
"194549","0.8647990226745605","0.8647990226745605","0.8647990226745605","4284","4284","4284"
"194599","0.8193212747573853","0.8193212747573853","0.8193212747573853","4285","4285","4285"
"194649","0.8660198450088501","0.8660198450088501","0.8660198450088501","4286","4286","4286"
"194699","0.8364081382751465","0.8364081382751465","0.8364081382751465","4287","4287","4287"
"194749","0.8945791721343994","0.8945791721343994","0.8945791721343994","4289","4289","4289"
"194799","0.8060213923454285","0.8060213923454285","0.8060213923454285","4290","4290","4290"
"194849","0.7161833047866821","0.7161833047866821","0.7161833047866821","4291","4291","4291"
"194899","0.7358763813972473","0.7358763813972473","0.7358763813972473","4292","4292","4292"
"194949","0.8570389151573181","0.8570389151573181","0.8570389151573181","4293","4293","4293"
"194999","0.7162599563598633","0.7162599563598633","0.7162599563598633","4294","4294","4294"
"195049","0.6988593339920044","0.6988593339920044","0.6988593339920044","4295","4295","4295"
"195099","0.9100838303565979","0.9100838303565979","0.9100838303565979","4296","4296","4296"
"195149","0.7735596895217896","0.7735596895217896","0.7735596895217896","4297","4297","4297"
"195199","0.7353858351707458","0.7353858351707458","0.7353858351707458","4298","4298","4298"
"195249","0.807136058807373","0.807136058807373","0.807136058807373","4300","4300","4300"
"195299","0.6886682510375977","0.6886682510375977","0.6886682510375977","4301","4301","4301"
"195349","0.8125607371330261","0.8125607371330261","0.8125607371330261","4302","4302","4302"
"195399","0.7983742952346802","0.7983742952346802","0.7983742952346802","4303","4303","4303"
"195449","0.8045234084129333","0.8045234084129333","0.8045234084129333","4304","4304","4304"
"195499","0.858981728553772","0.858981728553772","0.858981728553772","4305","4305","4305"
"195549","0.844586968421936","0.844586968421936","0.844586968421936","4306","4306","4306"
"195599","1.036801815032959","1.036801815032959","1.036801815032959","4307","4307","4307"
"195649","0.8831601142883301","0.8831601142883301","0.8831601142883301","4308","4308","4308"
"195699","0.8812041282653809","0.8812041282653809","0.8812041282653809","4309","4309","4309"
"195749","0.7038869261741638","0.7038869261741638","0.7038869261741638","4311","4311","4311"
"195799","0.7717265486717224","0.7717265486717224","0.7717265486717224","4312","4312","4312"
"195849","0.9018160700798035","0.9018160700798035","0.9018160700798035","4313","4313","4313"
"195899","0.7505131363868713","0.7505131363868713","0.7505131363868713","4314","4314","4314"
"195949","0.8338713049888611","0.8338713049888611","0.8338713049888611","4315","4315","4315"
"195999","1.019646406173706","1.019646406173706","1.019646406173706","4316","4316","4316"
"196049","0.8885485529899597","0.8885485529899597","0.8885485529899597","4317","4317","4317"
"196099","0.9349977970123291","0.9349977970123291","0.9349977970123291","4318","4318","4318"
"196149","0.718731164932251","0.718731164932251","0.718731164932251","4319","4319","4319"
"196199","0.9079269766807556","0.9079269766807556","0.9079269766807556","4320","4320","4320"
"196249","0.8163453936576843","0.8163453936576843","0.8163453936576843","4322","4322","4322"
"196299","0.8522945046424866","0.8522945046424866","0.8522945046424866","4323","4323","4323"
"196349","0.744691014289856","0.744691014289856","0.744691014289856","4324","4324","4324"
"196399","0.930355966091156","0.930355966091156","0.930355966091156","4325","4325","4325"
"196449","0.8709832429885864","0.8709832429885864","0.8709832429885864","4326","4326","4326"
"196499","0.861345112323761","0.861345112323761","0.861345112323761","4327","4327","4327"
"196549","0.8629269003868103","0.8629269003868103","0.8629269003868103","4328","4328","4328"
"196599","0.7114902138710022","0.7114902138710022","0.7114902138710022","4329","4329","4329"
"196649","0.7604150176048279","0.7604150176048279","0.7604150176048279","4330","4330","4330"
"196699","0.8411208987236023","0.8411208987236023","0.8411208987236023","4331","4331","4331"
"196749","0.8311054110527039","0.8311054110527039","0.8311054110527039","4333","4333","4333"
"196799","0.7172254920005798","0.7172254920005798","0.7172254920005798","4334","4334","4334"
"196849","0.7965891361236572","0.7965891361236572","0.7965891361236572","4335","4335","4335"
"196899","0.9707163572311401","0.9707163572311401","0.9707163572311401","4336","4336","4336"
"196949","0.7909117341041565","0.7909117341041565","0.7909117341041565","4337","4337","4337"
"196999","0.8414173126220703","0.8414173126220703","0.8414173126220703","4338","4338","4338"
"197049","0.8168008327484131","0.8168008327484131","0.8168008327484131","4339","4339","4339"
"197099","0.7427135109901428","0.7427135109901428","0.7427135109901428","4340","4340","4340"
"197149","0.7644509077072144","0.7644509077072144","0.7644509077072144","4341","4341","4341"
"197199","0.888610303401947","0.888610303401947","0.888610303401947","4342","4342","4342"
"197249","0.7811660766601562","0.7811660766601562","0.7811660766601562","4344","4344","4344"
"197299","0.8216581344604492","0.8216581344604492","0.8216581344604492","4345","4345","4345"
"197349","0.9590602517127991","0.9590602517127991","0.9590602517127991","4346","4346","4346"
"197399","0.7472657561302185","0.7472657561302185","0.7472657561302185","4347","4347","4347"
"197449","0.9457593560218811","0.9457593560218811","0.9457593560218811","4348","4348","4348"
"197499","0.80829918384552","0.80829918384552","0.80829918384552","4349","4349","4349"
"197549","0.8560155034065247","0.8560155034065247","0.8560155034065247","4350","4350","4350"
"197599","0.7736393213272095","0.7736393213272095","0.7736393213272095","4351","4351","4351"
"197649","0.8769021034240723","0.8769021034240723","0.8769021034240723","4352","4352","4352"
"197699","0.7713714241981506","0.7713714241981506","0.7713714241981506","4354","4354","4354"
"197749","0.7958885431289673","0.7958885431289673","0.7958885431289673","4355","4355","4355"
"197799","0.7857927680015564","0.7857927680015564","0.7857927680015564","4356","4356","4356"
"197849","0.8788778185844421","0.8788778185844421","0.8788778185844421","4357","4357","4357"
"197899","0.9358293414115906","0.9358293414115906","0.9358293414115906","4358","4358","4358"
"197949","0.7103197574615479","0.7103197574615479","0.7103197574615479","4359","4359","4359"
"197999","0.8590675592422485","0.8590675592422485","0.8590675592422485","4360","4360","4360"
"198049","0.7256218791007996","0.7256218791007996","0.7256218791007996","4361","4361","4361"
"198099","0.7904263138771057","0.7904263138771057","0.7904263138771057","4362","4362","4362"
"198149","0.8441835641860962","0.8441835641860962","0.8441835641860962","4363","4363","4363"
"198199","0.785385012626648","0.785385012626648","0.785385012626648","4365","4365","4365"
"198249","0.7895596623420715","0.7895596623420715","0.7895596623420715","4366","4366","4366"
"198299","0.7930642366409302","0.7930642366409302","0.7930642366409302","4367","4367","4367"
"198349","0.9168671369552612","0.9168671369552612","0.9168671369552612","4368","4368","4368"
"198399","0.9124405384063721","0.9124405384063721","0.9124405384063721","4369","4369","4369"
"198449","0.8877885937690735","0.8877885937690735","0.8877885937690735","4370","4370","4370"
"198499","0.7807368040084839","0.7807368040084839","0.7807368040084839","4371","4371","4371"
"198549","0.914614737033844","0.914614737033844","0.914614737033844","4372","4372","4372"
"198599","0.8019412159919739","0.8019412159919739","0.8019412159919739","4373","4373","4373"
"198649","0.7952404618263245","0.7952404618263245","0.7952404618263245","4374","4374","4374"
"198699","0.9315978288650513","0.9315978288650513","0.9315978288650513","4376","4376","4376"
"198749","0.8499020934104919","0.8499020934104919","0.8499020934104919","4377","4377","4377"
"198799","0.7385132908821106","0.7385132908821106","0.7385132908821106","4378","4378","4378"
"198849","0.9298354387283325","0.9298354387283325","0.9298354387283325","4379","4379","4379"
"198899","0.7610101699829102","0.7610101699829102","0.7610101699829102","4380","4380","4380"
"198949","0.8598445057868958","0.8598445057868958","0.8598445057868958","4381","4381","4381"
"198999","0.7814323306083679","0.7814323306083679","0.7814323306083679","4382","4382","4382"
"199049","0.8464391231536865","0.8464391231536865","0.8464391231536865","4383","4383","4383"
"199099","0.8971325755119324","0.8971325755119324","0.8971325755119324","4384","4384","4384"
"199149","0.7584413290023804","0.7584413290023804","0.7584413290023804","4385","4385","4385"
"199199","0.76356440782547","0.76356440782547","0.76356440782547","4387","4387","4387"
"199249","0.7754418253898621","0.7754418253898621","0.7754418253898621","4388","4388","4388"
"199299","0.9114291071891785","0.9114291071891785","0.9114291071891785","4389","4389","4389"
"199349","0.9610557556152344","0.9610557556152344","0.9610557556152344","4390","4390","4390"
"199399","0.8326555490493774","0.8326555490493774","0.8326555490493774","4391","4391","4391"
"199449","0.7905232906341553","0.7905232906341553","0.7905232906341553","4392","4392","4392"
"199499","0.9167551398277283","0.9167551398277283","0.9167551398277283","4393","4393","4393"
"199549","1.0458275079727173","1.0458275079727173","1.0458275079727173","4394","4394","4394"
"199599","0.7926715016365051","0.7926715016365051","0.7926715016365051","4395","4395","4395"
"199649","0.7244744896888733","0.7244744896888733","0.7244744896888733","4396","4396","4396"
"199699","0.7621684670448303","0.7621684670448303","0.7621684670448303","4398","4398","4398"
"199749","0.7358148694038391","0.7358148694038391","0.7358148694038391","4399","4399","4399"
"199799","0.6966067552566528","0.6966067552566528","0.6966067552566528","4400","4400","4400"
"199849","0.7796259522438049","0.7796259522438049","0.7796259522438049","4401","4401","4401"
"199899","0.8418005108833313","0.8418005108833313","0.8418005108833313","4402","4402","4402"
"199949","0.8823741674423218","0.8823741674423218","0.8823741674423218","4403","4403","4403"
"199999","0.7952149510383606","0.7952149510383606","0.7952149510383606","4404","4404","4404"
"200049","0.8160297870635986","0.8160297870635986","0.8160297870635986","4405","4405","4405"
"200099","0.7774946093559265","0.7774946093559265","0.7774946093559265","4406","4406","4406"
"200149","0.7679831385612488","0.7679831385612488","0.7679831385612488","4407","4407","4407"
"200199","0.9427217841148376","0.9427217841148376","0.9427217841148376","4409","4409","4409"
"200249","0.7707029581069946","0.7707029581069946","0.7707029581069946","4410","4410","4410"
"200299","0.8186547756195068","0.8186547756195068","0.8186547756195068","4411","4411","4411"
"200349","0.8396430611610413","0.8396430611610413","0.8396430611610413","4412","4412","4412"
"200399","0.739562451839447","0.739562451839447","0.739562451839447","4413","4413","4413"
"200449","0.764604389667511","0.764604389667511","0.764604389667511","4414","4414","4414"
"200499","0.9131330251693726","0.9131330251693726","0.9131330251693726","4415","4415","4415"
"200549","0.8781418800354004","0.8781418800354004","0.8781418800354004","4416","4416","4416"
"200599","0.8099168539047241","0.8099168539047241","0.8099168539047241","4417","4417","4417"
"200649","0.7969721555709839","0.7969721555709839","0.7969721555709839","4418","4418","4418"
"200699","0.7910743355751038","0.7910743355751038","0.7910743355751038","4420","4420","4420"
"200749","0.8943529725074768","0.8943529725074768","0.8943529725074768","4421","4421","4421"
"200799","0.7898683547973633","0.7898683547973633","0.7898683547973633","4422","4422","4422"
"200849","0.8513790369033813","0.8513790369033813","0.8513790369033813","4423","4423","4423"
"200899","0.8702050447463989","0.8702050447463989","0.8702050447463989","4424","4424","4424"
"200949","0.7587634921073914","0.7587634921073914","0.7587634921073914","4425","4425","4425"
"200999","0.891517162322998","0.891517162322998","0.891517162322998","4426","4426","4426"
"201049","0.8432238101959229","0.8432238101959229","0.8432238101959229","4427","4427","4427"
"201099","0.841706395149231","0.841706395149231","0.841706395149231","4428","4428","4428"
"201149","0.7242275476455688","0.7242275476455688","0.7242275476455688","4430","4430","4430"
"201199","0.7303768992424011","0.7303768992424011","0.7303768992424011","4431","4431","4431"
"201249","0.8058726191520691","0.8058726191520691","0.8058726191520691","4432","4432","4432"
"201299","0.7542705535888672","0.7542705535888672","0.7542705535888672","4433","4433","4433"
"201349","0.8121029138565063","0.8121029138565063","0.8121029138565063","4434","4434","4434"
"201399","0.7232506275177002","0.7232506275177002","0.7232506275177002","4435","4435","4435"
"201449","0.8245894908905029","0.8245894908905029","0.8245894908905029","4436","4436","4436"
"201499","0.7119507193565369","0.7119507193565369","0.7119507193565369","4437","4437","4437"
"201549","0.8453891277313232","0.8453891277313232","0.8453891277313232","4438","4438","4438"
"201599","0.9720021486282349","0.9720021486282349","0.9720021486282349","4439","4439","4439"
"201649","0.9365620613098145","0.9365620613098145","0.9365620613098145","4441","4441","4441"
"201699","0.8617796301841736","0.8617796301841736","0.8617796301841736","4442","4442","4442"
"201749","0.9923593997955322","0.9923593997955322","0.9923593997955322","4443","4443","4443"
"201799","0.8849614858627319","0.8849614858627319","0.8849614858627319","4444","4444","4444"
"201849","0.7783164381980896","0.7783164381980896","0.7783164381980896","4445","4445","4445"
"201899","0.8452243208885193","0.8452243208885193","0.8452243208885193","4446","4446","4446"
"201949","0.8126261234283447","0.8126261234283447","0.8126261234283447","4447","4447","4447"
"201999","0.8255032896995544","0.8255032896995544","0.8255032896995544","4448","4448","4448"
"202049","0.8621664047241211","0.8621664047241211","0.8621664047241211","4449","4449","4449"
"202099","0.7705299854278564","0.7705299854278564","0.7705299854278564","4450","4450","4450"
"202149","0.7944976091384888","0.7944976091384888","0.7944976091384888","4452","4452","4452"
"202199","0.9005916714668274","0.9005916714668274","0.9005916714668274","4453","4453","4453"
"202249","0.732136607170105","0.732136607170105","0.732136607170105","4454","4454","4454"
"202299","0.8170433640480042","0.8170433640480042","0.8170433640480042","4455","4455","4455"
"202349","0.7791773080825806","0.7791773080825806","0.7791773080825806","4456","4456","4456"
"202399","0.77906733751297","0.77906733751297","0.77906733751297","4457","4457","4457"
"202449","0.7799477577209473","0.7799477577209473","0.7799477577209473","4458","4458","4458"
"202499","0.6571789979934692","0.6571789979934692","0.6571789979934692","4459","4459","4459"
"202549","0.7985844016075134","0.7985844016075134","0.7985844016075134","4460","4460","4460"
"202599","0.7002266049385071","0.7002266049385071","0.7002266049385071","4461","4461","4461"
"202649","0.6888992190361023","0.6888992190361023","0.6888992190361023","4463","4463","4463"
"202699","0.771186113357544","0.771186113357544","0.771186113357544","4464","4464","4464"
"202749","0.8591909408569336","0.8591909408569336","0.8591909408569336","4465","4465","4465"
"202799","0.8996067047119141","0.8996067047119141","0.8996067047119141","4466","4466","4466"
"202849","0.7549619078636169","0.7549619078636169","0.7549619078636169","4467","4467","4467"
"202899","0.8015996813774109","0.8015996813774109","0.8015996813774109","4468","4468","4468"
"202949","1.0147055387496948","1.0147055387496948","1.0147055387496948","4469","4469","4469"
"202999","0.7663146257400513","0.7663146257400513","0.7663146257400513","4470","4470","4470"
"203049","0.7955982685089111","0.7955982685089111","0.7955982685089111","4471","4471","4471"
"203099","0.8382746577262878","0.8382746577262878","0.8382746577262878","4472","4472","4472"
"203149","0.7249177694320679","0.7249177694320679","0.7249177694320679","4474","4474","4474"
"203199","0.923395574092865","0.923395574092865","0.923395574092865","4475","4475","4475"
"203249","0.863438606262207","0.863438606262207","0.863438606262207","4476","4476","4476"
"203299","0.834001362323761","0.834001362323761","0.834001362323761","4477","4477","4477"
"203349","0.7884966135025024","0.7884966135025024","0.7884966135025024","4478","4478","4478"
"203399","0.9167795181274414","0.9167795181274414","0.9167795181274414","4479","4479","4479"
"203449","0.9044385552406311","0.9044385552406311","0.9044385552406311","4480","4480","4480"
"203499","0.6674491763114929","0.6674491763114929","0.6674491763114929","4481","4481","4481"
"203549","0.9311854243278503","0.9311854243278503","0.9311854243278503","4482","4482","4482"
"203599","0.867289662361145","0.867289662361145","0.867289662361145","4483","4483","4483"
"203649","0.8241971731185913","0.8241971731185913","0.8241971731185913","4485","4485","4485"
"203699","0.707987368106842","0.707987368106842","0.707987368106842","4486","4486","4486"
"203749","0.6684093475341797","0.6684093475341797","0.6684093475341797","4487","4487","4487"
"203799","0.6330050826072693","0.6330050826072693","0.6330050826072693","4488","4488","4488"
"203849","0.8439122438430786","0.8439122438430786","0.8439122438430786","4489","4489","4489"
"203899","0.7169924974441528","0.7169924974441528","0.7169924974441528","4490","4490","4490"
"203949","0.8036088347434998","0.8036088347434998","0.8036088347434998","4491","4491","4491"
"203999","0.8777565360069275","0.8777565360069275","0.8777565360069275","4492","4492","4492"
"204049","0.9153842926025391","0.9153842926025391","0.9153842926025391","4493","4493","4493"
"204099","0.7976680397987366","0.7976680397987366","0.7976680397987366","4494","4494","4494"
"204149","0.7552233338356018","0.7552233338356018","0.7552233338356018","4496","4496","4496"
"204199","0.9488620162010193","0.9488620162010193","0.9488620162010193","4497","4497","4497"
"204249","0.9426202774047852","0.9426202774047852","0.9426202774047852","4498","4498","4498"
"204299","0.7649611830711365","0.7649611830711365","0.7649611830711365","4499","4499","4499"
"204349","0.9263222217559814","0.9263222217559814","0.9263222217559814","4500","4500","4500"
"204399","0.8395217657089233","0.8395217657089233","0.8395217657089233","4501","4501","4501"
"204449","0.6629800796508789","0.6629800796508789","0.6629800796508789","4502","4502","4502"
"204499","0.8131945729255676","0.8131945729255676","0.8131945729255676","4503","4503","4503"
"204549","0.8101645708084106","0.8101645708084106","0.8101645708084106","4504","4504","4504"
"204599","1.2357467412948608","1.2357467412948608","1.2357467412948608","4506","4506","4506"
"204649","0.7349267601966858","0.7349267601966858","0.7349267601966858","4507","4507","4507"
"204699","0.8040171265602112","0.8040171265602112","0.8040171265602112","4508","4508","4508"
"204749","0.8425557017326355","0.8425557017326355","0.8425557017326355","4509","4509","4509"
"204799","0.7484618425369263","0.7484618425369263","0.7484618425369263","4510","4510","4510"
"204849","0.8040624856948853","0.8040624856948853","0.8040624856948853","4511","4511","4511"
"204899","0.6970860362052917","0.6970860362052917","0.6970860362052917","4512","4512","4512"
"204949","0.95844966173172","0.95844966173172","0.95844966173172","4513","4513","4513"
"204999","0.8413524031639099","0.8413524031639099","0.8413524031639099","4514","4514","4514"
"205049","0.8294550776481628","0.8294550776481628","0.8294550776481628","4515","4515","4515"
"205099","0.7483401894569397","0.7483401894569397","0.7483401894569397","4517","4517","4517"
"205149","0.777723491191864","0.777723491191864","0.777723491191864","4518","4518","4518"
"205199","0.7861019968986511","0.7861019968986511","0.7861019968986511","4519","4519","4519"
"205249","0.9760560393333435","0.9760560393333435","0.9760560393333435","4520","4520","4520"
"205299","0.9723138809204102","0.9723138809204102","0.9723138809204102","4521","4521","4521"
"205349","0.8300526738166809","0.8300526738166809","0.8300526738166809","4522","4522","4522"
"205399","0.7412648797035217","0.7412648797035217","0.7412648797035217","4523","4523","4523"
"205449","0.7327255010604858","0.7327255010604858","0.7327255010604858","4524","4524","4524"
"205499","0.7096039652824402","0.7096039652824402","0.7096039652824402","4525","4525","4525"
"205549","0.8425573110580444","0.8425573110580444","0.8425573110580444","4526","4526","4526"
"205599","0.7917601466178894","0.7917601466178894","0.7917601466178894","4528","4528","4528"
"205649","0.797870934009552","0.797870934009552","0.797870934009552","4529","4529","4529"
"205699","0.8161182403564453","0.8161182403564453","0.8161182403564453","4530","4530","4530"
"205749","0.8226553201675415","0.8226553201675415","0.8226553201675415","4531","4531","4531"
"205799","0.6713446974754333","0.6713446974754333","0.6713446974754333","4532","4532","4532"
"205849","0.7270148992538452","0.7270148992538452","0.7270148992538452","4533","4533","4533"
"205899","0.930424153804779","0.930424153804779","0.930424153804779","4534","4534","4534"
"205949","0.7724054455757141","0.7724054455757141","0.7724054455757141","4535","4535","4535"
"205999","0.7367257475852966","0.7367257475852966","0.7367257475852966","4536","4536","4536"
"206049","0.7392816543579102","0.7392816543579102","0.7392816543579102","4537","4537","4537"
"206099","0.8970766067504883","0.8970766067504883","0.8970766067504883","4539","4539","4539"
"206149","0.7491136193275452","0.7491136193275452","0.7491136193275452","4540","4540","4540"
"206199","0.9425686597824097","0.9425686597824097","0.9425686597824097","4541","4541","4541"
"206249","0.8157190084457397","0.8157190084457397","0.8157190084457397","4542","4542","4542"
"206299","0.8944256901741028","0.8944256901741028","0.8944256901741028","4543","4543","4543"
"206349","0.6584511399269104","0.6584511399269104","0.6584511399269104","4544","4544","4544"
"206399","0.6661252379417419","0.6661252379417419","0.6661252379417419","4545","4545","4545"
"206449","1.0219504833221436","1.0219504833221436","1.0219504833221436","4546","4546","4546"
"206499","0.951725959777832","0.951725959777832","0.951725959777832","4547","4547","4547"
"206549","0.8985620141029358","0.8985620141029358","0.8985620141029358","4548","4548","4548"
"206599","0.83223557472229","0.83223557472229","0.83223557472229","4550","4550","4550"
"206649","0.9474198222160339","0.9474198222160339","0.9474198222160339","4551","4551","4551"
"206699","0.8789302110671997","0.8789302110671997","0.8789302110671997","4552","4552","4552"
"206749","0.8677918314933777","0.8677918314933777","0.8677918314933777","4553","4553","4553"
"206799","0.7791383862495422","0.7791383862495422","0.7791383862495422","4554","4554","4554"
"206849","0.7650243043899536","0.7650243043899536","0.7650243043899536","4555","4555","4555"
"206899","0.9128479361534119","0.9128479361534119","0.9128479361534119","4556","4556","4556"
"206949","0.7509231567382812","0.7509231567382812","0.7509231567382812","4557","4557","4557"
"206999","0.7639486193656921","0.7639486193656921","0.7639486193656921","4558","4558","4558"
"207049","0.8880607485771179","0.8880607485771179","0.8880607485771179","4559","4559","4559"
"207099","0.6750837564468384","0.6750837564468384","0.6750837564468384","4561","4561","4561"
"207149","0.7756460309028625","0.7756460309028625","0.7756460309028625","4562","4562","4562"
"207199","0.8348800539970398","0.8348800539970398","0.8348800539970398","4563","4563","4563"
"207249","0.8490229845046997","0.8490229845046997","0.8490229845046997","4564","4564","4564"
"207299","0.8301881551742554","0.8301881551742554","0.8301881551742554","4565","4565","4565"
"207349","0.7479122281074524","0.7479122281074524","0.7479122281074524","4566","4566","4566"
"207399","0.8389930725097656","0.8389930725097656","0.8389930725097656","4567","4567","4567"
"207449","0.7805800437927246","0.7805800437927246","0.7805800437927246","4568","4568","4568"
"207499","0.8734978437423706","0.8734978437423706","0.8734978437423706","4569","4569","4569"
"207549","0.7369505763053894","0.7369505763053894","0.7369505763053894","4570","4570","4570"
"207599","0.8662643432617188","0.8662643432617188","0.8662643432617188","4572","4572","4572"
"207649","0.8702344298362732","0.8702344298362732","0.8702344298362732","4573","4573","4573"
"207699","0.8132967352867126","0.8132967352867126","0.8132967352867126","4574","4574","4574"
"207749","0.802060067653656","0.802060067653656","0.802060067653656","4575","4575","4575"
"207799","0.8953050971031189","0.8953050971031189","0.8953050971031189","4576","4576","4576"
"207849","0.8463281393051147","0.8463281393051147","0.8463281393051147","4577","4577","4577"
"207899","0.8330756425857544","0.8330756425857544","0.8330756425857544","4578","4578","4578"
"207949","0.7324508428573608","0.7324508428573608","0.7324508428573608","4579","4579","4579"
"207999","0.8369753360748291","0.8369753360748291","0.8369753360748291","4580","4580","4580"
"208049","0.7730775475502014","0.7730775475502014","0.7730775475502014","4582","4582","4582"
"208099","0.8282476663589478","0.8282476663589478","0.8282476663589478","4583","4583","4583"
"208149","0.7508150935173035","0.7508150935173035","0.7508150935173035","4584","4584","4584"
"208199","0.780451774597168","0.780451774597168","0.780451774597168","4585","4585","4585"
"208249","0.6922258734703064","0.6922258734703064","0.6922258734703064","4586","4586","4586"
"208299","0.8540220856666565","0.8540220856666565","0.8540220856666565","4587","4587","4587"
"208349","0.8483437299728394","0.8483437299728394","0.8483437299728394","4588","4588","4588"
"208399","0.8538867235183716","0.8538867235183716","0.8538867235183716","4589","4589","4589"
"208449","0.7943007946014404","0.7943007946014404","0.7943007946014404","4590","4590","4590"
"208499","0.9174041748046875","0.9174041748046875","0.9174041748046875","4591","4591","4591"
"208549","0.759681761264801","0.759681761264801","0.759681761264801","4593","4593","4593"
"208599","0.8910925388336182","0.8910925388336182","0.8910925388336182","4594","4594","4594"
"208649","1.0016462802886963","1.0016462802886963","1.0016462802886963","4595","4595","4595"
"208699","0.6774659156799316","0.6774659156799316","0.6774659156799316","4596","4596","4596"
"208749","0.8359900712966919","0.8359900712966919","0.8359900712966919","4597","4597","4597"
"208799","0.8790149688720703","0.8790149688720703","0.8790149688720703","4598","4598","4598"
"208849","0.7423016428947449","0.7423016428947449","0.7423016428947449","4599","4599","4599"
"208899","0.8399224281311035","0.8399224281311035","0.8399224281311035","4600","4600","4600"
"208949","1.0298261642456055","1.0298261642456055","1.0298261642456055","4601","4601","4601"
"208999","0.7712658047676086","0.7712658047676086","0.7712658047676086","4602","4602","4602"
"209049","0.7547451257705688","0.7547451257705688","0.7547451257705688","4604","4604","4604"
"209099","0.877104640007019","0.877104640007019","0.877104640007019","4605","4605","4605"
"209149","0.7119104266166687","0.7119104266166687","0.7119104266166687","4606","4606","4606"
"209199","0.8147080540657043","0.8147080540657043","0.8147080540657043","4607","4607","4607"
"209249","0.7502540349960327","0.7502540349960327","0.7502540349960327","4608","4608","4608"
"209299","0.7266106605529785","0.7266106605529785","0.7266106605529785","4609","4609","4609"
"209349","0.909528911113739","0.909528911113739","0.909528911113739","4610","4610","4610"
"209399","0.7410770058631897","0.7410770058631897","0.7410770058631897","4611","4611","4611"
"209449","0.7905470132827759","0.7905470132827759","0.7905470132827759","4612","4612","4612"
"209499","0.7047388553619385","0.7047388553619385","0.7047388553619385","4613","4613","4613"
"209549","0.9170296788215637","0.9170296788215637","0.9170296788215637","4615","4615","4615"
"209599","0.8722834587097168","0.8722834587097168","0.8722834587097168","4616","4616","4616"
"209649","0.8185560703277588","0.8185560703277588","0.8185560703277588","4617","4617","4617"
"209699","0.8754944205284119","0.8754944205284119","0.8754944205284119","4618","4618","4618"
"209749","0.7819384336471558","0.7819384336471558","0.7819384336471558","4619","4619","4619"
"209799","0.9456390738487244","0.9456390738487244","0.9456390738487244","4620","4620","4620"
"209849","0.8211058974266052","0.8211058974266052","0.8211058974266052","4621","4621","4621"
"209899","0.7641075253486633","0.7641075253486633","0.7641075253486633","4622","4622","4622"
"209949","0.9018970131874084","0.9018970131874084","0.9018970131874084","4623","4623","4623"
"209999","0.6930637955665588","0.6930637955665588","0.6930637955665588","4624","4624","4624"
"210049","0.7899253964424133","0.7899253964424133","0.7899253964424133","4626","4626","4626"
"210099","0.7596946954727173","0.7596946954727173","0.7596946954727173","4627","4627","4627"
"210149","0.9340173602104187","0.9340173602104187","0.9340173602104187","4628","4628","4628"
"210199","0.788576066493988","0.788576066493988","0.788576066493988","4629","4629","4629"
"210249","0.7498070597648621","0.7498070597648621","0.7498070597648621","4630","4630","4630"
"210299","0.9087724685668945","0.9087724685668945","0.9087724685668945","4631","4631","4631"
"210349","0.7670382857322693","0.7670382857322693","0.7670382857322693","4632","4632","4632"
"210399","0.7265808582305908","0.7265808582305908","0.7265808582305908","4633","4633","4633"
"210449","0.7729602456092834","0.7729602456092834","0.7729602456092834","4634","4634","4634"
"210499","1.0065191984176636","1.0065191984176636","1.0065191984176636","4635","4635","4635"
"210549","0.8882164359092712","0.8882164359092712","0.8882164359092712","4637","4637","4637"
"210599","0.7875367403030396","0.7875367403030396","0.7875367403030396","4638","4638","4638"
"210649","0.9556187391281128","0.9556187391281128","0.9556187391281128","4639","4639","4639"
"210699","0.9566981196403503","0.9566981196403503","0.9566981196403503","4640","4640","4640"
"210749","0.8130043745040894","0.8130043745040894","0.8130043745040894","4641","4641","4641"
"210799","0.8764342665672302","0.8764342665672302","0.8764342665672302","4642","4642","4642"
"210849","0.8834968209266663","0.8834968209266663","0.8834968209266663","4643","4643","4643"
"210899","0.9225388765335083","0.9225388765335083","0.9225388765335083","4644","4644","4644"
"210949","0.9331861138343811","0.9331861138343811","0.9331861138343811","4645","4645","4645"
"210999","0.9076428413391113","0.9076428413391113","0.9076428413391113","4646","4646","4646"
"211049","0.6875236630439758","0.6875236630439758","0.6875236630439758","4648","4648","4648"
"211099","0.6880723834037781","0.6880723834037781","0.6880723834037781","4649","4649","4649"
"211149","0.9483256340026855","0.9483256340026855","0.9483256340026855","4650","4650","4650"
"211199","0.9771549701690674","0.9771549701690674","0.9771549701690674","4651","4651","4651"
"211249","0.8084462285041809","0.8084462285041809","0.8084462285041809","4652","4652","4652"
"211299","0.8569638133049011","0.8569638133049011","0.8569638133049011","4653","4653","4653"
"211349","0.8252435922622681","0.8252435922622681","0.8252435922622681","4654","4654","4654"
"211399","0.831769585609436","0.831769585609436","0.831769585609436","4655","4655","4655"
"211449","0.8442371487617493","0.8442371487617493","0.8442371487617493","4656","4656","4656"
"211499","0.9811011552810669","0.9811011552810669","0.9811011552810669","4658","4658","4658"
"211549","0.8371637463569641","0.8371637463569641","0.8371637463569641","4659","4659","4659"
"211599","0.8521059155464172","0.8521059155464172","0.8521059155464172","4660","4660","4660"
"211649","0.8765823245048523","0.8765823245048523","0.8765823245048523","4661","4661","4661"
"211699","0.7983918190002441","0.7983918190002441","0.7983918190002441","4662","4662","4662"
"211749","1.0233476161956787","1.0233476161956787","1.0233476161956787","4663","4663","4663"
"211799","0.8499575853347778","0.8499575853347778","0.8499575853347778","4664","4664","4664"
"211849","0.8097687363624573","0.8097687363624573","0.8097687363624573","4665","4665","4665"
"211899","0.6280390620231628","0.6280390620231628","0.6280390620231628","4666","4666","4666"
"211949","0.7463090419769287","0.7463090419769287","0.7463090419769287","4667","4667","4667"
"211999","0.8684951066970825","0.8684951066970825","0.8684951066970825","4669","4669","4669"
"212049","0.980477511882782","0.980477511882782","0.980477511882782","4670","4670","4670"
"212099","0.7893272042274475","0.7893272042274475","0.7893272042274475","4671","4671","4671"
"212149","0.8456244468688965","0.8456244468688965","0.8456244468688965","4672","4672","4672"
"212199","0.8590510487556458","0.8590510487556458","0.8590510487556458","4673","4673","4673"
"212249","0.6151875853538513","0.6151875853538513","0.6151875853538513","4674","4674","4674"
"212299","0.9371840357780457","0.9371840357780457","0.9371840357780457","4675","4675","4675"
"212349","0.9017290472984314","0.9017290472984314","0.9017290472984314","4676","4676","4676"
"212399","0.8509801030158997","0.8509801030158997","0.8509801030158997","4677","4677","4677"
"212449","0.7780530452728271","0.7780530452728271","0.7780530452728271","4678","4678","4678"
"212499","0.8747495412826538","0.8747495412826538","0.8747495412826538","4680","4680","4680"
"212549","0.8198045492172241","0.8198045492172241","0.8198045492172241","4681","4681","4681"
"212599","0.8084296584129333","0.8084296584129333","0.8084296584129333","4682","4682","4682"
"212649","0.775150716304779","0.775150716304779","0.775150716304779","4683","4683","4683"
"212699","0.74700927734375","0.74700927734375","0.74700927734375","4684","4684","4684"
"212749","0.7521321773529053","0.7521321773529053","0.7521321773529053","4685","4685","4685"
"212799","0.7506211400032043","0.7506211400032043","0.7506211400032043","4686","4686","4686"
"212849","0.7902063131332397","0.7902063131332397","0.7902063131332397","4687","4687","4687"
"212899","0.8740020990371704","0.8740020990371704","0.8740020990371704","4688","4688","4688"
"212949","0.7116473317146301","0.7116473317146301","0.7116473317146301","4689","4689","4689"
"212999","0.9817690849304199","0.9817690849304199","0.9817690849304199","4691","4691","4691"
"213049","0.8536249995231628","0.8536249995231628","0.8536249995231628","4692","4692","4692"
"213099","0.9315401911735535","0.9315401911735535","0.9315401911735535","4693","4693","4693"
"213149","0.7366623878479004","0.7366623878479004","0.7366623878479004","4694","4694","4694"
"213199","0.7964172959327698","0.7964172959327698","0.7964172959327698","4695","4695","4695"
"213249","0.8122338056564331","0.8122338056564331","0.8122338056564331","4696","4696","4696"
"213299","0.8710767030715942","0.8710767030715942","0.8710767030715942","4697","4697","4697"
"213349","0.6590185761451721","0.6590185761451721","0.6590185761451721","4698","4698","4698"
"213399","0.6676061749458313","0.6676061749458313","0.6676061749458313","4699","4699","4699"
"213449","0.6612493395805359","0.6612493395805359","0.6612493395805359","4700","4700","4700"
"213499","0.7624894976615906","0.7624894976615906","0.7624894976615906","4702","4702","4702"
"213549","0.7790776491165161","0.7790776491165161","0.7790776491165161","4703","4703","4703"
"213599","0.8031837940216064","0.8031837940216064","0.8031837940216064","4704","4704","4704"
"213649","0.860085129737854","0.860085129737854","0.860085129737854","4705","4705","4705"
"213699","0.8241589069366455","0.8241589069366455","0.8241589069366455","4706","4706","4706"
"213749","0.6457993388175964","0.6457993388175964","0.6457993388175964","4707","4707","4707"
"213799","1.0068597793579102","1.0068597793579102","1.0068597793579102","4708","4708","4708"
"213849","0.7286912202835083","0.7286912202835083","0.7286912202835083","4709","4709","4709"
"213899","0.9004852175712585","0.9004852175712585","0.9004852175712585","4710","4710","4710"
"213949","0.9497050046920776","0.9497050046920776","0.9497050046920776","4711","4711","4711"
"213999","0.7391437888145447","0.7391437888145447","0.7391437888145447","4713","4713","4713"
"214049","0.857957124710083","0.857957124710083","0.857957124710083","4714","4714","4714"
"214099","0.8288258910179138","0.8288258910179138","0.8288258910179138","4715","4715","4715"
"214149","0.8791027069091797","0.8791027069091797","0.8791027069091797","4716","4716","4716"
"214199","0.9858484268188477","0.9858484268188477","0.9858484268188477","4717","4717","4717"
"214249","0.8096830248832703","0.8096830248832703","0.8096830248832703","4718","4718","4718"
"214299","0.8644303679466248","0.8644303679466248","0.8644303679466248","4719","4719","4719"
"214349","0.7979985475540161","0.7979985475540161","0.7979985475540161","4720","4720","4720"
"214399","0.9751390218734741","0.9751390218734741","0.9751390218734741","4721","4721","4721"
"214449","0.9953198432922363","0.9953198432922363","0.9953198432922363","4722","4722","4722"
"214499","0.9421379566192627","0.9421379566192627","0.9421379566192627","4724","4724","4724"
"214549","0.7733579874038696","0.7733579874038696","0.7733579874038696","4725","4725","4725"
"214599","0.8012429475784302","0.8012429475784302","0.8012429475784302","4726","4726","4726"
"214649","0.7773277759552002","0.7773277759552002","0.7773277759552002","4727","4727","4727"
"214699","0.9194862246513367","0.9194862246513367","0.9194862246513367","4728","4728","4728"
"214749","0.8322479724884033","0.8322479724884033","0.8322479724884033","4729","4729","4729"
"214799","0.736688494682312","0.736688494682312","0.736688494682312","4730","4730","4730"
"214849","0.6646181344985962","0.6646181344985962","0.6646181344985962","4731","4731","4731"
"214899","0.9496755599975586","0.9496755599975586","0.9496755599975586","4732","4732","4732"
"214949","0.7838460206985474","0.7838460206985474","0.7838460206985474","4734","4734","4734"
"214999","0.8360723853111267","0.8360723853111267","0.8360723853111267","4735","4735","4735"
"215049","0.9993283152580261","0.9993283152580261","0.9993283152580261","4736","4736","4736"
"215099","0.8001356720924377","0.8001356720924377","0.8001356720924377","4737","4737","4737"
"215149","0.8455291986465454","0.8455291986465454","0.8455291986465454","4738","4738","4738"
"215199","0.9781968593597412","0.9781968593597412","0.9781968593597412","4739","4739","4739"
"215249","0.7635765075683594","0.7635765075683594","0.7635765075683594","4740","4740","4740"
"215299","0.7775601148605347","0.7775601148605347","0.7775601148605347","4741","4741","4741"
"215349","0.7915804982185364","0.7915804982185364","0.7915804982185364","4742","4742","4742"
"215399","0.7011674642562866","0.7011674642562866","0.7011674642562866","4743","4743","4743"
"215449","0.7861976623535156","0.7861976623535156","0.7861976623535156","4745","4745","4745"
"215499","0.8451019525527954","0.8451019525527954","0.8451019525527954","4746","4746","4746"
"215549","0.8663787841796875","0.8663787841796875","0.8663787841796875","4747","4747","4747"
"215599","0.7382209300994873","0.7382209300994873","0.7382209300994873","4748","4748","4748"
"215649","0.7483795881271362","0.7483795881271362","0.7483795881271362","4749","4749","4749"
"215699","0.7878018617630005","0.7878018617630005","0.7878018617630005","4750","4750","4750"
"215749","0.846646785736084","0.846646785736084","0.846646785736084","4751","4751","4751"
"215799","0.7206482291221619","0.7206482291221619","0.7206482291221619","4752","4752","4752"
"215849","0.854846715927124","0.854846715927124","0.854846715927124","4753","4753","4753"
"215899","0.8128571510314941","0.8128571510314941","0.8128571510314941","4754","4754","4754"
"215949","0.8431793451309204","0.8431793451309204","0.8431793451309204","4756","4756","4756"
"215999","0.7498010396957397","0.7498010396957397","0.7498010396957397","4757","4757","4757"
"216049","0.8051308393478394","0.8051308393478394","0.8051308393478394","4758","4758","4758"
"216099","0.9189045429229736","0.9189045429229736","0.9189045429229736","4759","4759","4759"
"216149","0.8629674315452576","0.8629674315452576","0.8629674315452576","4760","4760","4760"
"216199","0.8245546221733093","0.8245546221733093","0.8245546221733093","4761","4761","4761"
"216249","0.8055849671363831","0.8055849671363831","0.8055849671363831","4762","4762","4762"
"216299","0.8746685981750488","0.8746685981750488","0.8746685981750488","4763","4763","4763"
"216349","0.9203524589538574","0.9203524589538574","0.9203524589538574","4764","4764","4764"
"216399","0.7529182434082031","0.7529182434082031","0.7529182434082031","4765","4765","4765"
"216449","0.853374183177948","0.853374183177948","0.853374183177948","4767","4767","4767"
"216499","0.8341818451881409","0.8341818451881409","0.8341818451881409","4768","4768","4768"
"216549","0.8164121508598328","0.8164121508598328","0.8164121508598328","4769","4769","4769"
"216599","0.9282708764076233","0.9282708764076233","0.9282708764076233","4770","4770","4770"
"216649","0.7902002930641174","0.7902002930641174","0.7902002930641174","4771","4771","4771"
"216699","0.7966349124908447","0.7966349124908447","0.7966349124908447","4772","4772","4772"
"216749","0.7431141138076782","0.7431141138076782","0.7431141138076782","4773","4773","4773"
"216799","0.8205972909927368","0.8205972909927368","0.8205972909927368","4774","4774","4774"
"216849","0.8977410197257996","0.8977410197257996","0.8977410197257996","4775","4775","4775"
"216899","0.7535238862037659","0.7535238862037659","0.7535238862037659","4776","4776","4776"
"216949","0.8370754718780518","0.8370754718780518","0.8370754718780518","4778","4778","4778"
"216999","0.8460371494293213","0.8460371494293213","0.8460371494293213","4779","4779","4779"
"217049","0.7829439640045166","0.7829439640045166","0.7829439640045166","4780","4780","4780"
"217099","0.8250073790550232","0.8250073790550232","0.8250073790550232","4781","4781","4781"
"217149","0.9780720472335815","0.9780720472335815","0.9780720472335815","4782","4782","4782"
"217199","0.8893744349479675","0.8893744349479675","0.8893744349479675","4783","4783","4783"
"217249","0.8783367872238159","0.8783367872238159","0.8783367872238159","4784","4784","4784"
"217299","0.8066864013671875","0.8066864013671875","0.8066864013671875","4785","4785","4785"
"217349","0.8140679597854614","0.8140679597854614","0.8140679597854614","4786","4786","4786"
"217399","0.7066842317581177","0.7066842317581177","0.7066842317581177","4787","4787","4787"
"217449","0.7002805471420288","0.7002805471420288","0.7002805471420288","4789","4789","4789"
"217499","0.7202376127243042","0.7202376127243042","0.7202376127243042","4790","4790","4790"
"217549","0.8909386396408081","0.8909386396408081","0.8909386396408081","4791","4791","4791"
"217599","0.809924840927124","0.809924840927124","0.809924840927124","4792","4792","4792"
"217649","0.82274329662323","0.82274329662323","0.82274329662323","4793","4793","4793"
"217699","0.9315007328987122","0.9315007328987122","0.9315007328987122","4794","4794","4794"
"217749","0.8153769969940186","0.8153769969940186","0.8153769969940186","4795","4795","4795"
"217799","0.8424701690673828","0.8424701690673828","0.8424701690673828","4796","4796","4796"
"217849","0.9606007933616638","0.9606007933616638","0.9606007933616638","4797","4797","4797"
"217899","0.8416308760643005","0.8416308760643005","0.8416308760643005","4798","4798","4798"
"217949","0.748482346534729","0.748482346534729","0.748482346534729","4800","4800","4800"
"217999","0.7676229476928711","0.7676229476928711","0.7676229476928711","4801","4801","4801"
"218049","0.942101240158081","0.942101240158081","0.942101240158081","4802","4802","4802"
"218099","0.6132922768592834","0.6132922768592834","0.6132922768592834","4803","4803","4803"
"218149","0.7336769104003906","0.7336769104003906","0.7336769104003906","4804","4804","4804"
"218199","0.8472462892532349","0.8472462892532349","0.8472462892532349","4805","4805","4805"
"218249","0.9579977989196777","0.9579977989196777","0.9579977989196777","4806","4806","4806"
"218299","1.0039469003677368","1.0039469003677368","1.0039469003677368","4807","4807","4807"
"218349","0.763019859790802","0.763019859790802","0.763019859790802","4808","4808","4808"
"218399","0.7371898889541626","0.7371898889541626","0.7371898889541626","4810","4810","4810"
"218449","0.9243134260177612","0.9243134260177612","0.9243134260177612","4811","4811","4811"
"218499","0.9248487949371338","0.9248487949371338","0.9248487949371338","4812","4812","4812"
"218549","0.813007652759552","0.813007652759552","0.813007652759552","4813","4813","4813"
"218599","0.7145277857780457","0.7145277857780457","0.7145277857780457","4814","4814","4814"
"218649","0.7536185383796692","0.7536185383796692","0.7536185383796692","4815","4815","4815"
"218699","0.8486254811286926","0.8486254811286926","0.8486254811286926","4816","4816","4816"
"218749","0.9521859288215637","0.9521859288215637","0.9521859288215637","4817","4817","4817"
"218799","0.7402576208114624","0.7402576208114624","0.7402576208114624","4818","4818","4818"
"218849","0.6932434439659119","0.6932434439659119","0.6932434439659119","4819","4819","4819"
"218899","0.907615065574646","0.907615065574646","0.907615065574646","4821","4821","4821"
"218949","0.8659730553627014","0.8659730553627014","0.8659730553627014","4822","4822","4822"
"218999","0.6577752232551575","0.6577752232551575","0.6577752232551575","4823","4823","4823"
"219049","0.8946216106414795","0.8946216106414795","0.8946216106414795","4824","4824","4824"
"219099","0.8762500882148743","0.8762500882148743","0.8762500882148743","4825","4825","4825"
"219149","0.7712810635566711","0.7712810635566711","0.7712810635566711","4826","4826","4826"
"219199","0.7500628232955933","0.7500628232955933","0.7500628232955933","4827","4827","4827"
"219249","0.8922448754310608","0.8922448754310608","0.8922448754310608","4828","4828","4828"
"219299","0.8996099233627319","0.8996099233627319","0.8996099233627319","4829","4829","4829"
"219349","0.8386454582214355","0.8386454582214355","0.8386454582214355","4830","4830","4830"
"219399","0.8614256978034973","0.8614256978034973","0.8614256978034973","4832","4832","4832"
"219449","0.7767195701599121","0.7767195701599121","0.7767195701599121","4833","4833","4833"
"219499","0.6937198042869568","0.6937198042869568","0.6937198042869568","4834","4834","4834"
"219549","0.8159970641136169","0.8159970641136169","0.8159970641136169","4835","4835","4835"
"219599","0.7798202037811279","0.7798202037811279","0.7798202037811279","4836","4836","4836"
"219649","0.8278967142105103","0.8278967142105103","0.8278967142105103","4837","4837","4837"
"219699","0.9388710856437683","0.9388710856437683","0.9388710856437683","4838","4838","4838"
"219749","0.7484244108200073","0.7484244108200073","0.7484244108200073","4839","4839","4839"
"219799","0.6799982786178589","0.6799982786178589","0.6799982786178589","4840","4840","4840"
"219849","0.7365257143974304","0.7365257143974304","0.7365257143974304","4841","4841","4841"
"219899","0.7902593612670898","0.7902593612670898","0.7902593612670898","4843","4843","4843"
"219949","0.9218770265579224","0.9218770265579224","0.9218770265579224","4844","4844","4844"
"219999","0.7249422073364258","0.7249422073364258","0.7249422073364258","4845","4845","4845"
"220049","0.896876335144043","0.896876335144043","0.896876335144043","4846","4846","4846"
"220099","0.7253327369689941","0.7253327369689941","0.7253327369689941","4847","4847","4847"
"220149","0.880763590335846","0.880763590335846","0.880763590335846","4848","4848","4848"
"220199","0.9028396606445312","0.9028396606445312","0.9028396606445312","4849","4849","4849"
"220249","0.7846196889877319","0.7846196889877319","0.7846196889877319","4850","4850","4850"
"220299","0.8426751494407654","0.8426751494407654","0.8426751494407654","4851","4851","4851"
"220349","0.7332931756973267","0.7332931756973267","0.7332931756973267","4852","4852","4852"
"220399","0.8375903367996216","0.8375903367996216","0.8375903367996216","4854","4854","4854"
"220449","0.746105432510376","0.746105432510376","0.746105432510376","4855","4855","4855"
"220499","1.0202829837799072","1.0202829837799072","1.0202829837799072","4856","4856","4856"
"220549","0.7404257655143738","0.7404257655143738","0.7404257655143738","4857","4857","4857"
"220599","0.7829339504241943","0.7829339504241943","0.7829339504241943","4858","4858","4858"
"220649","0.8336083889007568","0.8336083889007568","0.8336083889007568","4859","4859","4859"
"220699","0.7261695265769958","0.7261695265769958","0.7261695265769958","4860","4860","4860"
"220749","0.7956109642982483","0.7956109642982483","0.7956109642982483","4861","4861","4861"
"220799","0.8666979074478149","0.8666979074478149","0.8666979074478149","4862","4862","4862"
"220849","0.842927098274231","0.842927098274231","0.842927098274231","4863","4863","4863"
"220899","0.8071821331977844","0.8071821331977844","0.8071821331977844","4865","4865","4865"
"220949","0.7856183648109436","0.7856183648109436","0.7856183648109436","4866","4866","4866"
"220999","0.7875893712043762","0.7875893712043762","0.7875893712043762","4867","4867","4867"
"221049","0.9764671921730042","0.9764671921730042","0.9764671921730042","4868","4868","4868"
"221099","0.8118679523468018","0.8118679523468018","0.8118679523468018","4869","4869","4869"
"221149","0.7294794917106628","0.7294794917106628","0.7294794917106628","4870","4870","4870"
"221199","0.9861762523651123","0.9861762523651123","0.9861762523651123","4871","4871","4871"
"221249","0.8484326601028442","0.8484326601028442","0.8484326601028442","4872","4872","4872"
"221299","0.8651231527328491","0.8651231527328491","0.8651231527328491","4873","4873","4873"
"221349","0.8116945028305054","0.8116945028305054","0.8116945028305054","4874","4874","4874"
"221399","0.840521514415741","0.840521514415741","0.840521514415741","4876","4876","4876"
"221449","0.8219361305236816","0.8219361305236816","0.8219361305236816","4877","4877","4877"
"221499","0.746164083480835","0.746164083480835","0.746164083480835","4878","4878","4878"
"221549","0.8642220497131348","0.8642220497131348","0.8642220497131348","4879","4879","4879"
"221599","0.7775600552558899","0.7775600552558899","0.7775600552558899","4880","4880","4880"
"221649","0.9117879867553711","0.9117879867553711","0.9117879867553711","4881","4881","4881"
"221699","0.918630063533783","0.918630063533783","0.918630063533783","4882","4882","4882"
"221749","0.7902277708053589","0.7902277708053589","0.7902277708053589","4883","4883","4883"
"221799","0.8054222464561462","0.8054222464561462","0.8054222464561462","4884","4884","4884"
"221849","0.7227497696876526","0.7227497696876526","0.7227497696876526","4885","4885","4885"
"221899","0.5977156758308411","0.5977156758308411","0.5977156758308411","4887","4887","4887"
"221949","0.7548412084579468","0.7548412084579468","0.7548412084579468","4888","4888","4888"
"221999","0.7754195332527161","0.7754195332527161","0.7754195332527161","4889","4889","4889"
"222049","0.8946738243103027","0.8946738243103027","0.8946738243103027","4890","4890","4890"
"222099","0.8506432771682739","0.8506432771682739","0.8506432771682739","4891","4891","4891"
"222149","0.826760470867157","0.826760470867157","0.826760470867157","4892","4892","4892"
"222199","0.7865962982177734","0.7865962982177734","0.7865962982177734","4893","4893","4893"
"222249","0.8991772532463074","0.8991772532463074","0.8991772532463074","4894","4894","4894"
"222299","0.7094709277153015","0.7094709277153015","0.7094709277153015","4895","4895","4895"
"222349","0.8004516363143921","0.8004516363143921","0.8004516363143921","4897","4897","4897"
"222399","0.7357808947563171","0.7357808947563171","0.7357808947563171","4898","4898","4898"
"222449","0.757446825504303","0.757446825504303","0.757446825504303","4899","4899","4899"
"222499","0.7977902293205261","0.7977902293205261","0.7977902293205261","4900","4900","4900"
"222549","0.7817341089248657","0.7817341089248657","0.7817341089248657","4901","4901","4901"
"222599","0.812100350856781","0.812100350856781","0.812100350856781","4902","4902","4902"
"222649","0.8419761061668396","0.8419761061668396","0.8419761061668396","4903","4903","4903"
"222699","0.8513938784599304","0.8513938784599304","0.8513938784599304","4904","4904","4904"
"222749","0.7629674673080444","0.7629674673080444","0.7629674673080444","4905","4905","4905"
"222799","0.9452040791511536","0.9452040791511536","0.9452040791511536","4906","4906","4906"
"222849","0.9187856912612915","0.9187856912612915","0.9187856912612915","4908","4908","4908"
"222899","0.7854160070419312","0.7854160070419312","0.7854160070419312","4909","4909","4909"
"222949","1.060831069946289","1.060831069946289","1.060831069946289","4910","4910","4910"
"222999","0.8300985097885132","0.8300985097885132","0.8300985097885132","4911","4911","4911"
"223049","0.973171055316925","0.973171055316925","0.973171055316925","4912","4912","4912"
"223099","0.7577746510505676","0.7577746510505676","0.7577746510505676","4913","4913","4913"
"223149","0.7069090008735657","0.7069090008735657","0.7069090008735657","4914","4914","4914"
"223199","0.8223043084144592","0.8223043084144592","0.8223043084144592","4915","4915","4915"
"223249","0.8989037871360779","0.8989037871360779","0.8989037871360779","4916","4916","4916"
"223299","0.7283071875572205","0.7283071875572205","0.7283071875572205","4917","4917","4917"
"223349","0.8452741503715515","0.8452741503715515","0.8452741503715515","4919","4919","4919"
"223399","0.8481315970420837","0.8481315970420837","0.8481315970420837","4920","4920","4920"
"223449","0.7675375938415527","0.7675375938415527","0.7675375938415527","4921","4921","4921"
"223499","0.7090813517570496","0.7090813517570496","0.7090813517570496","4922","4922","4922"
"223549","0.8922716379165649","0.8922716379165649","0.8922716379165649","4923","4923","4923"
"223599","0.8403229117393494","0.8403229117393494","0.8403229117393494","4924","4924","4924"
"223649","0.7042649388313293","0.7042649388313293","0.7042649388313293","4925","4925","4925"
"223699","0.8271458148956299","0.8271458148956299","0.8271458148956299","4926","4926","4926"
"223749","0.8626408576965332","0.8626408576965332","0.8626408576965332","4927","4927","4927"
"223799","0.7371769547462463","0.7371769547462463","0.7371769547462463","4928","4928","4928"
"223849","0.8038065433502197","0.8038065433502197","0.8038065433502197","4930","4930","4930"
"223899","0.7987678050994873","0.7987678050994873","0.7987678050994873","4931","4931","4931"
"223949","0.7449877858161926","0.7449877858161926","0.7449877858161926","4932","4932","4932"
"223999","0.7186704874038696","0.7186704874038696","0.7186704874038696","4933","4933","4933"
"224049","0.7269477248191833","0.7269477248191833","0.7269477248191833","4934","4934","4934"
"224099","0.8778765797615051","0.8778765797615051","0.8778765797615051","4935","4935","4935"
"224149","0.8122883439064026","0.8122883439064026","0.8122883439064026","4936","4936","4936"
"224199","0.8473407626152039","0.8473407626152039","0.8473407626152039","4937","4937","4937"
"224249","0.7876282930374146","0.7876282930374146","0.7876282930374146","4938","4938","4938"
"224299","0.7183995246887207","0.7183995246887207","0.7183995246887207","4939","4939","4939"
"224349","0.9017883539199829","0.9017883539199829","0.9017883539199829","4941","4941","4941"
"224399","0.7440860271453857","0.7440860271453857","0.7440860271453857","4942","4942","4942"
"224449","0.6892840266227722","0.6892840266227722","0.6892840266227722","4943","4943","4943"
"224499","0.8001559972763062","0.8001559972763062","0.8001559972763062","4944","4944","4944"
"224549","0.8385510444641113","0.8385510444641113","0.8385510444641113","4945","4945","4945"
"224599","0.7799807190895081","0.7799807190895081","0.7799807190895081","4946","4946","4946"
"224649","0.7055041193962097","0.7055041193962097","0.7055041193962097","4947","4947","4947"
"224699","0.8459892868995667","0.8459892868995667","0.8459892868995667","4948","4948","4948"
"224749","0.8035657405853271","0.8035657405853271","0.8035657405853271","4949","4949","4949"
"224799","0.775834858417511","0.775834858417511","0.775834858417511","4950","4950","4950"
"224849","0.8200801610946655","0.8200801610946655","0.8200801610946655","4952","4952","4952"
"224899","0.9195839762687683","0.9195839762687683","0.9195839762687683","4953","4953","4953"
"224949","0.7586761713027954","0.7586761713027954","0.7586761713027954","4954","4954","4954"
"224999","0.8551467061042786","0.8551467061042786","0.8551467061042786","4955","4955","4955"
"225049","0.8456138968467712","0.8456138968467712","0.8456138968467712","4956","4956","4956"
"225099","0.8515629172325134","0.8515629172325134","0.8515629172325134","4957","4957","4957"
"225149","0.8231036067008972","0.8231036067008972","0.8231036067008972","4958","4958","4958"
"225199","0.8148767948150635","0.8148767948150635","0.8148767948150635","4959","4959","4959"
"225249","0.8774385452270508","0.8774385452270508","0.8774385452270508","4960","4960","4960"
"225299","0.7951862215995789","0.7951862215995789","0.7951862215995789","4961","4961","4961"
"225349","0.8510268926620483","0.8510268926620483","0.8510268926620483","4963","4963","4963"
"225399","0.9038537740707397","0.9038537740707397","0.9038537740707397","4964","4964","4964"
"225449","0.7293840646743774","0.7293840646743774","0.7293840646743774","4965","4965","4965"
"225499","0.8742566704750061","0.8742566704750061","0.8742566704750061","4966","4966","4966"
"225549","0.8683733344078064","0.8683733344078064","0.8683733344078064","4967","4967","4967"
"225599","0.8784041404724121","0.8784041404724121","0.8784041404724121","4968","4968","4968"
"225649","0.8205793499946594","0.8205793499946594","0.8205793499946594","4969","4969","4969"
"225699","0.9974044561386108","0.9974044561386108","0.9974044561386108","4970","4970","4970"
"225749","0.911787748336792","0.911787748336792","0.911787748336792","4971","4971","4971"
"225799","0.7558366656303406","0.7558366656303406","0.7558366656303406","4973","4973","4973"
"225849","0.8336181044578552","0.8336181044578552","0.8336181044578552","4974","4974","4974"
"225899","0.7930495738983154","0.7930495738983154","0.7930495738983154","4975","4975","4975"
"225949","0.8679782152175903","0.8679782152175903","0.8679782152175903","4976","4976","4976"
"225999","0.8638492822647095","0.8638492822647095","0.8638492822647095","4977","4977","4977"
"226049","0.7653189897537231","0.7653189897537231","0.7653189897537231","4978","4978","4978"
"226099","0.7728660702705383","0.7728660702705383","0.7728660702705383","4979","4979","4979"
"226149","0.8141251802444458","0.8141251802444458","0.8141251802444458","4980","4980","4980"
"226199","0.7278792262077332","0.7278792262077332","0.7278792262077332","4981","4981","4981"
"226249","0.8982086777687073","0.8982086777687073","0.8982086777687073","4982","4982","4982"
"226299","0.734713077545166","0.734713077545166","0.734713077545166","4984","4984","4984"
"226349","0.9187175035476685","0.9187175035476685","0.9187175035476685","4985","4985","4985"
"226399","0.8864591717720032","0.8864591717720032","0.8864591717720032","4986","4986","4986"
"226449","0.7533135414123535","0.7533135414123535","0.7533135414123535","4987","4987","4987"
"226499","0.908970057964325","0.908970057964325","0.908970057964325","4988","4988","4988"
"226549","0.661060094833374","0.661060094833374","0.661060094833374","4989","4989","4989"
"226599","1.0679365396499634","1.0679365396499634","1.0679365396499634","4990","4990","4990"
"226649","0.8535580635070801","0.8535580635070801","0.8535580635070801","4991","4991","4991"
"226699","0.7810070514678955","0.7810070514678955","0.7810070514678955","4992","4992","4992"
"226749","0.8891125321388245","0.8891125321388245","0.8891125321388245","4993","4993","4993"
"226799","1.0684789419174194","1.0684789419174194","1.0684789419174194","4995","4995","4995"
"226849","0.87503582239151","0.87503582239151","0.87503582239151","4996","4996","4996"
"226899","0.8849055767059326","0.8849055767059326","0.8849055767059326","4997","4997","4997"
"226949","0.8947939276695251","0.8947939276695251","0.8947939276695251","4998","4998","4998"
"226999","0.8964864015579224","0.8964864015579224","0.8964864015579224","4999","4999","4999"
"227049","0.9355142712593079","0.9355142712593079","0.9355142712593079","5000","5000","5000"
"227099","0.7838456630706787","0.7838456630706787","0.7838456630706787","5001","5001","5001"
"227149","0.8682985901832581","0.8682985901832581","0.8682985901832581","5002","5002","5002"
"227199","0.9311631321907043","0.9311631321907043","0.9311631321907043","5003","5003","5003"
"227249","0.8496649265289307","0.8496649265289307","0.8496649265289307","5004","5004","5004"
"227299","0.7942761778831482","0.7942761778831482","0.7942761778831482","5006","5006","5006"
"227349","0.813346266746521","0.813346266746521","0.813346266746521","5007","5007","5007"
"227399","0.719622790813446","0.719622790813446","0.719622790813446","5008","5008","5008"
"227449","0.7678077220916748","0.7678077220916748","0.7678077220916748","5009","5009","5009"
"227499","0.896868884563446","0.896868884563446","0.896868884563446","5010","5010","5010"
"227549","0.8901234865188599","0.8901234865188599","0.8901234865188599","5011","5011","5011"
"227599","0.6755637526512146","0.6755637526512146","0.6755637526512146","5012","5012","5012"
"227649","0.8007663488388062","0.8007663488388062","0.8007663488388062","5013","5013","5013"
"227699","0.8012485504150391","0.8012485504150391","0.8012485504150391","5014","5014","5014"
"227749","0.6358445882797241","0.6358445882797241","0.6358445882797241","5015","5015","5015"
"227799","0.8006258010864258","0.8006258010864258","0.8006258010864258","5017","5017","5017"
"227849","0.7738070487976074","0.7738070487976074","0.7738070487976074","5018","5018","5018"
"227899","0.8601588010787964","0.8601588010787964","0.8601588010787964","5019","5019","5019"
"227949","0.9407345652580261","0.9407345652580261","0.9407345652580261","5020","5020","5020"
"227999","0.7229796648025513","0.7229796648025513","0.7229796648025513","5021","5021","5021"
"228049","0.9631292819976807","0.9631292819976807","0.9631292819976807","5022","5022","5022"
"228099","0.8434199690818787","0.8434199690818787","0.8434199690818787","5023","5023","5023"
"228149","0.7113878726959229","0.7113878726959229","0.7113878726959229","5024","5024","5024"
"228199","0.7530204057693481","0.7530204057693481","0.7530204057693481","5025","5025","5025"
"228249","0.7549323439598083","0.7549323439598083","0.7549323439598083","5026","5026","5026"
"228299","0.7674674987792969","0.7674674987792969","0.7674674987792969","5028","5028","5028"
"228349","0.7347382307052612","0.7347382307052612","0.7347382307052612","5029","5029","5029"
"228399","0.8710498809814453","0.8710498809814453","0.8710498809814453","5030","5030","5030"
"228449","0.8167438507080078","0.8167438507080078","0.8167438507080078","5031","5031","5031"
"228499","0.7887998819351196","0.7887998819351196","0.7887998819351196","5032","5032","5032"
"228549","0.7866640090942383","0.7866640090942383","0.7866640090942383","5033","5033","5033"
"228599","0.754025399684906","0.754025399684906","0.754025399684906","5034","5034","5034"
"228649","0.8414149880409241","0.8414149880409241","0.8414149880409241","5035","5035","5035"
"228699","0.8331542015075684","0.8331542015075684","0.8331542015075684","5036","5036","5036"
"228749","1.0254631042480469","1.0254631042480469","1.0254631042480469","5037","5037","5037"
"228799","0.7838529944419861","0.7838529944419861","0.7838529944419861","5039","5039","5039"
"228849","0.6902445554733276","0.6902445554733276","0.6902445554733276","5040","5040","5040"
"228899","0.9024516940116882","0.9024516940116882","0.9024516940116882","5041","5041","5041"
"228949","0.7246016263961792","0.7246016263961792","0.7246016263961792","5042","5042","5042"
"228999","0.8502156734466553","0.8502156734466553","0.8502156734466553","5043","5043","5043"
"229049","0.7927149534225464","0.7927149534225464","0.7927149534225464","5044","5044","5044"
"229099","0.8374165892601013","0.8374165892601013","0.8374165892601013","5045","5045","5045"
"229149","0.8684621453285217","0.8684621453285217","0.8684621453285217","5046","5046","5046"
"229199","0.7291574478149414","0.7291574478149414","0.7291574478149414","5047","5047","5047"
"229249","0.8247175812721252","0.8247175812721252","0.8247175812721252","5049","5049","5049"
"229299","0.743137538433075","0.743137538433075","0.743137538433075","5050","5050","5050"
"229349","0.8384818434715271","0.8384818434715271","0.8384818434715271","5051","5051","5051"
"229399","1.0498244762420654","1.0498244762420654","1.0498244762420654","5052","5052","5052"
"229449","0.7604356408119202","0.7604356408119202","0.7604356408119202","5053","5053","5053"
"229499","0.8023192286491394","0.8023192286491394","0.8023192286491394","5054","5054","5054"
"229549","0.7461203336715698","0.7461203336715698","0.7461203336715698","5055","5055","5055"
"229599","0.7306066155433655","0.7306066155433655","0.7306066155433655","5056","5056","5056"
"229649","0.6678746342658997","0.6678746342658997","0.6678746342658997","5057","5057","5057"
"229699","0.9228641986846924","0.9228641986846924","0.9228641986846924","5058","5058","5058"
"229749","0.9661844968795776","0.9661844968795776","0.9661844968795776","5060","5060","5060"
"229799","0.8852179050445557","0.8852179050445557","0.8852179050445557","5061","5061","5061"
"229849","0.7223138213157654","0.7223138213157654","0.7223138213157654","5062","5062","5062"
"229899","0.6117475032806396","0.6117475032806396","0.6117475032806396","5063","5063","5063"
"229949","0.760721743106842","0.760721743106842","0.760721743106842","5064","5064","5064"
"229999","0.774856448173523","0.774856448173523","0.774856448173523","5065","5065","5065"
"230049","0.7750840187072754","0.7750840187072754","0.7750840187072754","5066","5066","5066"
"230099","0.7809836864471436","0.7809836864471436","0.7809836864471436","5067","5067","5067"
"230149","0.8371710777282715","0.8371710777282715","0.8371710777282715","5068","5068","5068"
"230199","0.9059087038040161","0.9059087038040161","0.9059087038040161","5069","5069","5069"
"230249","0.8347648978233337","0.8347648978233337","0.8347648978233337","5071","5071","5071"
"230299","0.8479300737380981","0.8479300737380981","0.8479300737380981","5072","5072","5072"
"230349","0.7749608755111694","0.7749608755111694","0.7749608755111694","5073","5073","5073"
"230399","0.9077401757240295","0.9077401757240295","0.9077401757240295","5074","5074","5074"
"230449","0.8800267577171326","0.8800267577171326","0.8800267577171326","5075","5075","5075"
"230499","0.8912432193756104","0.8912432193756104","0.8912432193756104","5076","5076","5076"
"230549","0.7897432446479797","0.7897432446479797","0.7897432446479797","5077","5077","5077"
"230599","0.8184411525726318","0.8184411525726318","0.8184411525726318","5078","5078","5078"
"230649","0.6843461990356445","0.6843461990356445","0.6843461990356445","5079","5079","5079"
"230699","0.8793228268623352","0.8793228268623352","0.8793228268623352","5080","5080","5080"
"230749","0.7823569774627686","0.7823569774627686","0.7823569774627686","5082","5082","5082"
"230799","0.7778920531272888","0.7778920531272888","0.7778920531272888","5083","5083","5083"
"230849","0.8516049981117249","0.8516049981117249","0.8516049981117249","5084","5084","5084"
"230899","0.798490583896637","0.798490583896637","0.798490583896637","5085","5085","5085"
"230949","0.8800109624862671","0.8800109624862671","0.8800109624862671","5086","5086","5086"
"230999","0.857403039932251","0.857403039932251","0.857403039932251","5087","5087","5087"
"231049","0.7977544665336609","0.7977544665336609","0.7977544665336609","5088","5088","5088"
"231099","0.9144020676612854","0.9144020676612854","0.9144020676612854","5089","5089","5089"
"231149","0.9523099660873413","0.9523099660873413","0.9523099660873413","5090","5090","5090"
"231199","0.7865544557571411","0.7865544557571411","0.7865544557571411","5091","5091","5091"
"231249","0.993797242641449","0.993797242641449","0.993797242641449","5093","5093","5093"
"231299","0.886262834072113","0.886262834072113","0.886262834072113","5094","5094","5094"
"231349","0.8542308211326599","0.8542308211326599","0.8542308211326599","5095","5095","5095"
"231399","0.7159746289253235","0.7159746289253235","0.7159746289253235","5096","5096","5096"
"231449","0.7653232216835022","0.7653232216835022","0.7653232216835022","5097","5097","5097"
"231499","0.8387670516967773","0.8387670516967773","0.8387670516967773","5098","5098","5098"
"231549","0.9209843277931213","0.9209843277931213","0.9209843277931213","5099","5099","5099"
"231599","0.6723716259002686","0.6723716259002686","0.6723716259002686","5100","5100","5100"
"231649","0.8630552291870117","0.8630552291870117","0.8630552291870117","5101","5101","5101"
"231699","0.8451391458511353","0.8451391458511353","0.8451391458511353","5102","5102","5102"
"231749","0.9991664290428162","0.9991664290428162","0.9991664290428162","5104","5104","5104"
"231799","0.8757901787757874","0.8757901787757874","0.8757901787757874","5105","5105","5105"
"231849","0.8006513714790344","0.8006513714790344","0.8006513714790344","5106","5106","5106"
"231899","0.830833911895752","0.830833911895752","0.830833911895752","5107","5107","5107"
"231949","0.7011010050773621","0.7011010050773621","0.7011010050773621","5108","5108","5108"
"231999","0.7650322318077087","0.7650322318077087","0.7650322318077087","5109","5109","5109"
"232049","0.8209228515625","0.8209228515625","0.8209228515625","5110","5110","5110"
"232099","0.7782411575317383","0.7782411575317383","0.7782411575317383","5111","5111","5111"
"232149","0.9177343845367432","0.9177343845367432","0.9177343845367432","5112","5112","5112"
"232199","0.762891948223114","0.762891948223114","0.762891948223114","5113","5113","5113"
"232249","0.8487869501113892","0.8487869501113892","0.8487869501113892","5115","5115","5115"
"232299","0.8099778890609741","0.8099778890609741","0.8099778890609741","5116","5116","5116"
"232349","0.8346942067146301","0.8346942067146301","0.8346942067146301","5117","5117","5117"
"232399","0.7713738083839417","0.7713738083839417","0.7713738083839417","5118","5118","5118"
"232449","0.7777042984962463","0.7777042984962463","0.7777042984962463","5119","5119","5119"
"232499","0.8653790354728699","0.8653790354728699","0.8653790354728699","5120","5120","5120"
"232549","0.9332858920097351","0.9332858920097351","0.9332858920097351","5121","5121","5121"
"232599","0.7399781942367554","0.7399781942367554","0.7399781942367554","5122","5122","5122"
"232649","1.0694327354431152","1.0694327354431152","1.0694327354431152","5123","5123","5123"
"232699","0.8811470866203308","0.8811470866203308","0.8811470866203308","5125","5125","5125"
"232749","0.8489454984664917","0.8489454984664917","0.8489454984664917","5126","5126","5126"
"232799","0.99183189868927","0.99183189868927","0.99183189868927","5127","5127","5127"
"232849","0.7584647536277771","0.7584647536277771","0.7584647536277771","5128","5128","5128"
"232899","0.9137378334999084","0.9137378334999084","0.9137378334999084","5129","5129","5129"
"232949","1.0451991558074951","1.0451991558074951","1.0451991558074951","5130","5130","5130"
"232999","0.9134913086891174","0.9134913086891174","0.9134913086891174","5131","5131","5131"
"233049","0.7280852794647217","0.7280852794647217","0.7280852794647217","5132","5132","5132"
"233099","0.9190556406974792","0.9190556406974792","0.9190556406974792","5133","5133","5133"
"233149","0.8107696175575256","0.8107696175575256","0.8107696175575256","5134","5134","5134"
"233199","0.7683027386665344","0.7683027386665344","0.7683027386665344","5136","5136","5136"
"233249","0.790864884853363","0.790864884853363","0.790864884853363","5137","5137","5137"
"233299","0.8016217350959778","0.8016217350959778","0.8016217350959778","5138","5138","5138"
"233349","0.7861379981040955","0.7861379981040955","0.7861379981040955","5139","5139","5139"
"233399","0.7737066149711609","0.7737066149711609","0.7737066149711609","5140","5140","5140"
"233449","0.7739787101745605","0.7739787101745605","0.7739787101745605","5141","5141","5141"
"233499","0.9409926533699036","0.9409926533699036","0.9409926533699036","5142","5142","5142"
"233549","0.8427667021751404","0.8427667021751404","0.8427667021751404","5143","5143","5143"
"233599","0.9464901685714722","0.9464901685714722","0.9464901685714722","5144","5144","5144"
"233649","0.8600893616676331","0.8600893616676331","0.8600893616676331","5145","5145","5145"
"233699","0.6431491374969482","0.6431491374969482","0.6431491374969482","5147","5147","5147"
"233749","0.7883065938949585","0.7883065938949585","0.7883065938949585","5148","5148","5148"
"233799","0.798385739326477","0.798385739326477","0.798385739326477","5149","5149","5149"
"233849","0.7898390889167786","0.7898390889167786","0.7898390889167786","5150","5150","5150"
"233899","0.7446630001068115","0.7446630001068115","0.7446630001068115","5151","5151","5151"
"233949","0.6938220262527466","0.6938220262527466","0.6938220262527466","5152","5152","5152"
"233999","0.7178216576576233","0.7178216576576233","0.7178216576576233","5153","5153","5153"
"234049","0.8321229815483093","0.8321229815483093","0.8321229815483093","5154","5154","5154"
"234099","0.7596461176872253","0.7596461176872253","0.7596461176872253","5155","5155","5155"
"234149","1.0039814710617065","1.0039814710617065","1.0039814710617065","5156","5156","5156"
"234199","0.7802529335021973","0.7802529335021973","0.7802529335021973","5158","5158","5158"
"234249","0.9760594367980957","0.9760594367980957","0.9760594367980957","5159","5159","5159"
"234299","0.8729093074798584","0.8729093074798584","0.8729093074798584","5160","5160","5160"
"234349","0.8786919116973877","0.8786919116973877","0.8786919116973877","5161","5161","5161"
"234399","0.7803531885147095","0.7803531885147095","0.7803531885147095","5162","5162","5162"
"234449","0.8752691149711609","0.8752691149711609","0.8752691149711609","5163","5163","5163"
"234499","0.98434978723526","0.98434978723526","0.98434978723526","5164","5164","5164"
"234549","0.8830057978630066","0.8830057978630066","0.8830057978630066","5165","5165","5165"
"234599","1.0291533470153809","1.0291533470153809","1.0291533470153809","5166","5166","5166"
"234649","0.9815493226051331","0.9815493226051331","0.9815493226051331","5167","5167","5167"
"234699","0.8941620588302612","0.8941620588302612","0.8941620588302612","5169","5169","5169"
"234749","0.7656866908073425","0.7656866908073425","0.7656866908073425","5170","5170","5170"
"234799","0.8587263226509094","0.8587263226509094","0.8587263226509094","5171","5171","5171"
"234849","0.9664833545684814","0.9664833545684814","0.9664833545684814","5172","5172","5172"
"234899","0.8576297760009766","0.8576297760009766","0.8576297760009766","5173","5173","5173"
"234949","0.7818644642829895","0.7818644642829895","0.7818644642829895","5174","5174","5174"
"234999","0.7504830360412598","0.7504830360412598","0.7504830360412598","5175","5175","5175"
"235049","0.9004437327384949","0.9004437327384949","0.9004437327384949","5176","5176","5176"
"235099","0.8431388735771179","0.8431388735771179","0.8431388735771179","5177","5177","5177"
"235149","0.7222109436988831","0.7222109436988831","0.7222109436988831","5178","5178","5178"
"235199","0.8378593325614929","0.8378593325614929","0.8378593325614929","5180","5180","5180"
"235249","0.7515239119529724","0.7515239119529724","0.7515239119529724","5181","5181","5181"
"235299","0.835071325302124","0.835071325302124","0.835071325302124","5182","5182","5182"
"235349","0.869844913482666","0.869844913482666","0.869844913482666","5183","5183","5183"
"235399","0.9613121747970581","0.9613121747970581","0.9613121747970581","5184","5184","5184"
"235449","1.0302025079727173","1.0302025079727173","1.0302025079727173","5185","5185","5185"
"235499","0.7339295148849487","0.7339295148849487","0.7339295148849487","5186","5186","5186"
"235549","0.7099886536598206","0.7099886536598206","0.7099886536598206","5187","5187","5187"
"235599","0.8455254435539246","0.8455254435539246","0.8455254435539246","5188","5188","5188"
"235649","0.9554314613342285","0.9554314613342285","0.9554314613342285","5189","5189","5189"
"235699","0.7699499726295471","0.7699499726295471","0.7699499726295471","5191","5191","5191"
"235749","0.8449479937553406","0.8449479937553406","0.8449479937553406","5192","5192","5192"
"235799","0.6916021704673767","0.6916021704673767","0.6916021704673767","5193","5193","5193"
"235849","0.8219361901283264","0.8219361901283264","0.8219361901283264","5194","5194","5194"
"235899","0.7993667125701904","0.7993667125701904","0.7993667125701904","5195","5195","5195"
"235949","0.8879064321517944","0.8879064321517944","0.8879064321517944","5196","5196","5196"
"235999","0.7767236828804016","0.7767236828804016","0.7767236828804016","5197","5197","5197"
"236049","0.7725527286529541","0.7725527286529541","0.7725527286529541","5198","5198","5198"
"236099","0.971097469329834","0.971097469329834","0.971097469329834","5199","5199","5199"
"236149","0.6701111793518066","0.6701111793518066","0.6701111793518066","5201","5201","5201"
"236199","0.7632279396057129","0.7632279396057129","0.7632279396057129","5202","5202","5202"
"236249","0.8747622966766357","0.8747622966766357","0.8747622966766357","5203","5203","5203"
"236299","0.8996371626853943","0.8996371626853943","0.8996371626853943","5204","5204","5204"
"236349","0.7797949314117432","0.7797949314117432","0.7797949314117432","5205","5205","5205"
"236399","0.8391063809394836","0.8391063809394836","0.8391063809394836","5206","5206","5206"
"236449","0.7936606407165527","0.7936606407165527","0.7936606407165527","5207","5207","5207"
"236499","0.7855278253555298","0.7855278253555298","0.7855278253555298","5208","5208","5208"
"236549","0.8674561977386475","0.8674561977386475","0.8674561977386475","5209","5209","5209"
"236599","0.7659468054771423","0.7659468054771423","0.7659468054771423","5210","5210","5210"
"236649","0.7597146034240723","0.7597146034240723","0.7597146034240723","5212","5212","5212"
"236699","0.7693000435829163","0.7693000435829163","0.7693000435829163","5213","5213","5213"
"236749","1.0314462184906006","1.0314462184906006","1.0314462184906006","5214","5214","5214"
"236799","0.8696365356445312","0.8696365356445312","0.8696365356445312","5215","5215","5215"
"236849","0.7994861006736755","0.7994861006736755","0.7994861006736755","5216","5216","5216"
"236899","0.8621920347213745","0.8621920347213745","0.8621920347213745","5217","5217","5217"
"236949","0.8217401504516602","0.8217401504516602","0.8217401504516602","5218","5218","5218"
"236999","0.7943903803825378","0.7943903803825378","0.7943903803825378","5219","5219","5219"
"237049","1.0398504734039307","1.0398504734039307","1.0398504734039307","5220","5220","5220"
"237099","0.8568551540374756","0.8568551540374756","0.8568551540374756","5221","5221","5221"
"237149","0.8847206234931946","0.8847206234931946","0.8847206234931946","5223","5223","5223"
"237199","0.8586400747299194","0.8586400747299194","0.8586400747299194","5224","5224","5224"
"237249","0.7559224367141724","0.7559224367141724","0.7559224367141724","5225","5225","5225"
"237299","0.752824068069458","0.752824068069458","0.752824068069458","5226","5226","5226"
"237349","0.9040903449058533","0.9040903449058533","0.9040903449058533","5227","5227","5227"
"237399","0.8843437433242798","0.8843437433242798","0.8843437433242798","5228","5228","5228"
"237449","0.8998963236808777","0.8998963236808777","0.8998963236808777","5229","5229","5229"
"237499","0.8547643423080444","0.8547643423080444","0.8547643423080444","5230","5230","5230"
"237549","0.857871413230896","0.857871413230896","0.857871413230896","5231","5231","5231"
"237599","0.8677046298980713","0.8677046298980713","0.8677046298980713","5232","5232","5232"
"237649","0.9570127725601196","0.9570127725601196","0.9570127725601196","5234","5234","5234"
"237699","0.7638683319091797","0.7638683319091797","0.7638683319091797","5235","5235","5235"
"237749","0.8273947238922119","0.8273947238922119","0.8273947238922119","5236","5236","5236"
"237799","0.7251198887825012","0.7251198887825012","0.7251198887825012","5237","5237","5237"
"237849","0.7140525579452515","0.7140525579452515","0.7140525579452515","5238","5238","5238"
"237899","0.7560343146324158","0.7560343146324158","0.7560343146324158","5239","5239","5239"
"237949","0.6741148829460144","0.6741148829460144","0.6741148829460144","5240","5240","5240"
"237999","0.784719705581665","0.784719705581665","0.784719705581665","5241","5241","5241"
"238049","0.7415842413902283","0.7415842413902283","0.7415842413902283","5242","5242","5242"
"238099","0.8043270707130432","0.8043270707130432","0.8043270707130432","5243","5243","5243"
"238149","0.8095994591712952","0.8095994591712952","0.8095994591712952","5245","5245","5245"
"238199","0.908416211605072","0.908416211605072","0.908416211605072","5246","5246","5246"
"238249","0.7900606393814087","0.7900606393814087","0.7900606393814087","5247","5247","5247"
"238299","0.6879959106445312","0.6879959106445312","0.6879959106445312","5248","5248","5248"
"238349","1.0185023546218872","1.0185023546218872","1.0185023546218872","5249","5249","5249"
"238399","0.83004230260849","0.83004230260849","0.83004230260849","5250","5250","5250"
"238449","0.7708510756492615","0.7708510756492615","0.7708510756492615","5251","5251","5251"
"238499","0.8876940608024597","0.8876940608024597","0.8876940608024597","5252","5252","5252"
"238549","0.7852007150650024","0.7852007150650024","0.7852007150650024","5253","5253","5253"
"238599","0.8074061274528503","0.8074061274528503","0.8074061274528503","5254","5254","5254"
"238649","1.0207290649414062","1.0207290649414062","1.0207290649414062","5256","5256","5256"
"238699","0.6975975632667542","0.6975975632667542","0.6975975632667542","5257","5257","5257"
"238749","0.7698327898979187","0.7698327898979187","0.7698327898979187","5258","5258","5258"
"238799","0.7990118265151978","0.7990118265151978","0.7990118265151978","5259","5259","5259"
"238849","0.922252357006073","0.922252357006073","0.922252357006073","5260","5260","5260"
"238899","0.9535205364227295","0.9535205364227295","0.9535205364227295","5261","5261","5261"
"238949","0.7828887701034546","0.7828887701034546","0.7828887701034546","5262","5262","5262"
"238999","0.9312388896942139","0.9312388896942139","0.9312388896942139","5263","5263","5263"
"239049","0.8617353439331055","0.8617353439331055","0.8617353439331055","5264","5264","5264"
"239099","0.7913539409637451","0.7913539409637451","0.7913539409637451","5265","5265","5265"
"239149","0.8510774970054626","0.8510774970054626","0.8510774970054626","5267","5267","5267"
"239199","0.9308995604515076","0.9308995604515076","0.9308995604515076","5268","5268","5268"
"239249","0.7912731766700745","0.7912731766700745","0.7912731766700745","5269","5269","5269"
"239299","0.6894333958625793","0.6894333958625793","0.6894333958625793","5270","5270","5270"
"239349","0.8531907200813293","0.8531907200813293","0.8531907200813293","5271","5271","5271"
"239399","0.7496476173400879","0.7496476173400879","0.7496476173400879","5272","5272","5272"
"239449","0.8582633137702942","0.8582633137702942","0.8582633137702942","5273","5273","5273"
"239499","0.9233885407447815","0.9233885407447815","0.9233885407447815","5274","5274","5274"
"239549","0.7729960083961487","0.7729960083961487","0.7729960083961487","5275","5275","5275"
"239599","0.7910904288291931","0.7910904288291931","0.7910904288291931","5277","5277","5277"
"239649","0.7657617926597595","0.7657617926597595","0.7657617926597595","5278","5278","5278"
"239699","1.0264042615890503","1.0264042615890503","1.0264042615890503","5279","5279","5279"
"239749","0.8996062874794006","0.8996062874794006","0.8996062874794006","5280","5280","5280"
"239799","0.8311349153518677","0.8311349153518677","0.8311349153518677","5281","5281","5281"
"239849","0.8077840209007263","0.8077840209007263","0.8077840209007263","5282","5282","5282"
"239899","0.72784823179245","0.72784823179245","0.72784823179245","5283","5283","5283"
"239949","0.7259916067123413","0.7259916067123413","0.7259916067123413","5284","5284","5284"
"239999","0.8853362202644348","0.8853362202644348","0.8853362202644348","5285","5285","5285"
"240049","0.9005395174026489","0.9005395174026489","0.9005395174026489","5286","5286","5286"
"240099","0.7218852639198303","0.7218852639198303","0.7218852639198303","5288","5288","5288"
"240149","0.9987751841545105","0.9987751841545105","0.9987751841545105","5289","5289","5289"
"240199","0.7782477140426636","0.7782477140426636","0.7782477140426636","5290","5290","5290"
"240249","0.7568718791007996","0.7568718791007996","0.7568718791007996","5291","5291","5291"
"240299","0.9604252576828003","0.9604252576828003","0.9604252576828003","5292","5292","5292"
"240349","0.792280912399292","0.792280912399292","0.792280912399292","5293","5293","5293"
"240399","0.852188766002655","0.852188766002655","0.852188766002655","5294","5294","5294"
"240449","0.7698513269424438","0.7698513269424438","0.7698513269424438","5295","5295","5295"
"240499","0.7030444741249084","0.7030444741249084","0.7030444741249084","5296","5296","5296"
"240549","0.7028104066848755","0.7028104066848755","0.7028104066848755","5297","5297","5297"
"240599","0.9313805103302002","0.9313805103302002","0.9313805103302002","5299","5299","5299"
"240649","0.8799746036529541","0.8799746036529541","0.8799746036529541","5300","5300","5300"
"240699","0.8956053853034973","0.8956053853034973","0.8956053853034973","5301","5301","5301"
"240749","0.9036906361579895","0.9036906361579895","0.9036906361579895","5302","5302","5302"
"240799","0.8404707908630371","0.8404707908630371","0.8404707908630371","5303","5303","5303"
"240849","0.8122606873512268","0.8122606873512268","0.8122606873512268","5304","5304","5304"
"240899","0.7683967351913452","0.7683967351913452","0.7683967351913452","5305","5305","5305"
"240949","0.7797808051109314","0.7797808051109314","0.7797808051109314","5306","5306","5306"
"240999","0.9186094999313354","0.9186094999313354","0.9186094999313354","5307","5307","5307"
"241049","0.7973648905754089","0.7973648905754089","0.7973648905754089","5308","5308","5308"
"241099","0.9534841775894165","0.9534841775894165","0.9534841775894165","5310","5310","5310"
"241149","0.8971636295318604","0.8971636295318604","0.8971636295318604","5311","5311","5311"
"241199","0.7297283411026001","0.7297283411026001","0.7297283411026001","5312","5312","5312"
"241249","0.7990814447402954","0.7990814447402954","0.7990814447402954","5313","5313","5313"
"241299","0.8429510593414307","0.8429510593414307","0.8429510593414307","5314","5314","5314"
"241349","0.6954449415206909","0.6954449415206909","0.6954449415206909","5315","5315","5315"
"241399","0.8750838041305542","0.8750838041305542","0.8750838041305542","5316","5316","5316"
"241449","0.8042702674865723","0.8042702674865723","0.8042702674865723","5317","5317","5317"
"241499","0.9042024612426758","0.9042024612426758","0.9042024612426758","5318","5318","5318"
"241549","0.8330347537994385","0.8330347537994385","0.8330347537994385","5319","5319","5319"
"241599","0.8510911464691162","0.8510911464691162","0.8510911464691162","5321","5321","5321"
"241649","0.8571175932884216","0.8571175932884216","0.8571175932884216","5322","5322","5322"
"241699","0.6851135492324829","0.6851135492324829","0.6851135492324829","5323","5323","5323"
"241749","0.7769284844398499","0.7769284844398499","0.7769284844398499","5324","5324","5324"
"241799","0.7635884881019592","0.7635884881019592","0.7635884881019592","5325","5325","5325"
"241849","0.8706281185150146","0.8706281185150146","0.8706281185150146","5326","5326","5326"
"241899","0.813637912273407","0.813637912273407","0.813637912273407","5327","5327","5327"
"241949","0.9599761366844177","0.9599761366844177","0.9599761366844177","5328","5328","5328"
"241999","0.9280822277069092","0.9280822277069092","0.9280822277069092","5329","5329","5329"
"242049","0.8265264630317688","0.8265264630317688","0.8265264630317688","5330","5330","5330"
"242099","0.7260481119155884","0.7260481119155884","0.7260481119155884","5332","5332","5332"
"242149","0.734956681728363","0.734956681728363","0.734956681728363","5333","5333","5333"
"242199","0.8335334062576294","0.8335334062576294","0.8335334062576294","5334","5334","5334"
"242249","0.9045624136924744","0.9045624136924744","0.9045624136924744","5335","5335","5335"
"242299","0.7895368337631226","0.7895368337631226","0.7895368337631226","5336","5336","5336"
"242349","0.8067139983177185","0.8067139983177185","0.8067139983177185","5337","5337","5337"
"242399","0.7636644840240479","0.7636644840240479","0.7636644840240479","5338","5338","5338"
"242449","0.7806903719902039","0.7806903719902039","0.7806903719902039","5339","5339","5339"
"242499","0.6674054861068726","0.6674054861068726","0.6674054861068726","5340","5340","5340"
"242549","0.7483554482460022","0.7483554482460022","0.7483554482460022","5341","5341","5341"
"242599","0.8097273111343384","0.8097273111343384","0.8097273111343384","5343","5343","5343"
"242649","0.9670162796974182","0.9670162796974182","0.9670162796974182","5344","5344","5344"
"242699","0.8661680221557617","0.8661680221557617","0.8661680221557617","5345","5345","5345"
"242749","0.7241624593734741","0.7241624593734741","0.7241624593734741","5346","5346","5346"
"242799","0.8809164762496948","0.8809164762496948","0.8809164762496948","5347","5347","5347"
"242849","0.9378250241279602","0.9378250241279602","0.9378250241279602","5348","5348","5348"
"242899","0.8397966027259827","0.8397966027259827","0.8397966027259827","5349","5349","5349"
"242949","0.8381131887435913","0.8381131887435913","0.8381131887435913","5350","5350","5350"
"242999","0.9585503935813904","0.9585503935813904","0.9585503935813904","5351","5351","5351"
"243049","0.7863500714302063","0.7863500714302063","0.7863500714302063","5353","5353","5353"
"243099","0.7422317862510681","0.7422317862510681","0.7422317862510681","5354","5354","5354"
"243149","0.8128368258476257","0.8128368258476257","0.8128368258476257","5355","5355","5355"
"243199","0.9057208895683289","0.9057208895683289","0.9057208895683289","5356","5356","5356"
"243249","1.0424389839172363","1.0424389839172363","1.0424389839172363","5357","5357","5357"
"243299","0.9584581851959229","0.9584581851959229","0.9584581851959229","5358","5358","5358"
"243349","0.811951220035553","0.811951220035553","0.811951220035553","5359","5359","5359"
"243399","0.766398549079895","0.766398549079895","0.766398549079895","5360","5360","5360"
"243449","0.9366188645362854","0.9366188645362854","0.9366188645362854","5361","5361","5361"
"243499","0.6869507431983948","0.6869507431983948","0.6869507431983948","5362","5362","5362"
"243549","0.9264488220214844","0.9264488220214844","0.9264488220214844","5364","5364","5364"
"243599","0.6887540817260742","0.6887540817260742","0.6887540817260742","5365","5365","5365"
"243649","0.7979702949523926","0.7979702949523926","0.7979702949523926","5366","5366","5366"
"243699","0.780081033706665","0.780081033706665","0.780081033706665","5367","5367","5367"
"243749","0.8003726601600647","0.8003726601600647","0.8003726601600647","5368","5368","5368"
"243799","1.012465000152588","1.012465000152588","1.012465000152588","5369","5369","5369"
"243849","0.7861275672912598","0.7861275672912598","0.7861275672912598","5370","5370","5370"
"243899","0.9232800006866455","0.9232800006866455","0.9232800006866455","5371","5371","5371"
"243949","0.8989378213882446","0.8989378213882446","0.8989378213882446","5372","5372","5372"
"243999","0.702835738658905","0.702835738658905","0.702835738658905","5373","5373","5373"
"244049","0.9199921488761902","0.9199921488761902","0.9199921488761902","5375","5375","5375"
"244099","0.9823920130729675","0.9823920130729675","0.9823920130729675","5376","5376","5376"
"244149","1.0164813995361328","1.0164813995361328","1.0164813995361328","5377","5377","5377"
"244199","0.6261562705039978","0.6261562705039978","0.6261562705039978","5378","5378","5378"
"244249","0.8602131009101868","0.8602131009101868","0.8602131009101868","5379","5379","5379"
"244299","0.8124365210533142","0.8124365210533142","0.8124365210533142","5380","5380","5380"
"244349","0.9188961386680603","0.9188961386680603","0.9188961386680603","5381","5381","5381"
"244399","0.7778710126876831","0.7778710126876831","0.7778710126876831","5382","5382","5382"
"244449","0.7747149467468262","0.7747149467468262","0.7747149467468262","5383","5383","5383"
"244499","0.67386794090271","0.67386794090271","0.67386794090271","5384","5384","5384"
"244549","0.9097585082054138","0.9097585082054138","0.9097585082054138","5386","5386","5386"
"244599","0.794752299785614","0.794752299785614","0.794752299785614","5387","5387","5387"
"244649","0.83038330078125","0.83038330078125","0.83038330078125","5388","5388","5388"
"244699","0.8463343381881714","0.8463343381881714","0.8463343381881714","5389","5389","5389"
"244749","0.8107577562332153","0.8107577562332153","0.8107577562332153","5390","5390","5390"
"244799","0.8485314846038818","0.8485314846038818","0.8485314846038818","5391","5391","5391"
"244849","0.863371729850769","0.863371729850769","0.863371729850769","5392","5392","5392"
"244899","0.8544231653213501","0.8544231653213501","0.8544231653213501","5393","5393","5393"
"244949","0.8606235980987549","0.8606235980987549","0.8606235980987549","5394","5394","5394"
"244999","0.8125333189964294","0.8125333189964294","0.8125333189964294","5395","5395","5395"
"245049","0.8065294623374939","0.8065294623374939","0.8065294623374939","5397","5397","5397"
"245099","0.8233754634857178","0.8233754634857178","0.8233754634857178","5398","5398","5398"
"245149","0.8198742270469666","0.8198742270469666","0.8198742270469666","5399","5399","5399"
"245199","0.8927058577537537","0.8927058577537537","0.8927058577537537","5400","5400","5400"
"245249","0.799369752407074","0.799369752407074","0.799369752407074","5401","5401","5401"
"245299","0.6961019039154053","0.6961019039154053","0.6961019039154053","5402","5402","5402"
"245349","0.8433014750480652","0.8433014750480652","0.8433014750480652","5403","5403","5403"
"245399","0.8886568546295166","0.8886568546295166","0.8886568546295166","5404","5404","5404"
"245449","0.7218109965324402","0.7218109965324402","0.7218109965324402","5405","5405","5405"
"245499","0.9215012192726135","0.9215012192726135","0.9215012192726135","5406","5406","5406"
"245549","0.9002400636672974","0.9002400636672974","0.9002400636672974","5408","5408","5408"
"245599","0.9860314130783081","0.9860314130783081","0.9860314130783081","5409","5409","5409"
"245649","0.83405601978302","0.83405601978302","0.83405601978302","5410","5410","5410"
"245699","0.8404610753059387","0.8404610753059387","0.8404610753059387","5411","5411","5411"
"245749","0.9003247022628784","0.9003247022628784","0.9003247022628784","5412","5412","5412"
"245799","0.7526074051856995","0.7526074051856995","0.7526074051856995","5413","5413","5413"
"245849","0.7681059837341309","0.7681059837341309","0.7681059837341309","5414","5414","5414"
"245899","0.7678817510604858","0.7678817510604858","0.7678817510604858","5415","5415","5415"
"245949","0.8438732624053955","0.8438732624053955","0.8438732624053955","5416","5416","5416"
"245999","0.7969129681587219","0.7969129681587219","0.7969129681587219","5417","5417","5417"
"246049","0.8780452013015747","0.8780452013015747","0.8780452013015747","5419","5419","5419"
"246099","0.7214318513870239","0.7214318513870239","0.7214318513870239","5420","5420","5420"
"246149","0.840560257434845","0.840560257434845","0.840560257434845","5421","5421","5421"
"246199","0.8258739709854126","0.8258739709854126","0.8258739709854126","5422","5422","5422"
"246249","0.7466158270835876","0.7466158270835876","0.7466158270835876","5423","5423","5423"
"246299","0.8307787775993347","0.8307787775993347","0.8307787775993347","5424","5424","5424"
"246349","0.8845433592796326","0.8845433592796326","0.8845433592796326","5425","5425","5425"
"246399","0.8890047669410706","0.8890047669410706","0.8890047669410706","5426","5426","5426"
"246449","0.8403486013412476","0.8403486013412476","0.8403486013412476","5427","5427","5427"
"246499","0.9272478222846985","0.9272478222846985","0.9272478222846985","5428","5428","5428"